igr	n_isolates	prevalence	avg_len	is_core_igr
Cluster_19015	1231	1.0		True
Cluster_16481	1231	1.0		True
Cluster_12380	1231	1.0		True
Cluster_23181	1231	1.0		True
Cluster_14598	1231	1.0		True
Cluster_15267	1231	1.0		True
Cluster_24780	1231	1.0		True
Cluster_19044	1231	1.0		True
Cluster_17760	1231	1.0		True
Cluster_15761	1231	1.0		True
Cluster_24085	1231	1.0		True
Cluster_25874	1231	1.0		True
Cluster_12343	1231	1.0		True
Cluster_21632	1231	1.0		True
Cluster_19375	1231	1.0		True
Cluster_18627	1231	1.0		True
Cluster_7685	1231	1.0		True
Cluster_13598	1231	1.0		True
Cluster_23153	1231	1.0		True
Cluster_21809	1231	1.0		True
Cluster_15890	1231	1.0		True
Cluster_24515	1231	1.0		True
Cluster_21864	1231	1.0		True
Cluster_15328	1231	1.0		True
Cluster_25929	1231	1.0		True
Cluster_19466	1231	1.0		True
Cluster_25934	1231	1.0		True
Cluster_14664	1231	1.0		True
Cluster_15037	1231	1.0		True
Cluster_20136	1231	1.0		True
Cluster_23054	1231	1.0		True
Cluster_17281	1231	1.0		True
Cluster_24763	1231	1.0		True
Cluster_11134	1231	1.0		True
Cluster_16315	1231	1.0		True
Cluster_12913	1231	1.0		True
Cluster_21366	1231	1.0		True
Cluster_23412	1231	1.0		True
Cluster_6952	1231	1.0		True
Cluster_17752	1231	1.0		True
Cluster_20456	1231	1.0		True
Cluster_21747	1231	1.0		True
Cluster_20446	1231	1.0		True
Cluster_17458	1231	1.0		True
Cluster_10702	1231	1.0		True
Cluster_19791	1231	1.0		True
Cluster_17194	1231	1.0		True
Cluster_19071	1231	1.0		True
Cluster_25329	1231	1.0		True
Cluster_18255	1231	1.0		True
Cluster_18262	1231	1.0		True
Cluster_22735	1231	1.0		True
Cluster_17368	1231	1.0		True
Cluster_19129	1231	1.0		True
Cluster_16432	1231	1.0		True
Cluster_6579	1231	1.0		True
Cluster_17831	1231	1.0		True
Cluster_24016	1231	1.0		True
Cluster_8992	1230	0.9992		True
Cluster_15662	1230	0.9992		True
Cluster_15826	1230	0.9992		True
Cluster_17348	1230	0.9992		True
Cluster_17873	1230	0.9992		True
Cluster_24434	1230	0.9992		True
Cluster_21171	1230	0.9992		True
Cluster_23127	1230	0.9992		True
Cluster_18278	1230	0.9992		True
Cluster_20392	1230	0.9992		True
Cluster_16953	1230	0.9992		True
Cluster_16127	1230	0.9992		True
Cluster_14844	1230	0.9992		True
Cluster_10730	1230	0.9992		True
Cluster_13801	1230	0.9992		True
Cluster_25330	1230	0.9992		True
Cluster_9801	1230	0.9992		True
Cluster_11767	1230	0.9992		True
Cluster_19214	1230	0.9992		True
Cluster_15502	1230	0.9992		True
Cluster_22584	1230	0.9992		True
Cluster_10918	1230	0.9992		True
Cluster_23097	1230	0.9992		True
Cluster_17929	1230	0.9992		True
Cluster_25116	1230	0.9992		True
Cluster_18700	1230	0.9992		True
Cluster_8241	1230	0.9992		True
Cluster_19151	1230	0.9992		True
Cluster_24179	1230	0.9992		True
Cluster_6655	1230	0.9992		True
Cluster_14859	1230	0.9992		True
Cluster_17619	1230	0.9992		True
Cluster_22818	1230	0.9992		True
Cluster_22023	1230	0.9992		True
Cluster_19530	1230	0.9992		True
Cluster_18145	1230	0.9992		True
Cluster_18084	1230	0.9992		True
Cluster_25933	1230	0.9992		True
Cluster_19785	1230	0.9992		True
Cluster_15579	1230	0.9992		True
Cluster_17041	1230	0.9992		True
Cluster_12511	1230	0.9992		True
Cluster_25397	1230	0.9992		True
Cluster_19039	1230	0.9992		True
Cluster_12131	1230	0.9992		True
Cluster_13719	1230	0.9992		True
Cluster_23891	1230	0.9992		True
Cluster_22906	1230	0.9992		True
Cluster_7794	1230	0.9992		True
Cluster_21059	1230	0.9992		True
Cluster_9631	1230	0.9992		True
Cluster_15444	1230	0.9992		True
Cluster_17688	1230	0.9992		True
Cluster_21420	1230	0.9992		True
Cluster_15454	1230	0.9992		True
Cluster_15606	1230	0.9992		True
Cluster_17109	1230	0.9992		True
Cluster_15499	1230	0.9992		True
Cluster_19659	1230	0.9992		True
Cluster_17869	1230	0.9992		True
Cluster_22819	1230	0.9992		True
Cluster_14224	1230	0.9992		True
Cluster_17255	1230	0.9992		True
Cluster_23302	1230	0.9992		True
Cluster_8628	1230	0.9992		True
Cluster_13940	1230	0.9992		True
Cluster_9168	1230	0.9992		True
Cluster_16388	1230	0.9992		True
Cluster_21413	1230	0.9992		True
Cluster_18586	1230	0.9992		True
Cluster_19601	1230	0.9992		True
Cluster_24345	1230	0.9992		True
Cluster_20078	1230	0.9992		True
Cluster_24822	1230	0.9992		True
Cluster_19929	1230	0.9992		True
Cluster_15235	1230	0.9992		True
Cluster_22908	1230	0.9992		True
Cluster_6197	1230	0.9992		True
Cluster_21136	1230	0.9992		True
Cluster_9561	1230	0.9992		True
Cluster_11568	1230	0.9992		True
Cluster_17120	1230	0.9992		True
Cluster_17187	1230	0.9992		True
Cluster_16905	1230	0.9992		True
Cluster_24569	1230	0.9992		True
Cluster_22022	1230	0.9992		True
Cluster_20517	1230	0.9992		True
Cluster_16090	1230	0.9992		True
Cluster_8864	1230	0.9992		True
Cluster_18325	1230	0.9992		True
Cluster_14277	1230	0.9992		True
Cluster_22266	1230	0.9992		True
Cluster_17812	1230	0.9992		True
Cluster_16864	1230	0.9992		True
Cluster_22745	1230	0.9992		True
Cluster_12560	1230	0.9992		True
Cluster_15540	1230	0.9992		True
Cluster_18141	1230	0.9992		True
Cluster_25548	1230	0.9992		True
Cluster_25932	1230	0.9992		True
Cluster_17841	1230	0.9992		True
Cluster_14806	1230	0.9992		True
Cluster_8073	1229	0.9984		True
Cluster_14310	1229	0.9984		True
Cluster_18457	1229	0.9984		True
Cluster_17515	1229	0.9984		True
Cluster_16834	1229	0.9984		True
Cluster_19804	1229	0.9984		True
Cluster_19778	1229	0.9984		True
Cluster_14481	1229	0.9984		True
Cluster_25945	1229	0.9984		True
Cluster_12465	1229	0.9984		True
Cluster_19532	1229	0.9984		True
Cluster_21748	1229	0.9984		True
Cluster_26031	1229	0.9984		True
Cluster_15508	1229	0.9984		True
Cluster_15289	1229	0.9984		True
Cluster_23561	1229	0.9984		True
Cluster_19224	1229	0.9984		True
Cluster_20685	1229	0.9984		True
Cluster_15902	1229	0.9984		True
Cluster_18085	1229	0.9984		True
Cluster_13500	1229	0.9984		True
Cluster_16155	1229	0.9984		True
Cluster_13856	1229	0.9984		True
Cluster_11799	1229	0.9984		True
Cluster_25708	1229	0.9984		True
Cluster_23154	1229	0.9984		True
Cluster_20541	1229	0.9984		True
Cluster_20138	1229	0.9984		True
Cluster_8434	1229	0.9984		True
Cluster_13427	1229	0.9984		True
Cluster_16232	1229	0.9984		True
Cluster_6485	1229	0.9984		True
Cluster_9917	1229	0.9984		True
Cluster_14923	1229	0.9984		True
Cluster_19359	1229	0.9984		True
Cluster_18439	1229	0.9984		True
Cluster_16980	1229	0.9984		True
Cluster_17975	1229	0.9984		True
Cluster_24038	1229	0.9984		True
Cluster_17514	1229	0.9984		True
Cluster_22658	1229	0.9984		True
Cluster_24516	1229	0.9984		True
Cluster_14501	1229	0.9984		True
Cluster_18844	1229	0.9984		True
Cluster_24295	1229	0.9984		True
Cluster_18295	1229	0.9984		True
Cluster_17513	1229	0.9984		True
Cluster_22317	1229	0.9984		True
Cluster_16568	1229	0.9984		True
Cluster_10374	1229	0.9984		True
Cluster_11939	1229	0.9984		True
Cluster_19600	1229	0.9984		True
Cluster_20953	1229	0.9984		True
Cluster_19577	1229	0.9984		True
Cluster_18506	1229	0.9984		True
Cluster_21289	1229	0.9984		True
Cluster_18906	1229	0.9984		True
Cluster_11756	1229	0.9984		True
Cluster_18323	1229	0.9984		True
Cluster_6549	1229	0.9984		True
Cluster_20065	1229	0.9984		True
Cluster_25770	1229	0.9984		True
Cluster_19557	1229	0.9984		True
Cluster_7972	1229	0.9984		True
Cluster_17236	1229	0.9984		True
Cluster_21058	1229	0.9984		True
Cluster_20502	1229	0.9984		True
Cluster_14584	1229	0.9984		True
Cluster_16893	1229	0.9984		True
Cluster_18451	1229	0.9984		True
Cluster_16610	1229	0.9984		True
Cluster_3318	1229	0.9984		True
Cluster_20137	1229	0.9984		True
Cluster_14226	1229	0.9984		True
Cluster_10934	1229	0.9984		True
Cluster_23889	1229	0.9984		True
Cluster_16906	1229	0.9984		True
Cluster_16117	1228	0.9976		True
Cluster_5693	1228	0.9976		True
Cluster_16156	1228	0.9976		True
Cluster_7482	1228	0.9976		True
Cluster_18086	1228	0.9976		True
Cluster_22227	1228	0.9976		True
Cluster_15516	1228	0.9976		True
Cluster_13701	1228	0.9976		True
Cluster_5594	1228	0.9976		True
Cluster_11452	1228	0.9976		True
Cluster_16176	1228	0.9976		True
Cluster_10541	1228	0.9976		True
Cluster_22822	1228	0.9976		True
Cluster_21930	1228	0.9976		True
Cluster_7695	1228	0.9976		True
Cluster_24774	1228	0.9976		True
Cluster_6864	1228	0.9976		True
Cluster_18502	1228	0.9976		True
Cluster_15900	1228	0.9976		True
Cluster_25435	1228	0.9976		True
Cluster_9157	1228	0.9976		True
Cluster_21483	1228	0.9976		True
Cluster_21683	1228	0.9976		True
Cluster_18655	1228	0.9976		True
Cluster_17807	1228	0.9976		True
Cluster_12192	1228	0.9976		True
Cluster_23838	1228	0.9976		True
Cluster_9430	1228	0.9976		True
Cluster_19777	1228	0.9976		True
Cluster_13867	1228	0.9976		True
Cluster_18967	1228	0.9976		True
Cluster_9863	1228	0.9976		True
Cluster_19627	1228	0.9976		True
Cluster_18045	1228	0.9976		True
Cluster_25906	1228	0.9976		True
Cluster_8278	1228	0.9976		True
Cluster_21681	1228	0.9976		True
Cluster_26027	1228	0.9976		True
Cluster_20007	1228	0.9976		True
Cluster_9784	1228	0.9976		True
Cluster_10575	1228	0.9976		True
Cluster_738	1228	0.9976		True
Cluster_25931	1228	0.9976		True
Cluster_19222	1228	0.9976		True
Cluster_23357	1228	0.9976		True
Cluster_15603	1228	0.9976		True
Cluster_20364	1228	0.9976		True
Cluster_16487	1228	0.9976		True
Cluster_11384	1228	0.9976		True
Cluster_16497	1228	0.9976		True
Cluster_19341	1228	0.9976		True
Cluster_7819	1228	0.9976		True
Cluster_25710	1228	0.9976		True
Cluster_23851	1228	0.9976		True
Cluster_8712	1228	0.9976		True
Cluster_20269	1228	0.9976		True
Cluster_26029	1228	0.9976		True
Cluster_8053	1227	0.9968		True
Cluster_23833	1227	0.9968		True
Cluster_9017	1227	0.9968		True
Cluster_13501	1227	0.9968		True
Cluster_22907	1227	0.9968		True
Cluster_19037	1227	0.9968		True
Cluster_13746	1227	0.9968		True
Cluster_18083	1227	0.9968		True
Cluster_18459	1227	0.9968		True
Cluster_12268	1227	0.9968		True
Cluster_18445	1227	0.9968		True
Cluster_12057	1227	0.9968		True
Cluster_6836	1227	0.9968		True
Cluster_22909	1227	0.9968		True
Cluster_12217	1227	0.9968		True
Cluster_7661	1227	0.9968		True
Cluster_15653	1227	0.9968		True
Cluster_16050	1227	0.9968		True
Cluster_15447	1227	0.9968		True
Cluster_11171	1227	0.9968		True
Cluster_21484	1227	0.9968		True
Cluster_19725	1227	0.9968		True
Cluster_17326	1227	0.9968		True
Cluster_2052	1227	0.9968		True
Cluster_15942	1227	0.9968		True
Cluster_24314	1227	0.9968		True
Cluster_9553	1227	0.9968		True
Cluster_12976	1227	0.9968		True
Cluster_17088	1227	0.9968		True
Cluster_14769	1227	0.9968		True
Cluster_18595	1227	0.9968		True
Cluster_17958	1227	0.9968		True
Cluster_17521	1227	0.9968		True
Cluster_11272	1227	0.9968		True
Cluster_25234	1227	0.9968		True
Cluster_12575	1227	0.9968		True
Cluster_14828	1227	0.9968		True
Cluster_23056	1227	0.9968		True
Cluster_13704	1227	0.9968		True
Cluster_22188	1227	0.9968		True
Cluster_19402	1227	0.9968		True
Cluster_26026	1227	0.9968		True
Cluster_9924	1227	0.9968		True
Cluster_13758	1227	0.9968		True
Cluster_18096	1226	0.9959		True
Cluster_21810	1226	0.9959		True
Cluster_14479	1226	0.9959		True
Cluster_11000	1226	0.9959		True
Cluster_24086	1226	0.9959		True
Cluster_10261	1226	0.9959		True
Cluster_6079	1226	0.9959		True
Cluster_7481	1226	0.9959		True
Cluster_18637	1226	0.9959		True
Cluster_19948	1226	0.9959		True
Cluster_12049	1226	0.9959		True
Cluster_17228	1226	0.9959		True
Cluster_20171	1226	0.9959		True
Cluster_24823	1226	0.9959		True
Cluster_15856	1226	0.9959		True
Cluster_9402	1226	0.9959		True
Cluster_2198	1226	0.9959		True
Cluster_23935	1226	0.9959		True
Cluster_11707	1226	0.9959		True
Cluster_25709	1226	0.9959		True
Cluster_11824	1226	0.9959		True
Cluster_14538	1226	0.9959		True
Cluster_22065	1226	0.9959		True
Cluster_15689	1226	0.9959		True
Cluster_23663	1226	0.9959		True
Cluster_11221	1226	0.9959		True
Cluster_19311	1226	0.9959		True
Cluster_17558	1226	0.9959		True
Cluster_17128	1226	0.9959		True
Cluster_23410	1226	0.9959		True
Cluster_14260	1226	0.9959		True
Cluster_12675	1226	0.9959		True
Cluster_19067	1226	0.9959		True
Cluster_14522	1226	0.9959		True
Cluster_13130	1226	0.9959		True
Cluster_15438	1226	0.9959		True
Cluster_24938	1226	0.9959		True
Cluster_20006	1226	0.9959		True
Cluster_16589	1226	0.9959		True
Cluster_13811	1226	0.9959		True
Cluster_14124	1225	0.9951		True
Cluster_6216	1225	0.9951		True
Cluster_6647	1225	0.9951		True
Cluster_3413	1225	0.9951		True
Cluster_22965	1225	0.9951		True
Cluster_21858	1225	0.9951		True
Cluster_21558	1225	0.9951		True
Cluster_11317	1225	0.9951		True
Cluster_17854	1225	0.9951		True
Cluster_14342	1225	0.9951		True
Cluster_17139	1225	0.9951		True
Cluster_9796	1225	0.9951		True
Cluster_14051	1225	0.9951		True
Cluster_3276	1225	0.9951		True
Cluster_6382	1225	0.9951		True
Cluster_25547	1225	0.9951		True
Cluster_13519	1225	0.9951		True
Cluster_12742	1225	0.9951		True
Cluster_24937	1225	0.9951		True
Cluster_19365	1225	0.9951		True
Cluster_20393	1225	0.9951		True
Cluster_16671	1225	0.9951		True
Cluster_7111	1225	0.9951		True
Cluster_21241	1225	0.9951		True
Cluster_10677	1225	0.9951		True
Cluster_13487	1225	0.9951		True
Cluster_18335	1225	0.9951		True
Cluster_10330	1225	0.9951		True
Cluster_20459	1225	0.9951		True
Cluster_21929	1225	0.9951		True
Cluster_16171	1225	0.9951		True
Cluster_2054	1225	0.9951		True
Cluster_18872	1225	0.9951		True
Cluster_2305	1225	0.9951		True
Cluster_16795	1225	0.9951		True
Cluster_18695	1225	0.9951		True
Cluster_17298	1225	0.9951		True
Cluster_8541	1225	0.9951		True
Cluster_23229	1225	0.9951		True
Cluster_17478	1225	0.9951		True
Cluster_6144	1225	0.9951		True
Cluster_10021	1225	0.9951		True
Cluster_18838	1225	0.9951		True
Cluster_12744	1225	0.9951		True
Cluster_19073	1224	0.9943		True
Cluster_18701	1224	0.9943		True
Cluster_22978	1224	0.9943		True
Cluster_13608	1224	0.9943		True
Cluster_19658	1224	0.9943		True
Cluster_10074	1224	0.9943		True
Cluster_24613	1224	0.9943		True
Cluster_8327	1224	0.9943		True
Cluster_13384	1224	0.9943		True
Cluster_11279	1224	0.9943		True
Cluster_25681	1224	0.9943		True
Cluster_11893	1224	0.9943		True
Cluster_16664	1224	0.9943		True
Cluster_11517	1224	0.9943		True
Cluster_15710	1224	0.9943		True
Cluster_10936	1224	0.9943		True
Cluster_19032	1224	0.9943		True
Cluster_17696	1224	0.9943		True
Cluster_11516	1224	0.9943		True
Cluster_16770	1224	0.9943		True
Cluster_19745	1224	0.9943		True
Cluster_12446	1224	0.9943		True
Cluster_5183	1224	0.9943		True
Cluster_22322	1224	0.9943		True
Cluster_22657	1224	0.9943		True
Cluster_25398	1224	0.9943		True
Cluster_15830	1224	0.9943		True
Cluster_23304	1223	0.9935		True
Cluster_19670	1223	0.9935		True
Cluster_23303	1223	0.9935		True
Cluster_7515	1223	0.9935		True
Cluster_13367	1223	0.9935		True
Cluster_14898	1223	0.9935		True
Cluster_9092	1223	0.9935		True
Cluster_9955	1223	0.9935		True
Cluster_10672	1223	0.9935		True
Cluster_8388	1223	0.9935		True
Cluster_25839	1223	0.9935		True
Cluster_12569	1223	0.9935		True
Cluster_19870	1223	0.9935		True
Cluster_23297	1223	0.9935		True
Cluster_21132	1223	0.9935		True
Cluster_21230	1223	0.9935		True
Cluster_15315	1223	0.9935		True
Cluster_6431	1223	0.9935		True
Cluster_12800	1223	0.9935		True
Cluster_17300	1223	0.9935		True
Cluster_17687	1223	0.9935		True
Cluster_8320	1223	0.9935		True
Cluster_16863	1223	0.9935		True
Cluster_9778	1222	0.9927		True
Cluster_14038	1222	0.9927		True
Cluster_9181	1222	0.9927		True
Cluster_10298	1222	0.9927		True
Cluster_23230	1222	0.9927		True
Cluster_6528	1222	0.9927		True
Cluster_25399	1222	0.9927		True
Cluster_15523	1222	0.9927		True
Cluster_11865	1222	0.9927		True
Cluster_22785	1222	0.9927		True
Cluster_19621	1222	0.9927		True
Cluster_6584	1222	0.9927		True
Cluster_11978	1222	0.9927		True
Cluster_17759	1222	0.9927		True
Cluster_18324	1222	0.9927		True
Cluster_8931	1222	0.9927		True
Cluster_13585	1222	0.9927		True
Cluster_13751	1222	0.9927		True
Cluster_19529	1222	0.9927		True
Cluster_18966	1222	0.9927		True
Cluster_8060	1222	0.9927		True
Cluster_12206	1222	0.9927		True
Cluster_23411	1222	0.9927		True
Cluster_11659	1222	0.9927		True
Cluster_19028	1222	0.9927		True
Cluster_10401	1222	0.9927		True
Cluster_9923	1222	0.9927		True
Cluster_7613	1221	0.9919		True
Cluster_15533	1221	0.9919		True
Cluster_6279	1221	0.9919		True
Cluster_18143	1221	0.9919		True
Cluster_14414	1221	0.9919		True
Cluster_21060	1221	0.9919		True
Cluster_16482	1221	0.9919		True
Cluster_15924	1221	0.9919		True
Cluster_12316	1221	0.9919		True
Cluster_16629	1221	0.9919		True
Cluster_14701	1221	0.9919		True
Cluster_13062	1221	0.9919		True
Cluster_18985	1221	0.9919		True
Cluster_16150	1221	0.9919		True
Cluster_16912	1221	0.9919		True
Cluster_23121	1221	0.9919		True
Cluster_9078	1221	0.9919		True
Cluster_11065	1221	0.9919		True
Cluster_11915	1221	0.9919		True
Cluster_24047	1221	0.9919		True
Cluster_13063	1220	0.9911		True
Cluster_17181	1220	0.9911		True
Cluster_23384	1220	0.9911		True
Cluster_8640	1220	0.9911		True
Cluster_9015	1220	0.9911		True
Cluster_20403	1220	0.9911		True
Cluster_5614	1220	0.9911		True
Cluster_12711	1220	0.9911		True
Cluster_8735	1220	0.9911		True
Cluster_21056	1220	0.9911		True
Cluster_14858	1220	0.9911		True
Cluster_13000	1220	0.9911		True
Cluster_7605	1220	0.9911		True
Cluster_4865	1220	0.9911		True
Cluster_18997	1220	0.9911		True
Cluster_3908	1220	0.9911		True
Cluster_18778	1220	0.9911		True
Cluster_12365	1220	0.9911		True
Cluster_13025	1220	0.9911		True
Cluster_6236	1220	0.9911		True
Cluster_19784	1219	0.9903		True
Cluster_11620	1219	0.9903		True
Cluster_10603	1219	0.9903		True
Cluster_5381	1219	0.9903		True
Cluster_6393	1219	0.9903		True
Cluster_11940	1219	0.9903		True
Cluster_12566	1219	0.9903		True
Cluster_18925	1219	0.9903		True
Cluster_23660	1219	0.9903		True
Cluster_9837	1219	0.9903		True
Cluster_24435	1219	0.9903		True
Cluster_21678	1219	0.9903		True
Cluster_25840	1219	0.9903		True
Cluster_22021	1219	0.9903		True
Cluster_11009	1219	0.9903		True
Cluster_21557	1219	0.9903		True
Cluster_19074	1218	0.9894		True
Cluster_13161	1218	0.9894		True
Cluster_18644	1218	0.9894		True
Cluster_7785	1218	0.9894		True
Cluster_13065	1218	0.9894		True
Cluster_14315	1218	0.9894		True
Cluster_4862	1218	0.9894		True
Cluster_6075	1218	0.9894		True
Cluster_14225	1218	0.9894		True
Cluster_10967	1217	0.9886		True
Cluster_16159	1217	0.9886		True
Cluster_12452	1217	0.9886		True
Cluster_16093	1217	0.9886		True
Cluster_19699	1217	0.9886		True
Cluster_17955	1217	0.9886		True
Cluster_11105	1217	0.9886		True
Cluster_20273	1217	0.9886		True
Cluster_25114	1217	0.9886		True
Cluster_9410	1217	0.9886		True
Cluster_16721	1217	0.9886		True
Cluster_8395	1217	0.9886		True
Cluster_20577	1217	0.9886		True
Cluster_18604	1217	0.9886		True
Cluster_26025	1217	0.9886		True
Cluster_14563	1217	0.9886		True
Cluster_11155	1217	0.9886		True
Cluster_12665	1216	0.9878		True
Cluster_8803	1216	0.9878		True
Cluster_13825	1216	0.9878		True
Cluster_11858	1216	0.9878		True
Cluster_5413	1216	0.9878		True
Cluster_1608	1216	0.9878		True
Cluster_8544	1216	0.9878		True
Cluster_16200	1216	0.9878		True
Cluster_22544	1216	0.9878		True
Cluster_12221	1216	0.9878		True
Cluster_14163	1216	0.9878		True
Cluster_20330	1216	0.9878		True
Cluster_7403	1216	0.9878		True
Cluster_19284	1216	0.9878		True
Cluster_14068	1216	0.9878		True
Cluster_23988	1215	0.987		True
Cluster_8860	1215	0.987		True
Cluster_8498	1215	0.987		True
Cluster_15920	1215	0.987		True
Cluster_8098	1215	0.987		True
Cluster_20515	1215	0.987		True
Cluster_15912	1215	0.987		True
Cluster_21504	1214	0.9862		True
Cluster_16808	1214	0.9862		True
Cluster_8727	1214	0.9862		True
Cluster_14116	1214	0.9862		True
Cluster_5170	1214	0.9862		True
Cluster_20688	1214	0.9862		True
Cluster_14805	1214	0.9862		True
Cluster_14036	1214	0.9862		True
Cluster_21752	1213	0.9854		True
Cluster_21586	1213	0.9854		True
Cluster_14924	1213	0.9854		True
Cluster_9618	1213	0.9854		True
Cluster_20490	1213	0.9854		True
Cluster_23152	1213	0.9854		True
Cluster_7179	1212	0.9846		True
Cluster_13449	1212	0.9846		True
Cluster_7315	1212	0.9846		True
Cluster_15192	1212	0.9846		True
Cluster_19075	1212	0.9846		True
Cluster_17227	1212	0.9846		True
Cluster_4529	1212	0.9846		True
Cluster_4371	1212	0.9846		True
Cluster_14372	1211	0.9838		True
Cluster_23020	1211	0.9838		True
Cluster_8648	1211	0.9838		True
Cluster_8009	1211	0.9838		True
Cluster_20077	1211	0.9838		True
Cluster_7385	1211	0.9838		True
Cluster_13042	1211	0.9838		True
Cluster_11477	1211	0.9838		True
Cluster_25842	1211	0.9838		True
Cluster_13280	1211	0.9838		True
Cluster_4668	1210	0.9829		True
Cluster_17624	1210	0.9829		True
Cluster_2140	1210	0.9829		True
Cluster_15119	1210	0.9829		True
Cluster_10893	1210	0.9829		True
Cluster_15047	1210	0.9829		True
Cluster_25841	1210	0.9829		True
Cluster_4205	1210	0.9829		True
Cluster_8958	1210	0.9829		True
Cluster_6563	1209	0.9821		True
Cluster_18936	1209	0.9821		True
Cluster_12883	1209	0.9821		True
Cluster_22502	1209	0.9821		True
Cluster_17104	1209	0.9821		True
Cluster_13409	1209	0.9821		True
Cluster_17736	1208	0.9813		True
Cluster_14722	1208	0.9813		True
Cluster_16812	1208	0.9813		True
Cluster_11083	1208	0.9813		True
Cluster_9005	1208	0.9813		True
Cluster_25640	1208	0.9813		True
Cluster_23934	1207	0.9805		True
Cluster_8523	1207	0.9805		True
Cluster_11213	1207	0.9805		True
Cluster_6380	1207	0.9805		True
Cluster_23832	1207	0.9805		True
Cluster_15707	1207	0.9805		True
Cluster_21760	1207	0.9805		True
Cluster_12614	1207	0.9805		True
Cluster_17215	1207	0.9805		True
Cluster_5913	1207	0.9805		True
Cluster_12543	1207	0.9805		True
Cluster_22781	1207	0.9805		True
Cluster_7579	1207	0.9805		True
Cluster_20576	1207	0.9805		True
Cluster_15068	1207	0.9805		True
Cluster_12585	1206	0.9797		True
Cluster_12920	1206	0.9797		True
Cluster_16283	1206	0.9797		True
Cluster_16246	1206	0.9797		True
Cluster_13001	1206	0.9797		True
Cluster_12791	1206	0.9797		True
Cluster_10643	1206	0.9797		True
Cluster_7238	1206	0.9797		True
Cluster_12824	1206	0.9797		True
Cluster_7876	1206	0.9797		True
Cluster_11190	1206	0.9797		True
Cluster_7383	1205	0.9789		True
Cluster_3940	1205	0.9789		True
Cluster_6409	1205	0.9789		True
Cluster_25738	1205	0.9789		True
Cluster_22742	1204	0.9781		True
Cluster_19262	1204	0.9781		True
Cluster_5847	1204	0.9781		True
Cluster_18839	1204	0.9781		True
Cluster_26032	1204	0.9781		True
Cluster_6240	1204	0.9781		True
Cluster_11793	1204	0.9781		True
Cluster_8233	1204	0.9781		True
Cluster_15584	1204	0.9781		True
Cluster_17828	1204	0.9781		True
Cluster_7120	1204	0.9781		True
Cluster_10117	1204	0.9781		True
Cluster_15743	1203	0.9773		True
Cluster_15032	1203	0.9773		True
Cluster_24824	1203	0.9773		True
Cluster_20329	1203	0.9773		True
Cluster_2564	1203	0.9773		True
Cluster_13307	1203	0.9773		True
Cluster_15704	1203	0.9773		True
Cluster_10134	1203	0.9773		True
Cluster_13531	1203	0.9773		True
Cluster_22777	1203	0.9773		True
Cluster_12915	1203	0.9773		True
Cluster_25331	1202	0.9764		True
Cluster_18328	1202	0.9764		True
Cluster_21432	1202	0.9764		True
Cluster_13847	1202	0.9764		True
Cluster_12398	1202	0.9764		True
Cluster_21812	1202	0.9764		True
Cluster_19995	1202	0.9764		True
Cluster_22744	1202	0.9764		True
Cluster_20726	1202	0.9764		True
Cluster_8178	1202	0.9764		True
Cluster_24344	1202	0.9764		True
Cluster_23055	1202	0.9764		True
Cluster_12038	1202	0.9764		True
Cluster_8933	1202	0.9764		True
Cluster_18398	1202	0.9764		True
Cluster_18968	1201	0.9756		True
Cluster_21422	1201	0.9756		True
Cluster_21811	1201	0.9756		True
Cluster_22707	1201	0.9756		True
Cluster_16724	1201	0.9756		True
Cluster_17755	1201	0.9756		True
Cluster_12315	1201	0.9756		True
Cluster_4362	1201	0.9756		True
Cluster_3307	1201	0.9756		True
Cluster_3576	1201	0.9756		True
Cluster_16494	1201	0.9756		True
Cluster_6908	1201	0.9756		True
Cluster_6983	1201	0.9756		True
Cluster_4541	1201	0.9756		True
Cluster_10079	1200	0.9748		True
Cluster_7394	1200	0.9748		True
Cluster_8215	1200	0.9748		True
Cluster_6399	1200	0.9748		True
Cluster_9409	1200	0.9748		True
Cluster_14772	1200	0.9748		True
Cluster_11660	1200	0.9748		True
Cluster_16620	1200	0.9748		True
Cluster_13765	1200	0.9748		True
Cluster_14830	1200	0.9748		True
Cluster_9637	1199	0.974		True
Cluster_12850	1199	0.974		True
Cluster_35	1199	0.974		True
Cluster_12497	1199	0.974		True
Cluster_5793	1199	0.974		True
Cluster_10894	1199	0.974		True
Cluster_4081	1199	0.974		True
Cluster_10708	1199	0.974		True
Cluster_13566	1199	0.974		True
Cluster_13752	1199	0.974		True
Cluster_17805	1199	0.974		True
Cluster_20223	1198	0.9732		True
Cluster_22994	1198	0.9732		True
Cluster_17633	1197	0.9724		True
Cluster_11141	1197	0.9724		True
Cluster_18847	1197	0.9724		True
Cluster_14416	1197	0.9724		True
Cluster_9828	1197	0.9724		True
Cluster_11555	1197	0.9724		True
Cluster_15510	1197	0.9724		True
Cluster_19030	1197	0.9724		True
Cluster_13696	1197	0.9724		True
Cluster_1823	1197	0.9724		True
Cluster_7067	1197	0.9724		True
Cluster_23560	1196	0.9716		True
Cluster_8399	1196	0.9716		True
Cluster_14814	1196	0.9716		True
Cluster_9947	1196	0.9716		True
Cluster_15976	1196	0.9716		True
Cluster_20516	1196	0.9716		True
Cluster_8134	1196	0.9716		True
Cluster_8671	1196	0.9716		True
Cluster_18503	1196	0.9716		True
Cluster_22817	1196	0.9716		True
Cluster_9645	1196	0.9716		True
Cluster_8363	1196	0.9716		True
Cluster_11588	1196	0.9716		True
Cluster_12632	1195	0.9708		True
Cluster_4213	1195	0.9708		True
Cluster_15115	1195	0.9708		True
Cluster_5389	1195	0.9708		True
Cluster_21559	1195	0.9708		True
Cluster_12747	1195	0.9708		True
Cluster_20840	1194	0.9699		True
Cluster_13799	1194	0.9699		True
Cluster_11629	1194	0.9699		True
Cluster_5197	1194	0.9699		True
Cluster_14719	1193	0.9691		True
Cluster_25639	1193	0.9691		True
Cluster_15932	1193	0.9691		True
Cluster_13903	1193	0.9691		True
Cluster_21633	1193	0.9691		True
Cluster_15282	1193	0.9691		True
Cluster_14311	1192	0.9683		True
Cluster_24065	1192	0.9683		True
Cluster_10078	1192	0.9683		True
Cluster_15004	1191	0.9675		True
Cluster_8559	1191	0.9675		True
Cluster_4950	1191	0.9675		True
Cluster_11953	1191	0.9675		True
Cluster_7840	1191	0.9675		True
Cluster_6993	1191	0.9675		True
Cluster_6377	1190	0.9667		True
Cluster_7058	1190	0.9667		True
Cluster_5828	1190	0.9667		True
Cluster_7573	1190	0.9667		True
Cluster_11887	1190	0.9667		True
Cluster_11510	1190	0.9667		True
Cluster_24288	1190	0.9667		True
Cluster_21724	1190	0.9667		True
Cluster_12346	1189	0.9659		True
Cluster_10043	1189	0.9659		True
Cluster_6477	1189	0.9659		True
Cluster_3155	1189	0.9659		True
Cluster_14765	1189	0.9659		True
Cluster_11546	1189	0.9659		True
Cluster_5728	1188	0.9651		True
Cluster_17723	1188	0.9651		True
Cluster_14182	1188	0.9651		True
Cluster_23053	1188	0.9651		True
Cluster_3112	1188	0.9651		True
Cluster_7831	1188	0.9651		True
Cluster_16844	1187	0.9643		True
Cluster_12650	1187	0.9643		True
Cluster_17487	1187	0.9643		True
Cluster_11109	1186	0.9634		True
Cluster_14164	1186	0.9634		True
Cluster_15338	1185	0.9626		True
Cluster_7875	1185	0.9626		True
Cluster_21786	1185	0.9626		True
Cluster_8873	1185	0.9626		True
Cluster_11048	1185	0.9626		True
Cluster_13287	1184	0.9618		True
Cluster_20766	1184	0.9618		True
Cluster_13289	1184	0.9618		True
Cluster_11476	1184	0.9618		True
Cluster_11683	1183	0.961		True
Cluster_9228	1183	0.961		True
Cluster_24030	1183	0.961		True
Cluster_10037	1183	0.961		True
Cluster_9191	1182	0.9602		True
Cluster_8947	1182	0.9602		True
Cluster_9962	1182	0.9602		True
Cluster_3022	1182	0.9602		True
Cluster_1629	1182	0.9602		True
Cluster_12942	1182	0.9602		True
Cluster_3174	1182	0.9602		True
Cluster_23685	1182	0.9602		True
Cluster_13121	1182	0.9602		True
Cluster_7187	1182	0.9602		True
Cluster_13216	1182	0.9602		True
Cluster_12996	1181	0.9594		True
Cluster_21835	1181	0.9594		True
Cluster_9394	1181	0.9594		True
Cluster_17000	1181	0.9594		True
Cluster_22325	1180	0.9586		True
Cluster_8358	1180	0.9586		True
Cluster_14671	1180	0.9586		True
Cluster_11207	1180	0.9586		True
Cluster_16186	1180	0.9586		True
Cluster_9341	1179	0.9578		True
Cluster_10561	1179	0.9578		True
Cluster_7089	1178	0.9569		True
Cluster_17749	1178	0.9569		True
Cluster_19400	1178	0.9569		True
Cluster_9003	1178	0.9569		True
Cluster_15509	1178	0.9569		True
Cluster_22433	1178	0.9569		True
Cluster_24762	1177	0.9561		True
Cluster_5032	1177	0.9561		True
Cluster_7887	1177	0.9561		True
Cluster_7714	1177	0.9561		True
Cluster_6150	1177	0.9561		True
Cluster_9378	1177	0.9561		True
Cluster_11496	1177	0.9561		True
Cluster_21505	1177	0.9561		True
Cluster_13586	1177	0.9561		True
Cluster_22741	1176	0.9553		True
Cluster_11239	1176	0.9553		True
Cluster_8328	1176	0.9553		True
Cluster_21698	1176	0.9553		True
Cluster_7620	1175	0.9545		True
Cluster_12666	1175	0.9545		True
Cluster_9593	1175	0.9545		True
Cluster_10953	1175	0.9545		True
Cluster_13221	1174	0.9537		True
Cluster_5206	1174	0.9537		True
Cluster_7958	1173	0.9529		True
Cluster_13031	1172	0.9521		True
Cluster_25400	1172	0.9521		True
Cluster_12266	1172	0.9521		True
Cluster_13535	1171	0.9513		True
Cluster_17144	1171	0.9513		True
Cluster_19962	1171	0.9513		True
Cluster_8066	1170	0.9504		True
Cluster_23684	1170	0.9504		True
Cluster_14642	1170	0.9504		True
Cluster_11604	1169	0.9496		False
Cluster_12683	1168	0.9488		False
Cluster_23662	1167	0.948		False
Cluster_21496	1167	0.948		False
Cluster_9478	1167	0.948		False
Cluster_22333	1167	0.948		False
Cluster_8588	1167	0.948		False
Cluster_11943	1167	0.948		False
Cluster_8255	1166	0.9472		False
Cluster_19603	1166	0.9472		False
Cluster_15669	1166	0.9472		False
Cluster_3899	1165	0.9464		False
Cluster_19546	1165	0.9464		False
Cluster_22259	1164	0.9456		False
Cluster_25115	1163	0.9448		False
Cluster_16457	1163	0.9448		False
Cluster_3984	1163	0.9448		False
Cluster_18802	1162	0.9439		False
Cluster_19342	1162	0.9439		False
Cluster_17400	1161	0.9431		False
Cluster_8689	1161	0.9431		False
Cluster_4589	1161	0.9431		False
Cluster_9747	1161	0.9431		False
Cluster_16892	1160	0.9423		False
Cluster_12851	1160	0.9423		False
Cluster_22323	1160	0.9423		False
Cluster_25401	1160	0.9423		False
Cluster_14323	1160	0.9423		False
Cluster_21382	1159	0.9415		False
Cluster_20631	1159	0.9415		False
Cluster_15116	1159	0.9415		False
Cluster_21863	1159	0.9415		False
Cluster_19297	1159	0.9415		False
Cluster_6415	1158	0.9407		False
Cluster_21279	1157	0.9399		False
Cluster_8558	1157	0.9399		False
Cluster_7836	1157	0.9399		False
Cluster_10258	1157	0.9399		False
Cluster_4693	1156	0.9391		False
Cluster_4295	1155	0.9383		False
Cluster_10360	1155	0.9383		False
Cluster_12170	1155	0.9383		False
Cluster_14457	1155	0.9383		False
Cluster_10703	1154	0.9374		False
Cluster_18458	1153	0.9366		False
Cluster_2952	1153	0.9366		False
Cluster_12104	1152	0.9358		False
Cluster_5038	1152	0.9358		False
Cluster_16400	1151	0.935		False
Cluster_3313	1151	0.935		False
Cluster_17605	1151	0.935		False
Cluster_15919	1149	0.9334		False
Cluster_451	1149	0.9334		False
Cluster_13814	1149	0.9334		False
Cluster_3663	1149	0.9334		False
Cluster_22971	1149	0.9334		False
Cluster_22816	1149	0.9334		False
Cluster_12734	1149	0.9334		False
Cluster_22743	1147	0.9318		False
Cluster_9035	1146	0.931		False
Cluster_14645	1145	0.9301		False
Cluster_17345	1145	0.9301		False
Cluster_18779	1144	0.9293		False
Cluster_7176	1144	0.9293		False
Cluster_11150	1140	0.9261		False
Cluster_7065	1140	0.9261		False
Cluster_1517	1139	0.9253		False
Cluster_16380	1139	0.9253		False
Cluster_1417	1138	0.9245		False
Cluster_8190	1138	0.9245		False
Cluster_23173	1136	0.9228		False
Cluster_9343	1136	0.9228		False
Cluster_14804	1136	0.9228		False
Cluster_5246	1134	0.9212		False
Cluster_4031	1133	0.9204		False
Cluster_24385	1132	0.9196		False
Cluster_1628	1132	0.9196		False
Cluster_10106	1131	0.9188		False
Cluster_6573	1131	0.9188		False
Cluster_15790	1131	0.9188		False
Cluster_16524	1129	0.9171		False
Cluster_24825	1129	0.9171		False
Cluster_9741	1129	0.9171		False
Cluster_897	1129	0.9171		False
Cluster_20787	1128	0.9163		False
Cluster_18795	1126	0.9147		False
Cluster_17626	1125	0.9139		False
Cluster_9161	1125	0.9139		False
Cluster_22766	1122	0.9115		False
Cluster_16427	1121	0.9106		False
Cluster_14525	1121	0.9106		False
Cluster_7704	1120	0.9098		False
Cluster_13654	1119	0.909		False
Cluster_15300	1119	0.909		False
Cluster_13290	1119	0.909		False
Cluster_5657	1118	0.9082		False
Cluster_12427	1118	0.9082		False
Cluster_16038	1117	0.9074		False
Cluster_16961	1117	0.9074		False
Cluster_4834	1116	0.9066		False
Cluster_18007	1116	0.9066		False
Cluster_3185	1116	0.9066		False
Cluster_13308	1116	0.9066		False
Cluster_10481	1116	0.9066		False
Cluster_5263	1114	0.905		False
Cluster_2605	1114	0.905		False
Cluster_17758	1114	0.905		False
Cluster_11614	1114	0.905		False
Cluster_24291	1113	0.9041		False
Cluster_11014	1111	0.9025		False
Cluster_6760	1110	0.9017		False
Cluster_18858	1110	0.9017		False
Cluster_3070	1109	0.9009		False
Cluster_23495	1109	0.9009		False
Cluster_10243	1108	0.9001		False
Cluster_12949	1108	0.9001		False
Cluster_11937	1107	0.8993		False
Cluster_19197	1106	0.8985		False
Cluster_15347	1106	0.8985		False
Cluster_21478	1105	0.8976		False
Cluster_17824	1105	0.8976		False
Cluster_14462	1104	0.8968		False
Cluster_23706	1103	0.896		False
Cluster_19478	1102	0.8952		False
Cluster_21750	1101	0.8944		False
Cluster_11738	1101	0.8944		False
Cluster_12278	1099	0.8928		False
Cluster_6735	1098	0.892		False
Cluster_14094	1097	0.8911		False
Cluster_16111	1097	0.8911		False
Cluster_12385	1096	0.8903		False
Cluster_21164	1095	0.8895		False
Cluster_16974	1095	0.8895		False
Cluster_12366	1094	0.8887		False
Cluster_12609	1093	0.8879		False
Cluster_10505	1092	0.8871		False
Cluster_11708	1091	0.8863		False
Cluster_14551	1090	0.8855		False
Cluster_10808	1085	0.8814		False
Cluster_21578	1084	0.8806		False
Cluster_10140	1084	0.8806		False
Cluster_3604	1084	0.8806		False
Cluster_8063	1083	0.8798		False
Cluster_25946	1081	0.8781		False
Cluster_17129	1081	0.8781		False
Cluster_21946	1081	0.8781		False
Cluster_5597	1079	0.8765		False
Cluster_16618	1079	0.8765		False
Cluster_13950	1078	0.8757		False
Cluster_7798	1077	0.8749		False
Cluster_10509	1075	0.8733		False
Cluster_11981	1074	0.8725		False
Cluster_9712	1072	0.8708		False
Cluster_9307	1070	0.8692		False
Cluster_8670	1069	0.8684		False
Cluster_8104	1068	0.8676		False
Cluster_17314	1068	0.8676		False
Cluster_2230	1068	0.8676		False
Cluster_9384	1066	0.866		False
Cluster_22020	1064	0.8643		False
Cluster_22737	1063	0.8635		False
Cluster_24088	1063	0.8635		False
Cluster_3535	1057	0.8587		False
Cluster_8755	1055	0.857		False
Cluster_9823	1054	0.8562		False
Cluster_7780	1053	0.8554		False
Cluster_18449	1052	0.8546		False
Cluster_10419	1052	0.8546		False
Cluster_4001	1051	0.8538		False
Cluster_10852	1050	0.853		False
Cluster_20106	1047	0.8505		False
Cluster_22024	1045	0.8489		False
Cluster_13753	1045	0.8489		False
Cluster_7026	1044	0.8481		False
Cluster_8952	1043	0.8473		False
Cluster_9652	1043	0.8473		False
Cluster_20861	1042	0.8465		False
Cluster_3235	1040	0.8448		False
Cluster_19007	1040	0.8448		False
Cluster_13021	1038	0.8432		False
Cluster_14729	1037	0.8424		False
Cluster_5450	1035	0.8408		False
Cluster_8694	1035	0.8408		False
Cluster_6781	1034	0.84		False
Cluster_25404	1032	0.8383		False
Cluster_2543	1029	0.8359		False
Cluster_10772	1022	0.8302		False
Cluster_16255	1022	0.8302		False
Cluster_10844	1021	0.8294		False
Cluster_12728	1020	0.8286		False
Cluster_16678	1020	0.8286		False
Cluster_20496	1018	0.827		False
Cluster_21290	1015	0.8245		False
Cluster_8751	1015	0.8245		False
Cluster_16384	1012	0.8221		False
Cluster_3019	1011	0.8213		False
Cluster_7090	1010	0.8205		False
Cluster_12216	1010	0.8205		False
Cluster_8845	1010	0.8205		False
Cluster_26030	1009	0.8197		False
Cluster_21421	1009	0.8197		False
Cluster_15588	1008	0.8188		False
Cluster_16250	1006	0.8172		False
Cluster_13647	1005	0.8164		False
Cluster_10397	1005	0.8164		False
Cluster_17607	1004	0.8156		False
Cluster_21169	1003	0.8148		False
Cluster_4797	1001	0.8132		False
Cluster_22395	999	0.8115		False
Cluster_10927	998	0.8107		False
Cluster_16556	997	0.8099		False
Cluster_688	997	0.8099		False
Cluster_18727	996	0.8091		False
Cluster_13474	996	0.8091		False
Cluster_20430	995	0.8083		False
Cluster_31	995	0.8083		False
Cluster_22824	993	0.8067		False
Cluster_15521	989	0.8034		False
Cluster_9908	988	0.8026		False
Cluster_12004	987	0.8018		False
Cluster_5670	985	0.8002		False
Cluster_8093	984	0.7994		False
Cluster_12168	984	0.7994		False
Cluster_5382	982	0.7977		False
Cluster_20079	982	0.7977		False
Cluster_8139	979	0.7953		False
Cluster_11787	979	0.7953		False
Cluster_16409	976	0.7929		False
Cluster_5689	974	0.7912		False
Cluster_19492	970	0.788		False
Cluster_4156	968	0.7864		False
Cluster_13723	965	0.7839		False
Cluster_19930	964	0.7831		False
Cluster_12676	964	0.7831		False
Cluster_4469	963	0.7823		False
Cluster_25032	963	0.7823		False
Cluster_22821	962	0.7815		False
Cluster_19415	961	0.7807		False
Cluster_7612	958	0.7782		False
Cluster_22093	958	0.7782		False
Cluster_71	958	0.7782		False
Cluster_11989	954	0.775		False
Cluster_2345	953	0.7742		False
Cluster_9803	953	0.7742		False
Cluster_14014	952	0.7734		False
Cluster_11457	951	0.7725		False
Cluster_20210	951	0.7725		False
Cluster_22565	944	0.7669		False
Cluster_17638	942	0.7652		False
Cluster_5500	941	0.7644		False
Cluster_14775	941	0.7644		False
Cluster_22324	941	0.7644		False
Cluster_2794	940	0.7636		False
Cluster_11601	939	0.7628		False
Cluster_5083	935	0.7595		False
Cluster_4305	934	0.7587		False
Cluster_8464	932	0.7571		False
Cluster_8114	929	0.7547		False
Cluster_17674	929	0.7547		False
Cluster_3896	929	0.7547		False
Cluster_4192	928	0.7539		False
Cluster_12476	928	0.7539		False
Cluster_10475	923	0.7498		False
Cluster_11007	923	0.7498		False
Cluster_12907	919	0.7465		False
Cluster_14483	919	0.7465		False
Cluster_5554	918	0.7457		False
Cluster_9403	917	0.7449		False
Cluster_17220	917	0.7449		False
Cluster_18634	916	0.7441		False
Cluster_21057	914	0.7425		False
Cluster_11481	911	0.74		False
Cluster_1805	906	0.736		False
Cluster_15907	905	0.7352		False
Cluster_19729	905	0.7352		False
Cluster_10678	903	0.7335		False
Cluster_17071	900	0.7311		False
Cluster_6158	899	0.7303		False
Cluster_19221	895	0.7271		False
Cluster_14625	893	0.7254		False
Cluster_8179	893	0.7254		False
Cluster_15294	892	0.7246		False
Cluster_10751	890	0.723		False
Cluster_11798	884	0.7181		False
Cluster_10276	882	0.7165		False
Cluster_4873	882	0.7165		False
Cluster_10527	882	0.7165		False
Cluster_5898	881	0.7157		False
Cluster_3520	878	0.7132		False
Cluster_12276	878	0.7132		False
Cluster_17701	877	0.7124		False
Cluster_7068	877	0.7124		False
Cluster_7029	876	0.7116		False
Cluster_16069	874	0.71		False
Cluster_3191	873	0.7092		False
Cluster_22094	870	0.7067		False
Cluster_6032	869	0.7059		False
Cluster_8037	869	0.7059		False
Cluster_16039	868	0.7051		False
Cluster_4711	865	0.7027		False
Cluster_4582	864	0.7019		False
Cluster_24514	861	0.6994		False
Cluster_13092	861	0.6994		False
Cluster_12137	860	0.6986		False
Cluster_15355	858	0.697		False
Cluster_24015	856	0.6954		False
Cluster_13932	855	0.6946		False
Cluster_9911	854	0.6937		False
Cluster_20973	852	0.6921		False
Cluster_7753	848	0.6889		False
Cluster_24939	843	0.6848		False
Cluster_7779	842	0.684		False
Cluster_11260	841	0.6832		False
Cluster_20646	839	0.6816		False
Cluster_7650	839	0.6816		False
Cluster_13264	837	0.6799		False
Cluster_6844	835	0.6783		False
Cluster_17625	835	0.6783		False
Cluster_19272	832	0.6759		False
Cluster_10790	831	0.6751		False
Cluster_24304	829	0.6734		False
Cluster_2247	829	0.6734		False
Cluster_7910	825	0.6702		False
Cluster_18861	824	0.6694		False
Cluster_10116	824	0.6694		False
Cluster_20653	822	0.6677		False
Cluster_14742	820	0.6661		False
Cluster_5524	820	0.6661		False
Cluster_8269	819	0.6653		False
Cluster_17459	816	0.6629		False
Cluster_20464	814	0.6613		False
Cluster_14071	814	0.6613		False
Cluster_14180	810	0.658		False
Cluster_7442	810	0.658		False
Cluster_25546	806	0.6548		False
Cluster_13925	806	0.6548		False
Cluster_23558	806	0.6548		False
Cluster_9912	804	0.6531		False
Cluster_16588	800	0.6499		False
Cluster_1521	800	0.6499		False
Cluster_22756	800	0.6499		False
Cluster_21010	799	0.6491		False
Cluster_6170	797	0.6474		False
Cluster_20529	797	0.6474		False
Cluster_2997	796	0.6466		False
Cluster_3303	796	0.6466		False
Cluster_13580	795	0.6458		False
Cluster_16975	795	0.6458		False
Cluster_11447	795	0.6458		False
Cluster_16622	795	0.6458		False
Cluster_14866	793	0.6442		False
Cluster_9517	793	0.6442		False
Cluster_1665	789	0.6409		False
Cluster_4566	789	0.6409		False
Cluster_5196	788	0.6401		False
Cluster_4053	788	0.6401		False
Cluster_4490	787	0.6393		False
Cluster_8082	786	0.6385		False
Cluster_17567	785	0.6377		False
Cluster_14322	782	0.6353		False
Cluster_14100	781	0.6344		False
Cluster_3061	779	0.6328		False
Cluster_13624	778	0.632		False
Cluster_11291	772	0.6271		False
Cluster_15066	769	0.6247		False
Cluster_17352	766	0.6223		False
Cluster_16557	763	0.6198		False
Cluster_17119	762	0.619		False
Cluster_22250	762	0.619		False
Cluster_6256	761	0.6182		False
Cluster_18783	761	0.6182		False
Cluster_4986	760	0.6174		False
Cluster_9595	759	0.6166		False
Cluster_21362	758	0.6158		False
Cluster_10613	758	0.6158		False
Cluster_15620	757	0.6149		False
Cluster_2082	754	0.6125		False
Cluster_7952	752	0.6109		False
Cluster_10418	751	0.6101		False
Cluster_18220	747	0.6068		False
Cluster_4468	747	0.6068		False
Cluster_9693	746	0.606		False
Cluster_14623	744	0.6044		False
Cluster_25035	742	0.6028		False
Cluster_14262	742	0.6028		False
Cluster_14103	742	0.6028		False
Cluster_24764	741	0.6019		False
Cluster_6458	741	0.6019		False
Cluster_7765	740	0.6011		False
Cluster_16158	740	0.6011		False
Cluster_19425	740	0.6011		False
Cluster_19361	739	0.6003		False
Cluster_7795	738	0.5995		False
Cluster_12587	736	0.5979		False
Cluster_19619	736	0.5979		False
Cluster_12571	734	0.5963		False
Cluster_23494	734	0.5963		False
Cluster_22924	730	0.593		False
Cluster_14741	727	0.5906		False
Cluster_12240	726	0.5898		False
Cluster_12892	726	0.5898		False
Cluster_7096	725	0.589		False
Cluster_7015	721	0.5857		False
Cluster_3411	720	0.5849		False
Cluster_14286	719	0.5841		False
Cluster_23409	715	0.5808		False
Cluster_3735	713	0.5792		False
Cluster_21338	712	0.5784		False
Cluster_8217	710	0.5768		False
Cluster_10980	709	0.576		False
Cluster_17305	707	0.5743		False
Cluster_9916	707	0.5743		False
Cluster_12014	706	0.5735		False
Cluster_6834	705	0.5727		False
Cluster_6311	704	0.5719		False
Cluster_23287	701	0.5695		False
Cluster_7335	700	0.5686		False
Cluster_13274	699	0.5678		False
Cluster_4762	699	0.5678		False
Cluster_22905	698	0.567		False
Cluster_13254	697	0.5662		False
Cluster_13698	696	0.5654		False
Cluster_14543	693	0.563		False
Cluster_24180	691	0.5613		False
Cluster_17082	689	0.5597		False
Cluster_12399	686	0.5573		False
Cluster_12047	681	0.5532		False
Cluster_18837	680	0.5524		False
Cluster_18470	679	0.5516		False
Cluster_22267	676	0.5491		False
Cluster_6615	675	0.5483		False
Cluster_12239	674	0.5475		False
Cluster_20938	670	0.5443		False
Cluster_11926	667	0.5418		False
Cluster_6546	667	0.5418		False
Cluster_13742	667	0.5418		False
Cluster_11697	666	0.541		False
Cluster_9356	659	0.5353		False
Cluster_13848	659	0.5353		False
Cluster_18790	658	0.5345		False
Cluster_10857	655	0.5321		False
Cluster_52	654	0.5313		False
Cluster_9038	652	0.5297		False
Cluster_10345	649	0.5272		False
Cluster_2053	649	0.5272		False
Cluster_13754	648	0.5264		False
Cluster_7220	647	0.5256		False
Cluster_7636	646	0.5248		False
Cluster_9847	645	0.524		False
Cluster_4587	645	0.524		False
Cluster_14126	643	0.5223		False
Cluster_16453	642	0.5215		False
Cluster_11724	642	0.5215		False
Cluster_25711	638	0.5183		False
Cluster_1275	636	0.5167		False
Cluster_11649	635	0.5158		False
Cluster_8719	633	0.5142		False
Cluster_4005	631	0.5126		False
Cluster_36	630	0.5118		False
Cluster_25549	628	0.5102		False
Cluster_23664	624	0.5069		False
Cluster_8875	624	0.5069		False
Cluster_7102	623	0.5061		False
Cluster_15443	618	0.502		False
Cluster_218	618	0.502		False
Cluster_18574	617	0.5012		False
Cluster_16383	615	0.4996		False
Cluster_11025	612	0.4972		False
Cluster_15922	611	0.4963		False
Cluster_18395	607	0.4931		False
Cluster_18705	607	0.4931		False
Cluster_2008	607	0.4931		False
Cluster_18456	606	0.4923		False
Cluster_14037	605	0.4915		False
Cluster_4007	605	0.4915		False
Cluster_7741	604	0.4907		False
Cluster_11434	604	0.4907		False
Cluster_19739	604	0.4907		False
Cluster_8491	603	0.4898		False
Cluster_12191	602	0.489		False
Cluster_11222	598	0.4858		False
Cluster_5979	595	0.4833		False
Cluster_11710	594	0.4825		False
Cluster_12725	592	0.4809		False
Cluster_9271	585	0.4752		False
Cluster_9301	585	0.4752		False
Cluster_24328	584	0.4744		False
Cluster_15988	584	0.4744		False
Cluster_18525	584	0.4744		False
Cluster_13989	583	0.4736		False
Cluster_19884	582	0.4728		False
Cluster_6413	581	0.472		False
Cluster_23578	580	0.4712		False
Cluster_3154	579	0.4703		False
Cluster_6920	578	0.4695		False
Cluster_2117	578	0.4695		False
Cluster_23583	578	0.4695		False
Cluster_16954	576	0.4679		False
Cluster_3962	575	0.4671		False
Cluster_20062	574	0.4663		False
Cluster_24437	572	0.4647		False
Cluster_12836	572	0.4647		False
Cluster_9815	571	0.4639		False
Cluster_19253	570	0.463		False
Cluster_12000	568	0.4614		False
Cluster_9670	568	0.4614		False
Cluster_12979	568	0.4614		False
Cluster_24519	565	0.459		False
Cluster_2984	565	0.459		False
Cluster_9961	562	0.4565		False
Cluster_12558	562	0.4565		False
Cluster_20400	561	0.4557		False
Cluster_2029	559	0.4541		False
Cluster_21317	558	0.4533		False
Cluster_3600	558	0.4533		False
Cluster_24182	557	0.4525		False
Cluster_8876	557	0.4525		False
Cluster_12532	556	0.4517		False
Cluster_4463	556	0.4517		False
Cluster_15072	554	0.45		False
Cluster_15952	554	0.45		False
Cluster_11851	552	0.4484		False
Cluster_11671	551	0.4476		False
Cluster_8378	546	0.4435		False
Cluster_14308	546	0.4435		False
Cluster_20023	543	0.4411		False
Cluster_8748	541	0.4395		False
Cluster_4139	541	0.4395		False
Cluster_23232	540	0.4387		False
Cluster_20593	536	0.4354		False
Cluster_389	534	0.4338		False
Cluster_12133	531	0.4314		False
Cluster_15549	530	0.4305		False
Cluster_17516	528	0.4289		False
Cluster_9201	522	0.424		False
Cluster_20317	521	0.4232		False
Cluster_10569	520	0.4224		False
Cluster_26034	520	0.4224		False
Cluster_18060	520	0.4224		False
Cluster_3088	519	0.4216		False
Cluster_8167	519	0.4216		False
Cluster_4200	518	0.4208		False
Cluster_19489	516	0.4192		False
Cluster_11938	516	0.4192		False
Cluster_8984	515	0.4184		False
Cluster_16673	514	0.4175		False
Cluster_2814	511	0.4151		False
Cluster_20394	511	0.4151		False
Cluster_2194	510	0.4143		False
Cluster_11617	510	0.4143		False
Cluster_5091	507	0.4119		False
Cluster_18326	506	0.411		False
Cluster_14170	502	0.4078		False
Cluster_8171	501	0.407		False
Cluster_10732	499	0.4054		False
Cluster_3799	499	0.4054		False
Cluster_12552	497	0.4037		False
Cluster_9708	496	0.4029		False
Cluster_10849	496	0.4029		False
Cluster_11645	495	0.4021		False
Cluster_8330	494	0.4013		False
Cluster_24868	493	0.4005		False
Cluster_10100	492	0.3997		False
Cluster_22659	490	0.3981		False
Cluster_8116	487	0.3956		False
Cluster_18579	486	0.3948		False
Cluster_286	486	0.3948		False
Cluster_8957	485	0.394		False
Cluster_11815	485	0.394		False
Cluster_15311	482	0.3916		False
Cluster_1812	482	0.3916		False
Cluster_25642	482	0.3916		False
Cluster_14110	481	0.3907		False
Cluster_19838	480	0.3899		False
Cluster_3658	480	0.3899		False
Cluster_23540	480	0.3899		False
Cluster_22911	478	0.3883		False
Cluster_18275	478	0.3883		False
Cluster_24667	478	0.3883		False
Cluster_247	477	0.3875		False
Cluster_22677	477	0.3875		False
Cluster_10589	476	0.3867		False
Cluster_18910	476	0.3867		False
Cluster_9259	476	0.3867		False
Cluster_18796	474	0.3851		False
Cluster_17930	474	0.3851		False
Cluster_10445	474	0.3851		False
Cluster_18886	473	0.3842		False
Cluster_2520	472	0.3834		False
Cluster_10211	471	0.3826		False
Cluster_18322	470	0.3818		False
Cluster_11613	470	0.3818		False
Cluster_9945	468	0.3802		False
Cluster_3230	468	0.3802		False
Cluster_15714	465	0.3777		False
Cluster_4511	465	0.3777		False
Cluster_5070	462	0.3753		False
Cluster_11754	462	0.3753		False
Cluster_487	461	0.3745		False
Cluster_116	461	0.3745		False
Cluster_7896	461	0.3745		False
Cluster_21560	460	0.3737		False
Cluster_23468	457	0.3712		False
Cluster_433	457	0.3712		False
Cluster_12056	456	0.3704		False
Cluster_6226	456	0.3704		False
Cluster_15231	455	0.3696		False
Cluster_512	455	0.3696		False
Cluster_16956	451	0.3664		False
Cluster_19168	451	0.3664		False
Cluster_14188	448	0.3639		False
Cluster_23163	447	0.3631		False
Cluster_19590	447	0.3631		False
Cluster_17710	446	0.3623		False
Cluster_16060	445	0.3615		False
Cluster_25641	443	0.3599		False
Cluster_18087	441	0.3582		False
Cluster_9542	440	0.3574		False
Cluster_23559	439	0.3566		False
Cluster_9138	438	0.3558		False
Cluster_6029	437	0.355		False
Cluster_6234	435	0.3534		False
Cluster_7790	435	0.3534		False
Cluster_10653	434	0.3526		False
Cluster_24266	433	0.3517		False
Cluster_25712	432	0.3509		False
Cluster_15110	431	0.3501		False
Cluster_16932	430	0.3493		False
Cluster_23497	430	0.3493		False
Cluster_20578	429	0.3485		False
Cluster_11742	429	0.3485		False
Cluster_20977	429	0.3485		False
Cluster_21291	428	0.3477		False
Cluster_8386	428	0.3477		False
Cluster_8695	428	0.3477		False
Cluster_18412	425	0.3452		False
Cluster_5780	424	0.3444		False
Cluster_15957	423	0.3436		False
Cluster_14980	423	0.3436		False
Cluster_7306	423	0.3436		False
Cluster_18234	423	0.3436		False
Cluster_11831	422	0.3428		False
Cluster_17130	422	0.3428		False
Cluster_17415	421	0.342		False
Cluster_13246	421	0.342		False
Cluster_11478	419	0.3404		False
Cluster_7181	419	0.3404		False
Cluster_13223	419	0.3404		False
Cluster_19582	417	0.3387		False
Cluster_20331	417	0.3387		False
Cluster_23342	416	0.3379		False
Cluster_19610	415	0.3371		False
Cluster_7449	415	0.3371		False
Cluster_18033	415	0.3371		False
Cluster_4309	414	0.3363		False
Cluster_10706	413	0.3355		False
Cluster_17070	413	0.3355		False
Cluster_10534	413	0.3355		False
Cluster_3605	412	0.3347		False
Cluster_19732	410	0.3331		False
Cluster_20411	410	0.3331		False
Cluster_4072	407	0.3306		False
Cluster_9296	407	0.3306		False
Cluster_23666	407	0.3306		False
Cluster_23672	406	0.3298		False
Cluster_22748	405	0.329		False
Cluster_15455	405	0.329		False
Cluster_22837	403	0.3274		False
Cluster_17464	403	0.3274		False
Cluster_11008	402	0.3266		False
Cluster_16738	402	0.3266		False
Cluster_18609	402	0.3266		False
Cluster_19467	401	0.3258		False
Cluster_4161	401	0.3258		False
Cluster_25230	401	0.3258		False
Cluster_20579	400	0.3249		False
Cluster_22542	399	0.3241		False
Cluster_7816	399	0.3241		False
Cluster_17239	399	0.3241		False
Cluster_9055	397	0.3225		False
Cluster_22747	397	0.3225		False
Cluster_21294	396	0.3217		False
Cluster_9059	396	0.3217		False
Cluster_23586	396	0.3217		False
Cluster_5612	395	0.3209		False
Cluster_19433	393	0.3193		False
Cluster_12039	392	0.3184		False
Cluster_5434	392	0.3184		False
Cluster_15572	391	0.3176		False
Cluster_20937	390	0.3168		False
Cluster_23502	389	0.316		False
Cluster_2448	389	0.316		False
Cluster_10407	388	0.3152		False
Cluster_10736	388	0.3152		False
Cluster_12783	387	0.3144		False
Cluster_12651	383	0.3111		False
Cluster_3511	383	0.3111		False
Cluster_5606	383	0.3111		False
Cluster_4766	383	0.3111		False
Cluster_13401	383	0.3111		False
Cluster_3380	383	0.3111		False
Cluster_7971	383	0.3111		False
Cluster_23231	382	0.3103		False
Cluster_24768	382	0.3103		False
Cluster_19150	382	0.3103		False
Cluster_8318	382	0.3103		False
Cluster_16753	381	0.3095		False
Cluster_18032	381	0.3095		False
Cluster_16013	381	0.3095		False
Cluster_4366	380	0.3087		False
Cluster_24087	379	0.3079		False
Cluster_8629	379	0.3079		False
Cluster_7283	379	0.3079		False
Cluster_16438	379	0.3079		False
Cluster_22030	379	0.3079		False
Cluster_15179	377	0.3063		False
Cluster_70	377	0.3063		False
Cluster_25034	377	0.3063		False
Cluster_23472	376	0.3054		False
Cluster_2348	375	0.3046		False
Cluster_1454	374	0.3038		False
Cluster_17517	374	0.3038		False
Cluster_24183	374	0.3038		False
Cluster_23499	373	0.303		False
Cluster_16376	373	0.303		False
Cluster_8756	371	0.3014		False
Cluster_19787	370	0.3006		False
Cluster_9090	370	0.3006		False
Cluster_17362	370	0.3006		False
Cluster_24572	369	0.2998		False
Cluster_3256	368	0.2989		False
Cluster_18219	368	0.2989		False
Cluster_3076	366	0.2973		False
Cluster_24447	365	0.2965		False
Cluster_2088	365	0.2965		False
Cluster_15711	363	0.2949		False
Cluster_24940	363	0.2949		False
Cluster_18907	363	0.2949		False
Cluster_2616	361	0.2933		False
Cluster_10710	359	0.2916		False
Cluster_25553	358	0.2908		False
Cluster_6904	358	0.2908		False
Cluster_2051	357	0.29		False
Cluster_1655	356	0.2892		False
Cluster_13715	356	0.2892		False
Cluster_24827	353	0.2868		False
Cluster_10759	351	0.2851		False
Cluster_24530	349	0.2835		False
Cluster_2911	349	0.2835		False
Cluster_18505	349	0.2835		False
Cluster_13424	348	0.2827		False
Cluster_12302	347	0.2819		False
Cluster_7833	347	0.2819		False
Cluster_5213	346	0.2811		False
Cluster_1622	346	0.2811		False
Cluster_13177	345	0.2803		False
Cluster_24570	345	0.2803		False
Cluster_5277	345	0.2803		False
Cluster_22980	345	0.2803		False
Cluster_12122	344	0.2794		False
Cluster_17565	344	0.2794		False
Cluster_10425	344	0.2794		False
Cluster_17761	343	0.2786		False
Cluster_20788	343	0.2786		False
Cluster_2691	342	0.2778		False
Cluster_17637	341	0.277		False
Cluster_2942	341	0.277		False
Cluster_24439	340	0.2762		False
Cluster_20846	339	0.2754		False
Cluster_20709	338	0.2746		False
Cluster_12230	338	0.2746		False
Cluster_22660	337	0.2738		False
Cluster_5817	336	0.2729		False
Cluster_23305	336	0.2729		False
Cluster_2670	336	0.2729		False
Cluster_17299	335	0.2721		False
Cluster_7430	334	0.2713		False
Cluster_21749	333	0.2705		False
Cluster_18499	333	0.2705		False
Cluster_16451	332	0.2697		False
Cluster_10780	331	0.2689		False
Cluster_16065	330	0.2681		False
Cluster_4902	330	0.2681		False
Cluster_5335	330	0.2681		False
Cluster_20633	330	0.2681		False
Cluster_10747	330	0.2681		False
Cluster_16021	329	0.2673		False
Cluster_22413	329	0.2673		False
Cluster_22979	329	0.2673		False
Cluster_9185	325	0.264		False
Cluster_20397	325	0.264		False
Cluster_21682	325	0.264		False
Cluster_15299	324	0.2632		False
Cluster_15018	324	0.2632		False
Cluster_23517	323	0.2624		False
Cluster_17279	323	0.2624		False
Cluster_10468	323	0.2624		False
Cluster_10333	322	0.2616		False
Cluster_9427	322	0.2616		False
Cluster_8025	322	0.2616		False
Cluster_8372	320	0.26		False
Cluster_18329	320	0.26		False
Cluster_7640	319	0.2591		False
Cluster_22823	319	0.2591		False
Cluster_17391	319	0.2591		False
Cluster_25555	318	0.2583		False
Cluster_18211	318	0.2583		False
Cluster_17695	318	0.2583		False
Cluster_23754	317	0.2575		False
Cluster_22189	317	0.2575		False
Cluster_20934	316	0.2567		False
Cluster_6049	315	0.2559		False
Cluster_6532	315	0.2559		False
Cluster_11567	313	0.2543		False
Cluster_18144	313	0.2543		False
Cluster_26033	313	0.2543		False
Cluster_9721	312	0.2535		False
Cluster_23306	311	0.2526		False
Cluster_8905	311	0.2526		False
Cluster_6209	310	0.2518		False
Cluster_22190	310	0.2518		False
Cluster_22914	307	0.2494		False
Cluster_317	306	0.2486		False
Cluster_9047	306	0.2486		False
Cluster_5385	305	0.2478		False
Cluster_19837	304	0.247		False
Cluster_13064	303	0.2461		False
Cluster_18603	303	0.2461		False
Cluster_26028	302	0.2453		False
Cluster_6129	302	0.2453		False
Cluster_25406	300	0.2437		False
Cluster_1107	299	0.2429		False
Cluster_3287	298	0.2421		False
Cluster_23530	297	0.2413		False
Cluster_22027	296	0.2405		False
Cluster_8732	294	0.2388		False
Cluster_10478	294	0.2388		False
Cluster_2831	293	0.238		False
Cluster_16541	293	0.238		False
Cluster_4062	292	0.2372		False
Cluster_16428	292	0.2372		False
Cluster_6080	291	0.2364		False
Cluster_14084	291	0.2364		False
Cluster_4632	291	0.2364		False
Cluster_12242	290	0.2356		False
Cluster_8390	289	0.2348		False
Cluster_3982	289	0.2348		False
Cluster_11521	288	0.234		False
Cluster_23565	286	0.2323		False
Cluster_3293	286	0.2323		False
Cluster_15614	285	0.2315		False
Cluster_11663	284	0.2307		False
Cluster_5395	284	0.2307		False
Cluster_14740	284	0.2307		False
Cluster_23156	283	0.2299		False
Cluster_8115	283	0.2299		False
Cluster_5890	283	0.2299		False
Cluster_12034	282	0.2291		False
Cluster_11946	282	0.2291		False
Cluster_16357	282	0.2291		False
Cluster_1780	282	0.2291		False
Cluster_17182	280	0.2275		False
Cluster_20632	280	0.2275		False
Cluster_14283	280	0.2275		False
Cluster_5768	280	0.2275		False
Cluster_1886	279	0.2266		False
Cluster_11508	279	0.2266		False
Cluster_19935	278	0.2258		False
Cluster_9588	277	0.225		False
Cluster_25000	277	0.225		False
Cluster_24056	277	0.225		False
Cluster_23834	276	0.2242		False
Cluster_2124	276	0.2242		False
Cluster_26036	276	0.2242		False
Cluster_21163	275	0.2234		False
Cluster_11435	275	0.2234		False
Cluster_8906	274	0.2226		False
Cluster_8043	273	0.2218		False
Cluster_3931	272	0.221		False
Cluster_18147	269	0.2185		False
Cluster_6905	268	0.2177		False
Cluster_6676	268	0.2177		False
Cluster_2577	267	0.2169		False
Cluster_8419	267	0.2169		False
Cluster_14087	267	0.2169		False
Cluster_15921	267	0.2169		False
Cluster_20142	266	0.2161		False
Cluster_20458	266	0.2161		False
Cluster_4615	266	0.2161		False
Cluster_8105	266	0.2161		False
Cluster_11027	265	0.2153		False
Cluster_17698	265	0.2153		False
Cluster_14357	265	0.2153		False
Cluster_6013	265	0.2153		False
Cluster_12837	265	0.2153		False
Cluster_23240	264	0.2145		False
Cluster_7755	264	0.2145		False
Cluster_22825	264	0.2145		False
Cluster_7902	263	0.2136		False
Cluster_19819	263	0.2136		False
Cluster_9221	263	0.2136		False
Cluster_7811	262	0.2128		False
Cluster_14836	262	0.2128		False
Cluster_21825	262	0.2128		False
Cluster_19934	262	0.2128		False
Cluster_23004	261	0.212		False
Cluster_18465	261	0.212		False
Cluster_10048	261	0.212		False
Cluster_20441	260	0.2112		False
Cluster_17243	258	0.2096		False
Cluster_11433	256	0.208		False
Cluster_19334	255	0.2071		False
Cluster_7526	255	0.2071		False
Cluster_6187	253	0.2055		False
Cluster_11469	252	0.2047		False
Cluster_9245	252	0.2047		False
Cluster_24356	252	0.2047		False
Cluster_10546	252	0.2047		False
Cluster_13026	252	0.2047		False
Cluster_10825	251	0.2039		False
Cluster_11898	251	0.2039		False
Cluster_14401	250	0.2031		False
Cluster_8476	250	0.2031		False
Cluster_25930	250	0.2031		False
Cluster_16157	249	0.2023		False
Cluster_16145	247	0.2006		False
Cluster_16239	247	0.2006		False
Cluster_4713	246	0.1998		False
Cluster_2623	246	0.1998		False
Cluster_11330	245	0.199		False
Cluster_19686	243	0.1974		False
Cluster_12111	243	0.1974		False
Cluster_5309	243	0.1974		False
Cluster_9431	243	0.1974		False
Cluster_12296	243	0.1974		False
Cluster_21695	242	0.1966		False
Cluster_6015	242	0.1966		False
Cluster_10796	241	0.1958		False
Cluster_18661	241	0.1958		False
Cluster_5288	241	0.1958		False
Cluster_1184	241	0.1958		False
Cluster_11399	241	0.1958		False
Cluster_1295	241	0.1958		False
Cluster_2135	240	0.195		False
Cluster_514	239	0.1942		False
Cluster_20759	239	0.1942		False
Cluster_2531	238	0.1933		False
Cluster_24018	237	0.1925		False
Cluster_4377	237	0.1925		False
Cluster_7513	236	0.1917		False
Cluster_5452	236	0.1917		False
Cluster_17409	236	0.1917		False
Cluster_6716	236	0.1917		False
Cluster_2768	236	0.1917		False
Cluster_7218	235	0.1909		False
Cluster_24181	235	0.1909		False
Cluster_1338	234	0.1901		False
Cluster_14508	234	0.1901		False
Cluster_10605	234	0.1901		False
Cluster_16182	234	0.1901		False
Cluster_19592	234	0.1901		False
Cluster_18741	234	0.1901		False
Cluster_10465	233	0.1893		False
Cluster_22749	233	0.1893		False
Cluster_11263	233	0.1893		False
Cluster_8993	232	0.1885		False
Cluster_3186	232	0.1885		False
Cluster_15694	232	0.1885		False
Cluster_19575	232	0.1885		False
Cluster_22187	231	0.1877		False
Cluster_9986	231	0.1877		False
Cluster_14649	230	0.1868		False
Cluster_1277	230	0.1868		False
Cluster_9640	229	0.186		False
Cluster_24269	228	0.1852		False
Cluster_14492	228	0.1852		False
Cluster_12485	228	0.1852		False
Cluster_2356	228	0.1852		False
Cluster_12479	228	0.1852		False
Cluster_10455	228	0.1852		False
Cluster_22435	227	0.1844		False
Cluster_19957	226	0.1836		False
Cluster_4971	225	0.1828		False
Cluster_2806	225	0.1828		False
Cluster_5037	225	0.1828		False
Cluster_20789	225	0.1828		False
Cluster_17073	225	0.1828		False
Cluster_23498	224	0.182		False
Cluster_23501	224	0.182		False
Cluster_11353	224	0.182		False
Cluster_11779	224	0.182		False
Cluster_5112	223	0.1812		False
Cluster_13816	222	0.1803		False
Cluster_4918	222	0.1803		False
Cluster_5217	222	0.1803		False
Cluster_4222	222	0.1803		False
Cluster_23563	222	0.1803		False
Cluster_5914	222	0.1803		False
Cluster_17518	222	0.1803		False
Cluster_12584	221	0.1795		False
Cluster_4040	221	0.1795		False
Cluster_5347	220	0.1787		False
Cluster_12108	220	0.1787		False
Cluster_120	220	0.1787		False
Cluster_18781	219	0.1779		False
Cluster_4011	219	0.1779		False
Cluster_15350	219	0.1779		False
Cluster_18146	219	0.1779		False
Cluster_7109	219	0.1779		False
Cluster_4821	218	0.1771		False
Cluster_12333	218	0.1771		False
Cluster_8435	218	0.1771		False
Cluster_2676	218	0.1771		False
Cluster_25935	217	0.1763		False
Cluster_10738	217	0.1763		False
Cluster_16464	217	0.1763		False
Cluster_11700	217	0.1763		False
Cluster_6108	217	0.1763		False
Cluster_23102	216	0.1755		False
Cluster_13599	216	0.1755		False
Cluster_19535	216	0.1755		False
Cluster_5669	216	0.1755		False
Cluster_1827	216	0.1755		False
Cluster_20180	215	0.1747		False
Cluster_3749	215	0.1747		False
Cluster_16198	214	0.1738		False
Cluster_14109	214	0.1738		False
Cluster_21363	214	0.1738		False
Cluster_21897	213	0.173		False
Cluster_23937	212	0.1722		False
Cluster_11797	212	0.1722		False
Cluster_7334	212	0.1722		False
Cluster_12332	212	0.1722		False
Cluster_3387	211	0.1714		False
Cluster_5835	211	0.1714		False
Cluster_19602	211	0.1714		False
Cluster_19839	211	0.1714		False
Cluster_10595	210	0.1706		False
Cluster_318	209	0.1698		False
Cluster_22820	209	0.1698		False
Cluster_21020	209	0.1698		False
Cluster_16543	208	0.169		False
Cluster_6363	208	0.169		False
Cluster_12222	208	0.169		False
Cluster_7066	207	0.1682		False
Cluster_13567	207	0.1682		False
Cluster_5415	205	0.1665		False
Cluster_11237	204	0.1657		False
Cluster_6766	204	0.1657		False
Cluster_18025	203	0.1649		False
Cluster_8018	203	0.1649		False
Cluster_3004	202	0.1641		False
Cluster_18853	201	0.1633		False
Cluster_14595	201	0.1633		False
Cluster_5098	200	0.1625		False
Cluster_24184	200	0.1625		False
Cluster_6084	200	0.1625		False
Cluster_8777	200	0.1625		False
Cluster_16760	199	0.1617		False
Cluster_6837	199	0.1617		False
Cluster_13908	198	0.1608		False
Cluster_22095	198	0.1608		False
Cluster_24089	197	0.16		False
Cluster_10107	197	0.16		False
Cluster_18461	197	0.16		False
Cluster_5505	197	0.16		False
Cluster_6929	197	0.16		False
Cluster_11101	197	0.16		False
Cluster_24275	197	0.16		False
Cluster_18263	196	0.1592		False
Cluster_3660	196	0.1592		False
Cluster_18046	196	0.1592		False
Cluster_23234	196	0.1592		False
Cluster_9187	195	0.1584		False
Cluster_14351	195	0.1584		False
Cluster_932	195	0.1584		False
Cluster_169	195	0.1584		False
Cluster_1050	194	0.1576		False
Cluster_7583	194	0.1576		False
Cluster_24672	194	0.1576		False
Cluster_10251	194	0.1576		False
Cluster_9876	193	0.1568		False
Cluster_18199	193	0.1568		False
Cluster_8865	193	0.1568		False
Cluster_16356	193	0.1568		False
Cluster_10112	192	0.156		False
Cluster_12846	192	0.156		False
Cluster_10870	191	0.1552		False
Cluster_24017	191	0.1552		False
Cluster_24831	191	0.1552		False
Cluster_8826	191	0.1552		False
Cluster_14162	190	0.1543		False
Cluster_10657	190	0.1543		False
Cluster_22828	189	0.1535		False
Cluster_4103	189	0.1535		False
Cluster_14569	189	0.1535		False
Cluster_22575	189	0.1535		False
Cluster_10957	189	0.1535		False
Cluster_7949	188	0.1527		False
Cluster_20233	188	0.1527		False
Cluster_6425	188	0.1527		False
Cluster_995	188	0.1527		False
Cluster_4383	188	0.1527		False
Cluster_4000	187	0.1519		False
Cluster_3010	186	0.1511		False
Cluster_19877	186	0.1511		False
Cluster_2189	185	0.1503		False
Cluster_8170	185	0.1503		False
Cluster_19680	185	0.1503		False
Cluster_9534	184	0.1495		False
Cluster_5932	184	0.1495		False
Cluster_12633	184	0.1495		False
Cluster_17932	184	0.1495		False
Cluster_3740	184	0.1495		False
Cluster_11502	184	0.1495		False
Cluster_11532	183	0.1487		False
Cluster_16290	182	0.1478		False
Cluster_25130	182	0.1478		False
Cluster_19078	181	0.147		False
Cluster_19543	181	0.147		False
Cluster_22759	181	0.147		False
Cluster_21685	180	0.1462		False
Cluster_24526	180	0.1462		False
Cluster_18127	180	0.1462		False
Cluster_22194	180	0.1462		False
Cluster_14606	180	0.1462		False
Cluster_16866	180	0.1462		False
Cluster_2427	180	0.1462		False
Cluster_23023	180	0.1462		False
Cluster_15501	179	0.1454		False
Cluster_8422	179	0.1454		False
Cluster_17248	179	0.1454		False
Cluster_4643	179	0.1454		False
Cluster_20461	179	0.1454		False
Cluster_18631	179	0.1454		False
Cluster_645	179	0.1454		False
Cluster_6050	178	0.1446		False
Cluster_15180	178	0.1446		False
Cluster_16221	178	0.1446		False
Cluster_8987	178	0.1446		False
Cluster_24571	178	0.1446		False
Cluster_15565	178	0.1446		False
Cluster_4370	176	0.143		False
Cluster_3159	176	0.143		False
Cluster_5613	176	0.143		False
Cluster_21753	176	0.143		False
Cluster_156	176	0.143		False
Cluster_5864	175	0.1422		False
Cluster_11907	175	0.1422		False
Cluster_4230	174	0.1413		False
Cluster_5341	174	0.1413		False
Cluster_7345	174	0.1413		False
Cluster_8599	174	0.1413		False
Cluster_9958	174	0.1413		False
Cluster_2147	174	0.1413		False
Cluster_8935	174	0.1413		False
Cluster_564	174	0.1413		False
Cluster_7563	173	0.1405		False
Cluster_26035	173	0.1405		False
Cluster_8614	173	0.1405		False
Cluster_9678	172	0.1397		False
Cluster_1231	172	0.1397		False
Cluster_15980	172	0.1397		False
Cluster_457	172	0.1397		False
Cluster_4824	172	0.1397		False
Cluster_11507	172	0.1397		False
Cluster_24019	172	0.1397		False
Cluster_24942	172	0.1397		False
Cluster_5140	171	0.1389		False
Cluster_3926	171	0.1389		False
Cluster_22192	171	0.1389		False
Cluster_10685	170	0.1381		False
Cluster_3779	170	0.1381		False
Cluster_15795	170	0.1381		False
Cluster_3678	170	0.1381		False
Cluster_7246	169	0.1373		False
Cluster_6111	169	0.1373		False
Cluster_13261	169	0.1373		False
Cluster_19844	169	0.1373		False
Cluster_22623	169	0.1373		False
Cluster_2760	169	0.1373		False
Cluster_13281	169	0.1373		False
Cluster_653	168	0.1365		False
Cluster_16552	168	0.1365		False
Cluster_21143	168	0.1365		False
Cluster_1924	167	0.1357		False
Cluster_15590	167	0.1357		False
Cluster_20230	167	0.1357		False
Cluster_17179	166	0.1348		False
Cluster_605	166	0.1348		False
Cluster_23575	166	0.1348		False
Cluster_16486	166	0.1348		False
Cluster_5750	166	0.1348		False
Cluster_4539	166	0.1348		False
Cluster_20265	166	0.1348		False
Cluster_18034	166	0.1348		False
Cluster_3541	165	0.134		False
Cluster_11723	165	0.134		False
Cluster_2977	164	0.1332		False
Cluster_5384	163	0.1324		False
Cluster_1173	163	0.1324		False
Cluster_3295	163	0.1324		False
Cluster_8934	163	0.1324		False
Cluster_10596	162	0.1316		False
Cluster_17251	162	0.1316		False
Cluster_4545	162	0.1316		False
Cluster_12615	162	0.1316		False
Cluster_10175	162	0.1316		False
Cluster_4441	162	0.1316		False
Cluster_1216	161	0.1308		False
Cluster_7007	161	0.1308		False
Cluster_17991	161	0.1308		False
Cluster_6455	161	0.1308		False
Cluster_434	160	0.13		False
Cluster_20854	160	0.13		False
Cluster_2740	160	0.13		False
Cluster_7104	159	0.1292		False
Cluster_10853	159	0.1292		False
Cluster_3080	158	0.1284		False
Cluster_4972	158	0.1284		False
Cluster_20109	158	0.1284		False
Cluster_11064	158	0.1284		False
Cluster_25936	157	0.1275		False
Cluster_351	157	0.1275		False
Cluster_5560	157	0.1275		False
Cluster_232	156	0.1267		False
Cluster_19114	156	0.1267		False
Cluster_20936	156	0.1267		False
Cluster_9115	155	0.1259		False
Cluster_19077	155	0.1259		False
Cluster_15392	155	0.1259		False
Cluster_5619	155	0.1259		False
Cluster_3092	155	0.1259		False
Cluster_18780	154	0.1251		False
Cluster_17647	154	0.1251		False
Cluster_7123	154	0.1251		False
Cluster_10224	154	0.1251		False
Cluster_25843	154	0.1251		False
Cluster_6316	154	0.1251		False
Cluster_2803	154	0.1251		False
Cluster_7802	154	0.1251		False
Cluster_1672	153	0.1243		False
Cluster_13389	153	0.1243		False
Cluster_570	153	0.1243		False
Cluster_12025	153	0.1243		False
Cluster_22751	153	0.1243		False
Cluster_21358	153	0.1243		False
Cluster_20815	153	0.1243		False
Cluster_22028	153	0.1243		False
Cluster_1860	153	0.1243		False
Cluster_22503	152	0.1235		False
Cluster_704	152	0.1235		False
Cluster_25332	152	0.1235		False
Cluster_7673	152	0.1235		False
Cluster_23255	152	0.1235		False
Cluster_10898	152	0.1235		False
Cluster_16740	152	0.1235		False
Cluster_11888	152	0.1235		False
Cluster_22752	151	0.1227		False
Cluster_4822	150	0.1219		False
Cluster_16782	150	0.1219		False
Cluster_5872	150	0.1219		False
Cluster_25357	150	0.1219		False
Cluster_7895	149	0.121		False
Cluster_13959	149	0.121		False
Cluster_24197	149	0.121		False
Cluster_21012	149	0.121		False
Cluster_20941	148	0.1202		False
Cluster_13369	148	0.1202		False
Cluster_20998	148	0.1202		False
Cluster_24818	148	0.1202		False
Cluster_25410	148	0.1202		False
Cluster_8729	148	0.1202		False
Cluster_4435	147	0.1194		False
Cluster_11969	147	0.1194		False
Cluster_21065	147	0.1194		False
Cluster_20636	147	0.1194		False
Cluster_10422	146	0.1186		False
Cluster_9870	146	0.1186		False
Cluster_12689	146	0.1186		False
Cluster_1418	146	0.1186		False
Cluster_356	146	0.1186		False
Cluster_10824	146	0.1186		False
Cluster_20457	146	0.1186		False
Cluster_24443	145	0.1178		False
Cluster_22082	145	0.1178		False
Cluster_10362	145	0.1178		False
Cluster_10797	145	0.1178		False
Cluster_22274	145	0.1178		False
Cluster_3834	145	0.1178		False
Cluster_11306	145	0.1178		False
Cluster_4683	145	0.1178		False
Cluster_15120	145	0.1178		False
Cluster_13305	144	0.117		False
Cluster_3189	144	0.117		False
Cluster_4229	144	0.117		False
Cluster_13146	144	0.117		False
Cluster_19195	143	0.1162		False
Cluster_14134	143	0.1162		False
Cluster_23131	143	0.1162		False
Cluster_1518	143	0.1162		False
Cluster_12898	143	0.1162		False
Cluster_261	143	0.1162		False
Cluster_7559	143	0.1162		False
Cluster_21677	143	0.1162		False
Cluster_11049	142	0.1154		False
Cluster_9585	142	0.1154		False
Cluster_23062	142	0.1154		False
Cluster_17135	141	0.1145		False
Cluster_8293	141	0.1145		False
Cluster_6116	141	0.1145		False
Cluster_3218	141	0.1145		False
Cluster_4559	141	0.1145		False
Cluster_3642	141	0.1145		False
Cluster_17486	141	0.1145		False
Cluster_12726	141	0.1145		False
Cluster_2457	140	0.1137		False
Cluster_11112	140	0.1137		False
Cluster_13296	140	0.1137		False
Cluster_12504	140	0.1137		False
Cluster_7625	140	0.1137		False
Cluster_2590	140	0.1137		False
Cluster_10322	140	0.1137		False
Cluster_26039	140	0.1137		False
Cluster_22981	140	0.1137		False
Cluster_6590	140	0.1137		False
Cluster_8684	140	0.1137		False
Cluster_13385	139	0.1129		False
Cluster_10432	139	0.1129		False
Cluster_15773	139	0.1129		False
Cluster_10495	139	0.1129		False
Cluster_12956	139	0.1129		False
Cluster_5039	139	0.1129		False
Cluster_17870	139	0.1129		False
Cluster_23715	138	0.1121		False
Cluster_6968	138	0.1121		False
Cluster_21215	138	0.1121		False
Cluster_19349	138	0.1121		False
Cluster_939	138	0.1121		False
Cluster_16707	138	0.1121		False
Cluster_22715	138	0.1121		False
Cluster_18618	138	0.1121		False
Cluster_15875	137	0.1113		False
Cluster_7532	137	0.1113		False
Cluster_17184	137	0.1113		False
Cluster_23233	137	0.1113		False
Cluster_17076	137	0.1113		False
Cluster_11782	137	0.1113		False
Cluster_13558	137	0.1113		False
Cluster_7639	136	0.1105		False
Cluster_16044	136	0.1105		False
Cluster_7376	136	0.1105		False
Cluster_7799	136	0.1105		False
Cluster_4131	136	0.1105		False
Cluster_2508	135	0.1097		False
Cluster_19149	135	0.1097		False
Cluster_17858	135	0.1097		False
Cluster_349	135	0.1097		False
Cluster_5586	135	0.1097		False
Cluster_6385	134	0.1089		False
Cluster_1358	134	0.1089		False
Cluster_16329	134	0.1089		False
Cluster_18702	133	0.108		False
Cluster_16460	133	0.108		False
Cluster_24666	133	0.108		False
Cluster_22414	133	0.108		False
Cluster_9714	133	0.108		False
Cluster_16168	132	0.1072		False
Cluster_3924	132	0.1072		False
Cluster_18114	132	0.1072		False
Cluster_15213	132	0.1072		False
Cluster_22058	132	0.1072		False
Cluster_1740	132	0.1072		False
Cluster_25651	132	0.1072		False
Cluster_136	132	0.1072		False
Cluster_1573	131	0.1064		False
Cluster_6196	131	0.1064		False
Cluster_6518	131	0.1064		False
Cluster_24670	131	0.1064		False
Cluster_360	130	0.1056		False
Cluster_12205	130	0.1056		False
Cluster_23480	129	0.1048		False
Cluster_9813	129	0.1048		False
Cluster_1486	129	0.1048		False
Cluster_24838	129	0.1048		False
Cluster_18370	128	0.104		False
Cluster_18575	128	0.104		False
Cluster_11832	128	0.104		False
Cluster_2910	128	0.104		False
Cluster_15029	128	0.104		False
Cluster_8561	128	0.104		False
Cluster_7659	128	0.104		False
Cluster_12376	127	0.1032		False
Cluster_4810	127	0.1032		False
Cluster_17416	127	0.1032		False
Cluster_6886	127	0.1032		False
Cluster_22096	127	0.1032		False
Cluster_3692	126	0.1024		False
Cluster_6644	126	0.1024		False
Cluster_4701	126	0.1024		False
Cluster_7883	126	0.1024		False
Cluster_3023	126	0.1024		False
Cluster_18645	126	0.1024		False
Cluster_7287	126	0.1024		False
Cluster_16503	126	0.1024		False
Cluster_1244	126	0.1024		False
Cluster_7716	126	0.1024		False
Cluster_21756	126	0.1024		False
Cluster_16394	125	0.1015		False
Cluster_16307	125	0.1015		False
Cluster_7377	125	0.1015		False
Cluster_129	125	0.1015		False
Cluster_6901	125	0.1015		False
Cluster_22130	125	0.1015		False
Cluster_9486	125	0.1015		False
Cluster_2798	125	0.1015		False
Cluster_541	125	0.1015		False
Cluster_3480	125	0.1015		False
Cluster_19154	125	0.1015		False
Cluster_12091	124	0.1007		False
Cluster_2347	124	0.1007		False
Cluster_8443	124	0.1007		False
Cluster_21573	124	0.1007		False
Cluster_10735	124	0.1007		False
Cluster_4483	124	0.1007		False
Cluster_13521	124	0.1007		False
Cluster_3467	123	0.0999		False
Cluster_8195	123	0.0999		False
Cluster_5720	123	0.0999		False
Cluster_834	123	0.0999		False
Cluster_8743	123	0.0999		False
Cluster_19100	123	0.0999		False
Cluster_16281	123	0.0999		False
Cluster_999	123	0.0999		False
Cluster_14497	123	0.0999		False
Cluster_16336	123	0.0999		False
Cluster_22852	122	0.0991		False
Cluster_5536	122	0.0991		False
Cluster_3379	122	0.0991		False
Cluster_19614	122	0.0991		False
Cluster_2534	122	0.0991		False
Cluster_5045	122	0.0991		False
Cluster_16291	122	0.0991		False
Cluster_2618	122	0.0991		False
Cluster_9792	122	0.0991		False
Cluster_15611	122	0.0991		False
Cluster_14601	121	0.0983		False
Cluster_607	121	0.0983		False
Cluster_1969	121	0.0983		False
Cluster_4006	121	0.0983		False
Cluster_10439	121	0.0983		False
Cluster_3243	121	0.0983		False
Cluster_18630	121	0.0983		False
Cluster_3052	121	0.0983		False
Cluster_892	120	0.0975		False
Cluster_18908	120	0.0975		False
Cluster_4522	120	0.0975		False
Cluster_2020	120	0.0975		False
Cluster_11876	120	0.0975		False
Cluster_2522	120	0.0975		False
Cluster_21676	120	0.0975		False
Cluster_5074	120	0.0975		False
Cluster_17231	119	0.0967		False
Cluster_19606	119	0.0967		False
Cluster_5581	119	0.0967		False
Cluster_25550	119	0.0967		False
Cluster_13076	119	0.0967		False
Cluster_10791	119	0.0967		False
Cluster_5974	119	0.0967		False
Cluster_3284	119	0.0967		False
Cluster_19780	119	0.0967		False
Cluster_203	119	0.0967		False
Cluster_9606	119	0.0967		False
Cluster_2423	119	0.0967		False
Cluster_524	118	0.0959		False
Cluster_1122	118	0.0959		False
Cluster_19280	118	0.0959		False
Cluster_25402	118	0.0959		False
Cluster_4114	118	0.0959		False
Cluster_5944	118	0.0959		False
Cluster_12281	117	0.095		False
Cluster_19024	117	0.095		False
Cluster_8341	117	0.095		False
Cluster_8784	117	0.095		False
Cluster_6017	117	0.095		False
Cluster_1759	117	0.095		False
Cluster_19836	117	0.095		False
Cluster_5946	116	0.0942		False
Cluster_809	116	0.0942		False
Cluster_5928	116	0.0942		False
Cluster_12304	116	0.0942		False
Cluster_2276	115	0.0934		False
Cluster_10297	115	0.0934		False
Cluster_13418	115	0.0934		False
Cluster_25993	115	0.0934		False
Cluster_22422	114	0.0926		False
Cluster_6694	114	0.0926		False
Cluster_5838	114	0.0926		False
Cluster_19825	114	0.0926		False
Cluster_9794	114	0.0926		False
Cluster_7837	114	0.0926		False
Cluster_7244	114	0.0926		False
Cluster_16516	113	0.0918		False
Cluster_13629	113	0.0918		False
Cluster_24580	113	0.0918		False
Cluster_16802	113	0.0918		False
Cluster_16105	113	0.0918		False
Cluster_19351	113	0.0918		False
Cluster_15292	113	0.0918		False
Cluster_2439	112	0.091		False
Cluster_3354	112	0.091		False
Cluster_20623	112	0.091		False
Cluster_19098	111	0.0902		False
Cluster_15547	111	0.0902		False
Cluster_7086	111	0.0902		False
Cluster_5887	111	0.0902		False
Cluster_17689	111	0.0902		False
Cluster_9070	111	0.0902		False
Cluster_4583	111	0.0902		False
Cluster_22579	111	0.0902		False
Cluster_24280	111	0.0902		False
Cluster_7234	110	0.0894		False
Cluster_5573	110	0.0894		False
Cluster_14946	110	0.0894		False
Cluster_11281	110	0.0894		False
Cluster_11984	110	0.0894		False
Cluster_13104	110	0.0894		False
Cluster_19289	110	0.0894		False
Cluster_392	110	0.0894		False
Cluster_969	109	0.0885		False
Cluster_9850	109	0.0885		False
Cluster_19950	109	0.0885		False
Cluster_9864	109	0.0885		False
Cluster_9829	109	0.0885		False
Cluster_14510	109	0.0885		False
Cluster_11006	109	0.0885		False
Cluster_3895	108	0.0877		False
Cluster_6609	108	0.0877		False
Cluster_5699	108	0.0877		False
Cluster_51	108	0.0877		False
Cluster_15357	108	0.0877		False
Cluster_11988	108	0.0877		False
Cluster_1606	107	0.0869		False
Cluster_225	107	0.0869		False
Cluster_24097	107	0.0869		False
Cluster_12634	107	0.0869		False
Cluster_23848	107	0.0869		False
Cluster_23164	107	0.0869		False
Cluster_13075	107	0.0869		False
Cluster_14403	107	0.0869		False
Cluster_6436	106	0.0861		False
Cluster_23661	106	0.0861		False
Cluster_2875	106	0.0861		False
Cluster_17473	106	0.0861		False
Cluster_16204	106	0.0861		False
Cluster_18366	106	0.0861		False
Cluster_6200	106	0.0861		False
Cluster_16952	106	0.0861		False
Cluster_23997	106	0.0861		False
Cluster_22207	106	0.0861		False
Cluster_2945	106	0.0861		False
Cluster_18881	105	0.0853		False
Cluster_14675	105	0.0853		False
Cluster_5739	105	0.0853		False
Cluster_436	105	0.0853		False
Cluster_7657	105	0.0853		False
Cluster_3026	105	0.0853		False
Cluster_110	105	0.0853		False
Cluster_10992	105	0.0853		False
Cluster_15233	105	0.0853		False
Cluster_2009	105	0.0853		False
Cluster_1258	104	0.0845		False
Cluster_16635	104	0.0845		False
Cluster_3304	104	0.0845		False
Cluster_9357	104	0.0845		False
Cluster_23314	104	0.0845		False
Cluster_10393	104	0.0845		False
Cluster_16540	104	0.0845		False
Cluster_6764	103	0.0837		False
Cluster_2774	103	0.0837		False
Cluster_17303	103	0.0837		False
Cluster_509	103	0.0837		False
Cluster_16842	103	0.0837		False
Cluster_15450	103	0.0837		False
Cluster_5193	103	0.0837		False
Cluster_19936	103	0.0837		False
Cluster_18663	103	0.0837		False
Cluster_19167	102	0.0829		False
Cluster_23562	102	0.0829		False
Cluster_5679	102	0.0829		False
Cluster_17931	102	0.0829		False
Cluster_796	101	0.082		False
Cluster_3058	101	0.082		False
Cluster_13453	101	0.082		False
Cluster_12885	101	0.082		False
Cluster_5925	101	0.082		False
Cluster_19072	101	0.082		False
Cluster_23731	101	0.082		False
Cluster_13710	101	0.082		False
Cluster_23172	101	0.082		False
Cluster_20921	100	0.0812		False
Cluster_24949	100	0.0812		False
Cluster_24690	100	0.0812		False
Cluster_14133	100	0.0812		False
Cluster_23294	100	0.0812		False
Cluster_11051	100	0.0812		False
Cluster_45	100	0.0812		False
Cluster_1456	100	0.0812		False
Cluster_8048	100	0.0812		False
Cluster_12646	100	0.0812		False
Cluster_7550	100	0.0812		False
Cluster_9598	99	0.0804		False
Cluster_2583	99	0.0804		False
Cluster_7715	99	0.0804		False
Cluster_24675	99	0.0804		False
Cluster_7587	99	0.0804		False
Cluster_5463	99	0.0804		False
Cluster_25231	99	0.0804		False
Cluster_7642	99	0.0804		False
Cluster_5802	99	0.0804		False
Cluster_9626	99	0.0804		False
Cluster_8542	99	0.0804		False
Cluster_14261	99	0.0804		False
Cluster_1678	99	0.0804		False
Cluster_18204	98	0.0796		False
Cluster_21884	98	0.0796		False
Cluster_8480	98	0.0796		False
Cluster_17704	98	0.0796		False
Cluster_18787	98	0.0796		False
Cluster_21575	98	0.0796		False
Cluster_14432	98	0.0796		False
Cluster_7552	97	0.0788		False
Cluster_6854	97	0.0788		False
Cluster_13517	97	0.0788		False
Cluster_25646	97	0.0788		False
Cluster_24573	97	0.0788		False
Cluster_3761	97	0.0788		False
Cluster_13934	97	0.0788		False
Cluster_10416	97	0.0788		False
Cluster_1548	97	0.0788		False
Cluster_18735	96	0.078		False
Cluster_12277	96	0.078		False
Cluster_12225	96	0.078		False
Cluster_1372	96	0.078		False
Cluster_11794	96	0.078		False
Cluster_10029	96	0.078		False
Cluster_2207	96	0.078		False
Cluster_6014	96	0.078		False
Cluster_7580	96	0.078		False
Cluster_5419	96	0.078		False
Cluster_21499	95	0.0772		False
Cluster_11732	95	0.0772		False
Cluster_12429	95	0.0772		False
Cluster_9709	95	0.0772		False
Cluster_22829	95	0.0772		False
Cluster_18770	95	0.0772		False
Cluster_7646	95	0.0772		False
Cluster_8583	95	0.0772		False
Cluster_11332	95	0.0772		False
Cluster_25037	95	0.0772		False
Cluster_5320	94	0.0764		False
Cluster_12931	94	0.0764		False
Cluster_22036	94	0.0764		False
Cluster_1673	94	0.0764		False
Cluster_16203	94	0.0764		False
Cluster_4480	94	0.0764		False
Cluster_24021	94	0.0764		False
Cluster_4706	94	0.0764		False
Cluster_3737	94	0.0764		False
Cluster_3308	93	0.0755		False
Cluster_17114	93	0.0755		False
Cluster_3978	93	0.0755		False
Cluster_16900	93	0.0755		False
Cluster_14125	93	0.0755		False
Cluster_12862	93	0.0755		False
Cluster_25851	93	0.0755		False
Cluster_9330	93	0.0755		False
Cluster_5483	92	0.0747		False
Cluster_1715	92	0.0747		False
Cluster_14069	92	0.0747		False
Cluster_18777	92	0.0747		False
Cluster_4450	92	0.0747		False
Cluster_11566	92	0.0747		False
Cluster_6350	92	0.0747		False
Cluster_14187	92	0.0747		False
Cluster_18102	91	0.0739		False
Cluster_9622	91	0.0739		False
Cluster_17272	91	0.0739		False
Cluster_19237	91	0.0739		False
Cluster_14663	91	0.0739		False
Cluster_10283	91	0.0739		False
Cluster_13563	91	0.0739		False
Cluster_23308	91	0.0739		False
Cluster_20468	91	0.0739		False
Cluster_8188	91	0.0739		False
Cluster_11144	91	0.0739		False
Cluster_7619	91	0.0739		False
Cluster_22087	91	0.0739		False
Cluster_13450	91	0.0739		False
Cluster_9339	91	0.0739		False
Cluster_10123	91	0.0739		False
Cluster_22297	91	0.0739		False
Cluster_14557	90	0.0731		False
Cluster_3552	90	0.0731		False
Cluster_11107	90	0.0731		False
Cluster_22357	90	0.0731		False
Cluster_10015	90	0.0731		False
Cluster_25554	90	0.0731		False
Cluster_8205	90	0.0731		False
Cluster_5507	90	0.0731		False
Cluster_16593	90	0.0731		False
Cluster_4929	89	0.0723		False
Cluster_2687	89	0.0723		False
Cluster_25408	89	0.0723		False
Cluster_230	89	0.0723		False
Cluster_7223	89	0.0723		False
Cluster_22336	89	0.0723		False
Cluster_2722	89	0.0723		False
Cluster_21220	89	0.0723		False
Cluster_7217	89	0.0723		False
Cluster_8568	88	0.0715		False
Cluster_23168	88	0.0715		False
Cluster_5956	88	0.0715		False
Cluster_19138	88	0.0715		False
Cluster_15188	88	0.0715		False
Cluster_1389	88	0.0715		False
Cluster_12006	88	0.0715		False
Cluster_20286	88	0.0715		False
Cluster_12813	88	0.0715		False
Cluster_8763	88	0.0715		False
Cluster_14356	88	0.0715		False
Cluster_16110	88	0.0715		False
Cluster_9827	87	0.0707		False
Cluster_16919	87	0.0707		False
Cluster_8428	87	0.0707		False
Cluster_6906	87	0.0707		False
Cluster_2244	87	0.0707		False
Cluster_11416	87	0.0707		False
Cluster_4517	87	0.0707		False
Cluster_5350	87	0.0707		False
Cluster_1422	87	0.0707		False
Cluster_7265	87	0.0707		False
Cluster_5468	87	0.0707		False
Cluster_11877	87	0.0707		False
Cluster_23806	87	0.0707		False
Cluster_8676	86	0.0699		False
Cluster_19663	86	0.0699		False
Cluster_3757	86	0.0699		False
Cluster_937	86	0.0699		False
Cluster_25127	86	0.0699		False
Cluster_12161	86	0.0699		False
Cluster_4035	86	0.0699		False
Cluster_7155	86	0.0699		False
Cluster_14807	86	0.0699		False
Cluster_22580	86	0.0699		False
Cluster_5850	86	0.0699		False
Cluster_9614	86	0.0699		False
Cluster_21836	86	0.0699		False
Cluster_21827	86	0.0699		False
Cluster_12604	85	0.069		False
Cluster_4789	85	0.069		False
Cluster_9560	85	0.069		False
Cluster_24378	85	0.069		False
Cluster_18468	85	0.069		False
Cluster_4104	85	0.069		False
Cluster_24277	85	0.069		False
Cluster_5082	85	0.069		False
Cluster_11633	85	0.069		False
Cluster_10924	85	0.069		False
Cluster_1987	85	0.069		False
Cluster_7721	85	0.069		False
Cluster_14944	84	0.0682		False
Cluster_11187	84	0.0682		False
Cluster_15661	84	0.0682		False
Cluster_3920	84	0.0682		False
Cluster_21097	84	0.0682		False
Cluster_10341	84	0.0682		False
Cluster_14026	84	0.0682		False
Cluster_3640	84	0.0682		False
Cluster_19198	84	0.0682		False
Cluster_12084	84	0.0682		False
Cluster_1396	84	0.0682		False
Cluster_8891	84	0.0682		False
Cluster_4068	84	0.0682		False
Cluster_22201	83	0.0674		False
Cluster_23265	83	0.0674		False
Cluster_20522	83	0.0674		False
Cluster_1611	83	0.0674		False
Cluster_25557	83	0.0674		False
Cluster_12748	83	0.0674		False
Cluster_222	83	0.0674		False
Cluster_18132	83	0.0674		False
Cluster_24279	83	0.0674		False
Cluster_3171	83	0.0674		False
Cluster_186	83	0.0674		False
Cluster_21437	83	0.0674		False
Cluster_2462	82	0.0666		False
Cluster_21872	82	0.0666		False
Cluster_19171	82	0.0666		False
Cluster_1329	82	0.0666		False
Cluster_20989	82	0.0666		False
Cluster_3601	82	0.0666		False
Cluster_6141	82	0.0666		False
Cluster_24347	82	0.0666		False
Cluster_3831	82	0.0666		False
Cluster_17183	82	0.0666		False
Cluster_3291	82	0.0666		False
Cluster_19080	81	0.0658		False
Cluster_17461	81	0.0658		False
Cluster_1867	81	0.0658		False
Cluster_26038	81	0.0658		False
Cluster_4515	81	0.0658		False
Cluster_5053	81	0.0658		False
Cluster_4776	80	0.065		False
Cluster_24581	80	0.065		False
Cluster_19353	80	0.065		False
Cluster_19932	80	0.065		False
Cluster_20410	80	0.065		False
Cluster_16278	80	0.065		False
Cluster_3523	80	0.065		False
Cluster_23942	80	0.065		False
Cluster_20032	80	0.065		False
Cluster_6161	80	0.065		False
Cluster_18518	80	0.065		False
Cluster_8630	80	0.065		False
Cluster_12435	80	0.065		False
Cluster_1163	80	0.065		False
Cluster_18591	79	0.0642		False
Cluster_3887	79	0.0642		False
Cluster_11013	79	0.0642		False
Cluster_4239	79	0.0642		False
Cluster_13577	79	0.0642		False
Cluster_23005	79	0.0642		False
Cluster_3946	79	0.0642		False
Cluster_23322	79	0.0642		False
Cluster_22668	79	0.0642		False
Cluster_26049	79	0.0642		False
Cluster_7521	79	0.0642		False
Cluster_24778	79	0.0642		False
Cluster_20881	79	0.0642		False
Cluster_9373	79	0.0642		False
Cluster_25558	79	0.0642		False
Cluster_3106	79	0.0642		False
Cluster_14567	79	0.0642		False
Cluster_1552	78	0.0634		False
Cluster_25389	78	0.0634		False
Cluster_2552	78	0.0634		False
Cluster_5188	78	0.0634		False
Cluster_8354	78	0.0634		False
Cluster_13964	78	0.0634		False
Cluster_6928	78	0.0634		False
Cluster_12927	78	0.0634		False
Cluster_13033	78	0.0634		False
Cluster_23564	78	0.0634		False
Cluster_25643	77	0.0626		False
Cluster_2442	77	0.0626		False
Cluster_10274	77	0.0626		False
Cluster_2871	77	0.0626		False
Cluster_10652	77	0.0626		False
Cluster_24364	77	0.0626		False
Cluster_23085	77	0.0626		False
Cluster_2393	77	0.0626		False
Cluster_6553	77	0.0626		False
Cluster_7381	77	0.0626		False
Cluster_14450	77	0.0626		False
Cluster_8353	77	0.0626		False
Cluster_23082	77	0.0626		False
Cluster_17026	77	0.0626		False
Cluster_24587	77	0.0626		False
Cluster_7006	77	0.0626		False
Cluster_21221	77	0.0626		False
Cluster_9152	76	0.0617		False
Cluster_18859	76	0.0617		False
Cluster_19282	76	0.0617		False
Cluster_14811	76	0.0617		False
Cluster_7525	76	0.0617		False
Cluster_8948	76	0.0617		False
Cluster_2621	76	0.0617		False
Cluster_22992	76	0.0617		False
Cluster_16403	76	0.0617		False
Cluster_2197	76	0.0617		False
Cluster_7172	76	0.0617		False
Cluster_10369	76	0.0617		False
Cluster_23323	76	0.0617		False
Cluster_18200	76	0.0617		False
Cluster_2400	75	0.0609		False
Cluster_22910	75	0.0609		False
Cluster_7428	75	0.0609		False
Cluster_1131	75	0.0609		False
Cluster_10063	75	0.0609		False
Cluster_18522	75	0.0609		False
Cluster_18841	75	0.0609		False
Cluster_16485	75	0.0609		False
Cluster_21679	75	0.0609		False
Cluster_19366	75	0.0609		False
Cluster_15407	75	0.0609		False
Cluster_134	75	0.0609		False
Cluster_12307	75	0.0609		False
Cluster_1499	75	0.0609		False
Cluster_2249	74	0.0601		False
Cluster_14307	74	0.0601		False
Cluster_24527	74	0.0601		False
Cluster_2180	74	0.0601		False
Cluster_22494	74	0.0601		False
Cluster_5692	74	0.0601		False
Cluster_1937	74	0.0601		False
Cluster_7903	74	0.0601		False
Cluster_23496	74	0.0601		False
Cluster_24438	74	0.0601		False
Cluster_24786	74	0.0601		False
Cluster_21387	74	0.0601		False
Cluster_9905	74	0.0601		False
Cluster_23841	74	0.0601		False
Cluster_8661	74	0.0601		False
Cluster_15484	74	0.0601		False
Cluster_17531	74	0.0601		False
Cluster_9997	73	0.0593		False
Cluster_9604	73	0.0593		False
Cluster_24576	73	0.0593		False
Cluster_20088	73	0.0593		False
Cluster_15873	73	0.0593		False
Cluster_14715	73	0.0593		False
Cluster_107	73	0.0593		False
Cluster_13625	73	0.0593		False
Cluster_20291	73	0.0593		False
Cluster_20951	73	0.0593		False
Cluster_3739	73	0.0593		False
Cluster_18658	73	0.0593		False
Cluster_24652	73	0.0593		False
Cluster_12855	73	0.0593		False
Cluster_21228	73	0.0593		False
Cluster_8121	73	0.0593		False
Cluster_24684	73	0.0593		False
Cluster_9753	73	0.0593		False
Cluster_1182	73	0.0593		False
Cluster_5011	73	0.0593		False
Cluster_11039	72	0.0585		False
Cluster_12313	72	0.0585		False
Cluster_5638	72	0.0585		False
Cluster_2573	72	0.0585		False
Cluster_3210	72	0.0585		False
Cluster_22421	72	0.0585		False
Cluster_1525	72	0.0585		False
Cluster_17245	72	0.0585		False
Cluster_17302	72	0.0585		False
Cluster_22204	72	0.0585		False
Cluster_1128	72	0.0585		False
Cluster_20935	72	0.0585		False
Cluster_4963	71	0.0577		False
Cluster_10648	71	0.0577		False
Cluster_5905	71	0.0577		False
Cluster_14573	71	0.0577		False
Cluster_21938	71	0.0577		False
Cluster_16573	71	0.0577		False
Cluster_20822	71	0.0577		False
Cluster_21158	71	0.0577		False
Cluster_23712	71	0.0577		False
Cluster_576	71	0.0577		False
Cluster_7489	71	0.0577		False
Cluster_1746	71	0.0577		False
Cluster_9220	70	0.0569		False
Cluster_10928	70	0.0569		False
Cluster_22420	70	0.0569		False
Cluster_21225	70	0.0569		False
Cluster_1227	70	0.0569		False
Cluster_7694	70	0.0569		False
Cluster_6787	70	0.0569		False
Cluster_6700	70	0.0569		False
Cluster_8251	70	0.0569		False
Cluster_12060	70	0.0569		False
Cluster_15312	70	0.0569		False
Cluster_5779	70	0.0569		False
Cluster_3253	70	0.0569		False
Cluster_18405	70	0.0569		False
Cluster_15356	70	0.0569		False
Cluster_20616	70	0.0569		False
Cluster_21866	69	0.0561		False
Cluster_23760	69	0.0561		False
Cluster_6839	69	0.0561		False
Cluster_18350	69	0.0561		False
Cluster_22431	69	0.0561		False
Cluster_15874	69	0.0561		False
Cluster_1148	69	0.0561		False
Cluster_1574	69	0.0561		False
Cluster_10904	69	0.0561		False
Cluster_591	69	0.0561		False
Cluster_6773	69	0.0561		False
Cluster_10935	69	0.0561		False
Cluster_22834	69	0.0561		False
Cluster_13288	69	0.0561		False
Cluster_5886	69	0.0561		False
Cluster_16504	69	0.0561		False
Cluster_8461	69	0.0561		False
Cluster_16666	69	0.0561		False
Cluster_23059	69	0.0561		False
Cluster_14049	69	0.0561		False
Cluster_2242	69	0.0561		False
Cluster_4442	69	0.0561		False
Cluster_17024	69	0.0561		False
Cluster_25865	69	0.0561		False
Cluster_4754	69	0.0561		False
Cluster_8296	69	0.0561		False
Cluster_6106	69	0.0561		False
Cluster_12159	69	0.0561		False
Cluster_8019	69	0.0561		False
Cluster_17138	69	0.0561		False
Cluster_19081	68	0.0552		False
Cluster_5842	68	0.0552		False
Cluster_7127	68	0.0552		False
Cluster_399	68	0.0552		False
Cluster_14207	68	0.0552		False
Cluster_19286	68	0.0552		False
Cluster_9980	68	0.0552		False
Cluster_5716	68	0.0552		False
Cluster_22423	68	0.0552		False
Cluster_5014	68	0.0552		False
Cluster_11668	68	0.0552		False
Cluster_4412	68	0.0552		False
Cluster_11833	68	0.0552		False
Cluster_7092	68	0.0552		False
Cluster_22576	68	0.0552		False
Cluster_4350	67	0.0544		False
Cluster_1547	67	0.0544		False
Cluster_5201	67	0.0544		False
Cluster_2484	67	0.0544		False
Cluster_15677	67	0.0544		False
Cluster_4376	67	0.0544		False
Cluster_1032	67	0.0544		False
Cluster_16682	67	0.0544		False
Cluster_7943	67	0.0544		False
Cluster_2860	67	0.0544		False
Cluster_10502	67	0.0544		False
Cluster_13167	67	0.0544		False
Cluster_3013	67	0.0544		False
Cluster_13511	67	0.0544		False
Cluster_5219	66	0.0536		False
Cluster_9128	66	0.0536		False
Cluster_17030	66	0.0536		False
Cluster_10171	66	0.0536		False
Cluster_6076	66	0.0536		False
Cluster_20080	66	0.0536		False
Cluster_5629	66	0.0536		False
Cluster_14227	66	0.0536		False
Cluster_3906	66	0.0536		False
Cluster_21761	66	0.0536		False
Cluster_25036	66	0.0536		False
Cluster_6619	66	0.0536		False
Cluster_1006	66	0.0536		False
Cluster_12988	66	0.0536		False
Cluster_14355	66	0.0536		False
Cluster_22849	66	0.0536		False
Cluster_25361	66	0.0536		False
Cluster_18489	66	0.0536		False
Cluster_23847	65	0.0528		False
Cluster_23123	65	0.0528		False
Cluster_13568	65	0.0528		False
Cluster_24386	65	0.0528		False
Cluster_7429	65	0.0528		False
Cluster_24674	65	0.0528		False
Cluster_8252	65	0.0528		False
Cluster_9929	65	0.0528		False
Cluster_4323	65	0.0528		False
Cluster_18919	65	0.0528		False
Cluster_2489	65	0.0528		False
Cluster_5876	65	0.0528		False
Cluster_3972	65	0.0528		False
Cluster_8089	65	0.0528		False
Cluster_15077	65	0.0528		False
Cluster_23783	65	0.0528		False
Cluster_17467	65	0.0528		False
Cluster_19947	65	0.0528		False
Cluster_18922	65	0.0528		False
Cluster_12439	65	0.0528		False
Cluster_23237	65	0.0528		False
Cluster_5460	65	0.0528		False
Cluster_13583	65	0.0528		False
Cluster_9582	65	0.0528		False
Cluster_6470	65	0.0528		False
Cluster_25029	65	0.0528		False
Cluster_6975	65	0.0528		False
Cluster_16971	65	0.0528		False
Cluster_13671	65	0.0528		False
Cluster_11895	64	0.052		False
Cluster_25040	64	0.052		False
Cluster_8041	64	0.052		False
Cluster_7585	64	0.052		False
Cluster_5481	64	0.052		False
Cluster_15671	64	0.052		False
Cluster_13621	64	0.052		False
Cluster_5953	64	0.052		False
Cluster_22191	64	0.052		False
Cluster_3017	64	0.052		False
Cluster_23705	64	0.052		False
Cluster_6504	64	0.052		False
Cluster_25412	64	0.052		False
Cluster_22031	64	0.052		False
Cluster_19945	64	0.052		False
Cluster_24521	64	0.052		False
Cluster_1349	64	0.052		False
Cluster_15829	63	0.0512		False
Cluster_7591	63	0.0512		False
Cluster_2412	63	0.0512		False
Cluster_23321	63	0.0512		False
Cluster_2771	63	0.0512		False
Cluster_8244	63	0.0512		False
Cluster_422	63	0.0512		False
Cluster_6888	63	0.0512		False
Cluster_18648	63	0.0512		False
Cluster_23766	63	0.0512		False
Cluster_5678	63	0.0512		False
Cluster_17208	63	0.0512		False
Cluster_1029	63	0.0512		False
Cluster_882	63	0.0512		False
Cluster_13106	63	0.0512		False
Cluster_22746	63	0.0512		False
Cluster_25552	63	0.0512		False
Cluster_6128	63	0.0512		False
Cluster_1691	62	0.0504		False
Cluster_2677	62	0.0504		False
Cluster_540	62	0.0504		False
Cluster_7932	62	0.0504		False
Cluster_21942	62	0.0504		False
Cluster_172	62	0.0504		False
Cluster_7781	62	0.0504		False
Cluster_20090	62	0.0504		False
Cluster_23248	62	0.0504		False
Cluster_21905	62	0.0504		False
Cluster_16223	62	0.0504		False
Cluster_8339	62	0.0504		False
Cluster_2973	62	0.0504		False
Cluster_7523	62	0.0504		False
Cluster_21617	62	0.0504		False
Cluster_25551	62	0.0504		False
Cluster_1094	62	0.0504		False
Cluster_12051	62	0.0504		False
Cluster_7305	62	0.0504		False
Cluster_11491	62	0.0504		False
Cluster_15705	62	0.0504		False
Cluster_10342	62	0.0504		False
Cluster_767	62	0.0504		False
Cluster_13377	62	0.0504		False
Cluster_11925	62	0.0504		False
Cluster_15307	61	0.0496		False
Cluster_7927	61	0.0496		False
Cluster_8696	61	0.0496		False
Cluster_23681	61	0.0496		False
Cluster_24779	61	0.0496		False
Cluster_1308	61	0.0496		False
Cluster_10178	61	0.0496		False
Cluster_17944	61	0.0496		False
Cluster_21548	61	0.0496		False
Cluster_4496	61	0.0496		False
Cluster_10831	61	0.0496		False
Cluster_8746	61	0.0496		False
Cluster_4217	61	0.0496		False
Cluster_7726	61	0.0496		False
Cluster_12141	61	0.0496		False
Cluster_14955	61	0.0496		False
Cluster_18916	61	0.0496		False
Cluster_3626	61	0.0496		False
Cluster_13270	61	0.0496		False
Cluster_7756	61	0.0496		False
Cluster_22754	61	0.0496		False
Cluster_16663	61	0.0496		False
Cluster_998	61	0.0496		False
Cluster_6054	61	0.0496		False
Cluster_4363	61	0.0496		False
Cluster_23505	61	0.0496		False
Cluster_10127	61	0.0496		False
Cluster_22210	61	0.0496		False
Cluster_4903	61	0.0496		False
Cluster_5980	60	0.0487		False
Cluster_8141	60	0.0487		False
Cluster_2881	60	0.0487		False
Cluster_295	60	0.0487		False
Cluster_23084	60	0.0487		False
Cluster_5508	60	0.0487		False
Cluster_7950	60	0.0487		False
Cluster_23775	60	0.0487		False
Cluster_7426	60	0.0487		False
Cluster_17364	60	0.0487		False
Cluster_2120	60	0.0487		False
Cluster_20792	60	0.0487		False
Cluster_15884	60	0.0487		False
Cluster_25334	60	0.0487		False
Cluster_15931	60	0.0487		False
Cluster_3152	60	0.0487		False
Cluster_1446	60	0.0487		False
Cluster_2142	60	0.0487		False
Cluster_4774	60	0.0487		False
Cluster_5157	60	0.0487		False
Cluster_11446	60	0.0487		False
Cluster_6558	60	0.0487		False
Cluster_2060	59	0.0479		False
Cluster_5123	59	0.0479		False
Cluster_18900	59	0.0479		False
Cluster_23162	59	0.0479		False
Cluster_16861	59	0.0479		False
Cluster_9435	59	0.0479		False
Cluster_16162	59	0.0479		False
Cluster_11542	59	0.0479		False
Cluster_5615	59	0.0479		False
Cluster_15775	59	0.0479		False
Cluster_17979	59	0.0479		False
Cluster_15959	59	0.0479		False
Cluster_17608	59	0.0479		False
Cluster_12054	59	0.0479		False
Cluster_16173	59	0.0479		False
Cluster_23776	59	0.0479		False
Cluster_3882	59	0.0479		False
Cluster_25038	59	0.0479		False
Cluster_12256	59	0.0479		False
Cluster_12050	59	0.0479		False
Cluster_4207	59	0.0479		False
Cluster_2679	59	0.0479		False
Cluster_15105	59	0.0479		False
Cluster_15164	59	0.0479		False
Cluster_16983	59	0.0479		False
Cluster_2876	59	0.0479		False
Cluster_22836	59	0.0479		False
Cluster_6114	59	0.0479		False
Cluster_17706	59	0.0479		False
Cluster_18130	59	0.0479		False
Cluster_14314	59	0.0479		False
Cluster_7369	59	0.0479		False
Cluster_5303	59	0.0479		False
Cluster_22269	59	0.0479		False
Cluster_24351	58	0.0471		False
Cluster_18845	58	0.0471		False
Cluster_8821	58	0.0471		False
Cluster_7960	58	0.0471		False
Cluster_13396	58	0.0471		False
Cluster_25413	58	0.0471		False
Cluster_4478	58	0.0471		False
Cluster_23161	58	0.0471		False
Cluster_23071	58	0.0471		False
Cluster_21487	58	0.0471		False
Cluster_8505	58	0.0471		False
Cluster_3177	58	0.0471		False
Cluster_20582	58	0.0471		False
Cluster_637	58	0.0471		False
Cluster_8672	58	0.0471		False
Cluster_3955	58	0.0471		False
Cluster_17522	58	0.0471		False
Cluster_3993	58	0.0471		False
Cluster_10999	57	0.0463		False
Cluster_1259	57	0.0463		False
Cluster_17413	57	0.0463		False
Cluster_19622	57	0.0463		False
Cluster_14908	57	0.0463		False
Cluster_3066	57	0.0463		False
Cluster_16097	57	0.0463		False
Cluster_8825	57	0.0463		False
Cluster_306	57	0.0463		False
Cluster_16396	57	0.0463		False
Cluster_18097	57	0.0463		False
Cluster_2078	57	0.0463		False
Cluster_2698	57	0.0463		False
Cluster_3388	57	0.0463		False
Cluster_8812	57	0.0463		False
Cluster_20957	57	0.0463		False
Cluster_24194	57	0.0463		False
Cluster_8290	57	0.0463		False
Cluster_21295	57	0.0463		False
Cluster_23074	57	0.0463		False
Cluster_3432	57	0.0463		False
Cluster_12513	57	0.0463		False
Cluster_15512	57	0.0463		False
Cluster_12873	57	0.0463		False
Cluster_17421	57	0.0463		False
Cluster_13315	57	0.0463		False
Cluster_617	56	0.0455		False
Cluster_1007	56	0.0455		False
Cluster_14947	56	0.0455		False
Cluster_18723	56	0.0455		False
Cluster_4896	56	0.0455		False
Cluster_13998	56	0.0455		False
Cluster_17976	56	0.0455		False
Cluster_18338	56	0.0455		False
Cluster_11538	56	0.0455		False
Cluster_19851	56	0.0455		False
Cluster_1946	56	0.0455		False
Cluster_1240	56	0.0455		False
Cluster_11651	56	0.0455		False
Cluster_22184	56	0.0455		False
Cluster_10616	56	0.0455		False
Cluster_19573	56	0.0455		False
Cluster_3316	56	0.0455		False
Cluster_14821	56	0.0455		False
Cluster_23984	56	0.0455		False
Cluster_12677	56	0.0455		False
Cluster_4544	56	0.0455		False
Cluster_7769	56	0.0455		False
Cluster_21519	56	0.0455		False
Cluster_10417	56	0.0455		False
Cluster_20673	56	0.0455		False
Cluster_4123	56	0.0455		False
Cluster_22661	56	0.0455		False
Cluster_3220	56	0.0455		False
Cluster_16483	56	0.0455		False
Cluster_3705	56	0.0455		False
Cluster_20099	56	0.0455		False
Cluster_24464	56	0.0455		False
Cluster_9395	56	0.0455		False
Cluster_2561	55	0.0447		False
Cluster_17598	55	0.0447		False
Cluster_17480	55	0.0447		False
Cluster_4425	55	0.0447		False
Cluster_11658	55	0.0447		False
Cluster_4255	55	0.0447		False
Cluster_2365	55	0.0447		False
Cluster_25232	55	0.0447		False
Cluster_14949	55	0.0447		False
Cluster_3662	55	0.0447		False
Cluster_19874	55	0.0447		False
Cluster_13375	55	0.0447		False
Cluster_3424	55	0.0447		False
Cluster_8373	55	0.0447		False
Cluster_20401	55	0.0447		False
Cluster_17838	55	0.0447		False
Cluster_22083	55	0.0447		False
Cluster_7012	55	0.0447		False
Cluster_13237	55	0.0447		False
Cluster_15458	55	0.0447		False
Cluster_2850	55	0.0447		False
Cluster_1435	55	0.0447		False
Cluster_25568	54	0.0439		False
Cluster_4748	54	0.0439		False
Cluster_12905	54	0.0439		False
Cluster_3741	54	0.0439		False
Cluster_25649	54	0.0439		False
Cluster_10077	54	0.0439		False
Cluster_13417	54	0.0439		False
Cluster_15089	54	0.0439		False
Cluster_9011	54	0.0439		False
Cluster_10938	54	0.0439		False
Cluster_17028	54	0.0439		False
Cluster_3649	54	0.0439		False
Cluster_13564	54	0.0439		False
Cluster_3062	54	0.0439		False
Cluster_19176	54	0.0439		False
Cluster_12637	54	0.0439		False
Cluster_20285	54	0.0439		False
Cluster_13411	54	0.0439		False
Cluster_24518	54	0.0439		False
Cluster_14872	54	0.0439		False
Cluster_19307	54	0.0439		False
Cluster_842	54	0.0439		False
Cluster_1760	54	0.0439		False
Cluster_18217	54	0.0439		False
Cluster_8453	54	0.0439		False
Cluster_7362	53	0.0431		False
Cluster_8012	53	0.0431		False
Cluster_22711	53	0.0431		False
Cluster_7150	53	0.0431		False
Cluster_24973	53	0.0431		False
Cluster_22678	53	0.0431		False
Cluster_23759	53	0.0431		False
Cluster_9094	53	0.0431		False
Cluster_17051	53	0.0431		False
Cluster_1609	53	0.0431		False
Cluster_10879	53	0.0431		False
Cluster_4414	53	0.0431		False
Cluster_6710	53	0.0431		False
Cluster_581	53	0.0431		False
Cluster_786	53	0.0431		False
Cluster_7167	53	0.0431		False
Cluster_4708	53	0.0431		False
Cluster_1737	53	0.0431		False
Cluster_7033	52	0.0422		False
Cluster_2542	52	0.0422		False
Cluster_2673	52	0.0422		False
Cluster_8209	52	0.0422		False
Cluster_18846	52	0.0422		False
Cluster_6168	52	0.0422		False
Cluster_6336	52	0.0422		False
Cluster_5734	52	0.0422		False
Cluster_9988	52	0.0422		False
Cluster_24346	52	0.0422		False
Cluster_9439	52	0.0422		False
Cluster_5340	52	0.0422		False
Cluster_10688	52	0.0422		False
Cluster_25422	52	0.0422		False
Cluster_12456	52	0.0422		False
Cluster_20211	52	0.0422		False
Cluster_12773	52	0.0422		False
Cluster_1404	52	0.0422		False
Cluster_2846	52	0.0422		False
Cluster_16750	52	0.0422		False
Cluster_7635	52	0.0422		False
Cluster_10863	51	0.0414		False
Cluster_2754	51	0.0414		False
Cluster_1744	51	0.0414		False
Cluster_5096	51	0.0414		False
Cluster_9267	51	0.0414		False
Cluster_20520	51	0.0414		False
Cluster_10469	51	0.0414		False
Cluster_18673	51	0.0414		False
Cluster_11324	51	0.0414		False
Cluster_22510	51	0.0414		False
Cluster_20167	51	0.0414		False
Cluster_24066	51	0.0414		False
Cluster_7371	51	0.0414		False
Cluster_23061	51	0.0414		False
Cluster_4628	51	0.0414		False
Cluster_5302	51	0.0414		False
Cluster_6109	51	0.0414		False
Cluster_10072	51	0.0414		False
Cluster_9862	51	0.0414		False
Cluster_24025	51	0.0414		False
Cluster_14665	51	0.0414		False
Cluster_4127	51	0.0414		False
Cluster_8553	51	0.0414		False
Cluster_1251	51	0.0414		False
Cluster_1052	51	0.0414		False
Cluster_14104	51	0.0414		False
Cluster_2183	51	0.0414		False
Cluster_13454	50	0.0406		False
Cluster_6222	50	0.0406		False
Cluster_22495	50	0.0406		False
Cluster_11621	50	0.0406		False
Cluster_20333	50	0.0406		False
Cluster_17933	50	0.0406		False
Cluster_3683	50	0.0406		False
Cluster_6474	50	0.0406		False
Cluster_22327	50	0.0406		False
Cluster_24954	50	0.0406		False
Cluster_18042	50	0.0406		False
Cluster_9981	50	0.0406		False
Cluster_12955	50	0.0406		False
Cluster_13068	50	0.0406		False
Cluster_12030	50	0.0406		False
Cluster_1026	50	0.0406		False
Cluster_676	50	0.0406		False
Cluster_10901	50	0.0406		False
Cluster_16605	50	0.0406		False
Cluster_258	50	0.0406		False
Cluster_25407	50	0.0406		False
Cluster_14703	50	0.0406		False
Cluster_9207	50	0.0406		False
Cluster_13485	50	0.0406		False
Cluster_2560	50	0.0406		False
Cluster_8168	50	0.0406		False
Cluster_16796	50	0.0406		False
Cluster_9780	49	0.0398		False
Cluster_15837	49	0.0398		False
Cluster_3445	49	0.0398		False
Cluster_1474	49	0.0398		False
Cluster_21684	49	0.0398		False
Cluster_1891	49	0.0398		False
Cluster_12388	49	0.0398		False
Cluster_15064	49	0.0398		False
Cluster_8029	49	0.0398		False
Cluster_18662	49	0.0398		False
Cluster_2459	49	0.0398		False
Cluster_8665	49	0.0398		False
Cluster_4765	49	0.0398		False
Cluster_16360	49	0.0398		False
Cluster_23002	49	0.0398		False
Cluster_8050	49	0.0398		False
Cluster_6238	49	0.0398		False
Cluster_12461	49	0.0398		False
Cluster_17448	49	0.0398		False
Cluster_2303	49	0.0398		False
Cluster_22524	49	0.0398		False
Cluster_5618	49	0.0398		False
Cluster_19959	49	0.0398		False
Cluster_20108	49	0.0398		False
Cluster_21651	48	0.039		False
Cluster_10563	48	0.039		False
Cluster_9896	48	0.039		False
Cluster_6743	48	0.039		False
Cluster_13399	48	0.039		False
Cluster_18546	48	0.039		False
Cluster_5110	48	0.039		False
Cluster_17660	48	0.039		False
Cluster_23700	48	0.039		False
Cluster_8722	48	0.039		False
Cluster_6585	48	0.039		False
Cluster_25737	48	0.039		False
Cluster_22763	48	0.039		False
Cluster_11524	48	0.039		False
Cluster_9700	48	0.039		False
Cluster_23109	48	0.039		False
Cluster_13666	48	0.039		False
Cluster_1073	48	0.039		False
Cluster_18703	48	0.039		False
Cluster_20157	48	0.039		False
Cluster_5727	48	0.039		False
Cluster_3446	48	0.039		False
Cluster_20154	48	0.039		False
Cluster_6181	48	0.039		False
Cluster_1682	47	0.0382		False
Cluster_3298	47	0.0382		False
Cluster_4718	47	0.0382		False
Cluster_718	47	0.0382		False
Cluster_2202	47	0.0382		False
Cluster_2352	47	0.0382		False
Cluster_7665	47	0.0382		False
Cluster_8548	47	0.0382		False
Cluster_3644	47	0.0382		False
Cluster_6708	47	0.0382		False
Cluster_18792	47	0.0382		False
Cluster_15330	47	0.0382		False
Cluster_7709	47	0.0382		False
Cluster_4750	47	0.0382		False
Cluster_25348	47	0.0382		False
Cluster_10634	47	0.0382		False
Cluster_20149	47	0.0382		False
Cluster_1624	47	0.0382		False
Cluster_8714	47	0.0382		False
Cluster_8838	47	0.0382		False
Cluster_407	47	0.0382		False
Cluster_15291	47	0.0382		False
Cluster_2856	47	0.0382		False
Cluster_22338	47	0.0382		False
Cluster_17202	47	0.0382		False
Cluster_10792	47	0.0382		False
Cluster_13948	47	0.0382		False
Cluster_11078	47	0.0382		False
Cluster_11592	47	0.0382		False
Cluster_3930	47	0.0382		False
Cluster_21074	46	0.0374		False
Cluster_18063	46	0.0374		False
Cluster_14146	46	0.0374		False
Cluster_7299	46	0.0374		False
Cluster_20163	46	0.0374		False
Cluster_22569	46	0.0374		False
Cluster_19738	46	0.0374		False
Cluster_19076	46	0.0374		False
Cluster_18508	46	0.0374		False
Cluster_3473	46	0.0374		False
Cluster_18417	46	0.0374		False
Cluster_20260	46	0.0374		False
Cluster_19355	46	0.0374		False
Cluster_23203	46	0.0374		False
Cluster_20799	46	0.0374		False
Cluster_4407	46	0.0374		False
Cluster_1888	46	0.0374		False
Cluster_7307	46	0.0374		False
Cluster_1640	46	0.0374		False
Cluster_23430	46	0.0374		False
Cluster_14223	46	0.0374		False
Cluster_16520	46	0.0374		False
Cluster_5912	46	0.0374		False
Cluster_4339	46	0.0374		False
Cluster_366	46	0.0374		False
Cluster_4884	46	0.0374		False
Cluster_97	46	0.0374		False
Cluster_15152	46	0.0374		False
Cluster_21443	46	0.0374		False
Cluster_184	46	0.0374		False
Cluster_4553	46	0.0374		False
Cluster_554	46	0.0374		False
Cluster_19956	46	0.0374		False
Cluster_20879	46	0.0374		False
Cluster_8654	46	0.0374		False
Cluster_5829	45	0.0366		False
Cluster_410	45	0.0366		False
Cluster_1280	45	0.0366		False
Cluster_11928	45	0.0366		False
Cluster_12564	45	0.0366		False
Cluster_16304	45	0.0366		False
Cluster_18153	45	0.0366		False
Cluster_21511	45	0.0366		False
Cluster_13513	45	0.0366		False
Cluster_22993	45	0.0366		False
Cluster_691	45	0.0366		False
Cluster_16238	45	0.0366		False
Cluster_8490	45	0.0366		False
Cluster_14692	45	0.0366		False
Cluster_13708	45	0.0366		False
Cluster_19225	45	0.0366		False
Cluster_7989	45	0.0366		False
Cluster_17252	45	0.0366		False
Cluster_10630	45	0.0366		False
Cluster_19004	45	0.0366		False
Cluster_18403	45	0.0366		False
Cluster_15025	45	0.0366		False
Cluster_12546	45	0.0366		False
Cluster_664	45	0.0366		False
Cluster_2182	45	0.0366		False
Cluster_19533	45	0.0366		False
Cluster_11429	45	0.0366		False
Cluster_19944	45	0.0366		False
Cluster_20524	45	0.0366		False
Cluster_11136	45	0.0366		False
Cluster_11744	45	0.0366		False
Cluster_4554	45	0.0366		False
Cluster_2093	45	0.0366		False
Cluster_18707	45	0.0366		False
Cluster_7466	45	0.0366		False
Cluster_12078	45	0.0366		False
Cluster_10743	45	0.0366		False
Cluster_10937	45	0.0366		False
Cluster_9812	45	0.0366		False
Cluster_5095	45	0.0366		False
Cluster_9628	45	0.0366		False
Cluster_14743	44	0.0357		False
Cluster_5934	44	0.0357		False
Cluster_273	44	0.0357		False
Cluster_1520	44	0.0357		False
Cluster_22326	44	0.0357		False
Cluster_4321	44	0.0357		False
Cluster_1475	44	0.0357		False
Cluster_15654	44	0.0357		False
Cluster_3871	44	0.0357		False
Cluster_3390	44	0.0357		False
Cluster_3111	44	0.0357		False
Cluster_19788	44	0.0357		False
Cluster_10457	44	0.0357		False
Cluster_3952	44	0.0357		False
Cluster_901	44	0.0357		False
Cluster_9391	44	0.0357		False
Cluster_787	44	0.0357		False
Cluster_2810	44	0.0357		False
Cluster_12309	44	0.0357		False
Cluster_894	44	0.0357		False
Cluster_3029	44	0.0357		False
Cluster_15541	44	0.0357		False
Cluster_26037	44	0.0357		False
Cluster_13170	44	0.0357		False
Cluster_631	44	0.0357		False
Cluster_22009	44	0.0357		False
Cluster_2946	43	0.0349		False
Cluster_20016	43	0.0349		False
Cluster_21227	43	0.0349		False
Cluster_2444	43	0.0349		False
Cluster_8036	43	0.0349		False
Cluster_16859	43	0.0349		False
Cluster_25844	43	0.0349		False
Cluster_2234	43	0.0349		False
Cluster_7784	43	0.0349		False
Cluster_490	43	0.0349		False
Cluster_18537	43	0.0349		False
Cluster_479	43	0.0349		False
Cluster_419	43	0.0349		False
Cluster_21072	43	0.0349		False
Cluster_12284	43	0.0349		False
Cluster_17587	43	0.0349		False
Cluster_3399	43	0.0349		False
Cluster_1519	43	0.0349		False
Cluster_17471	43	0.0349		False
Cluster_5848	43	0.0349		False
Cluster_833	43	0.0349		False
Cluster_25247	43	0.0349		False
Cluster_17763	43	0.0349		False
Cluster_2701	43	0.0349		False
Cluster_4700	43	0.0349		False
Cluster_5425	43	0.0349		False
Cluster_17871	43	0.0349		False
Cluster_6953	43	0.0349		False
Cluster_5054	43	0.0349		False
Cluster_6689	43	0.0349		False
Cluster_20979	43	0.0349		False
Cluster_25033	43	0.0349		False
Cluster_16045	43	0.0349		False
Cluster_6930	43	0.0349		False
Cluster_3488	43	0.0349		False
Cluster_980	43	0.0349		False
Cluster_19495	42	0.0341		False
Cluster_2156	42	0.0341		False
Cluster_14145	42	0.0341		False
Cluster_1031	42	0.0341		False
Cluster_2528	42	0.0341		False
Cluster_9401	42	0.0341		False
Cluster_21697	42	0.0341		False
Cluster_2841	42	0.0341		False
Cluster_23768	42	0.0341		False
Cluster_25760	42	0.0341		False
Cluster_2567	42	0.0341		False
Cluster_1196	42	0.0341		False
Cluster_1755	42	0.0341		False
Cluster_17707	42	0.0341		False
Cluster_16742	42	0.0341		False
Cluster_5403	42	0.0341		False
Cluster_754	42	0.0341		False
Cluster_25046	42	0.0341		False
Cluster_2537	42	0.0341		False
Cluster_7804	42	0.0341		False
Cluster_7993	42	0.0341		False
Cluster_8538	42	0.0341		False
Cluster_10011	42	0.0341		False
Cluster_5293	42	0.0341		False
Cluster_24188	41	0.0333		False
Cluster_8496	41	0.0333		False
Cluster_4833	41	0.0333		False
Cluster_14516	41	0.0333		False
Cluster_23573	41	0.0333		False
Cluster_13028	41	0.0333		False
Cluster_5400	41	0.0333		False
Cluster_10604	41	0.0333		False
Cluster_18715	41	0.0333		False
Cluster_14780	41	0.0333		False
Cluster_1002	41	0.0333		False
Cluster_7577	41	0.0333		False
Cluster_15768	41	0.0333		False
Cluster_23579	41	0.0333		False
Cluster_21918	41	0.0333		False
Cluster_10223	41	0.0333		False
Cluster_4234	41	0.0333		False
Cluster_1718	41	0.0333		False
Cluster_15848	41	0.0333		False
Cluster_4826	41	0.0333		False
Cluster_8079	41	0.0333		False
Cluster_11816	41	0.0333		False
Cluster_20340	41	0.0333		False
Cluster_6961	41	0.0333		False
Cluster_6798	41	0.0333		False
Cluster_8169	41	0.0333		False
Cluster_20735	41	0.0333		False
Cluster_6451	40	0.0325		False
Cluster_11570	40	0.0325		False
Cluster_618	40	0.0325		False
Cluster_17176	40	0.0325		False
Cluster_15668	40	0.0325		False
Cluster_10254	40	0.0325		False
Cluster_6203	40	0.0325		False
Cluster_1594	40	0.0325		False
Cluster_20918	40	0.0325		False
Cluster_10587	40	0.0325		False
Cluster_24601	40	0.0325		False
Cluster_4360	40	0.0325		False
Cluster_17412	40	0.0325		False
Cluster_5065	40	0.0325		False
Cluster_24950	40	0.0325		False
Cluster_5229	40	0.0325		False
Cluster_18339	40	0.0325		False
Cluster_9400	40	0.0325		False
Cluster_9892	40	0.0325		False
Cluster_19188	40	0.0325		False
Cluster_292	40	0.0325		False
Cluster_17442	40	0.0325		False
Cluster_23665	40	0.0325		False
Cluster_13239	40	0.0325		False
Cluster_9385	40	0.0325		False
Cluster_21813	40	0.0325		False
Cluster_14867	40	0.0325		False
Cluster_19344	39	0.0317		False
Cluster_19485	39	0.0317		False
Cluster_3279	39	0.0317		False
Cluster_14873	39	0.0317		False
Cluster_22518	39	0.0317		False
Cluster_8281	39	0.0317		False
Cluster_21298	39	0.0317		False
Cluster_1921	39	0.0317		False
Cluster_9162	39	0.0317		False
Cluster_5713	39	0.0317		False
Cluster_24826	39	0.0317		False
Cluster_4801	39	0.0317		False
Cluster_6061	39	0.0317		False
Cluster_23245	39	0.0317		False
Cluster_7992	39	0.0317		False
Cluster_15088	39	0.0317		False
Cluster_7496	39	0.0317		False
Cluster_26017	39	0.0317		False
Cluster_4806	39	0.0317		False
Cluster_14995	39	0.0317		False
Cluster_7182	39	0.0317		False
Cluster_23693	39	0.0317		False
Cluster_23345	39	0.0317		False
Cluster_18150	39	0.0317		False
Cluster_5631	39	0.0317		False
Cluster_15771	39	0.0317		False
Cluster_930	39	0.0317		False
Cluster_23307	38	0.0309		False
Cluster_16943	38	0.0309		False
Cluster_1397	38	0.0309		False
Cluster_25453	38	0.0309		False
Cluster_9318	38	0.0309		False
Cluster_12941	38	0.0309		False
Cluster_727	38	0.0309		False
Cluster_3629	38	0.0309		False
Cluster_16746	38	0.0309		False
Cluster_2339	38	0.0309		False
Cluster_24020	38	0.0309		False
Cluster_25854	38	0.0309		False
Cluster_20850	38	0.0309		False
Cluster_22567	38	0.0309		False
Cluster_2016	38	0.0309		False
Cluster_7061	38	0.0309		False
Cluster_22205	38	0.0309		False
Cluster_11823	38	0.0309		False
Cluster_24359	38	0.0309		False
Cluster_21066	38	0.0309		False
Cluster_10115	38	0.0309		False
Cluster_20725	38	0.0309		False
Cluster_18722	38	0.0309		False
Cluster_23418	38	0.0309		False
Cluster_15712	38	0.0309		False
Cluster_510	38	0.0309		False
Cluster_3113	38	0.0309		False
Cluster_19637	38	0.0309		False
Cluster_4218	38	0.0309		False
Cluster_9428	38	0.0309		False
Cluster_8227	38	0.0309		False
Cluster_13630	38	0.0309		False
Cluster_22440	37	0.0301		False
Cluster_6986	37	0.0301		False
Cluster_19605	37	0.0301		False
Cluster_11362	37	0.0301		False
Cluster_4440	37	0.0301		False
Cluster_9114	37	0.0301		False
Cluster_1854	37	0.0301		False
Cluster_2998	37	0.0301		False
Cluster_6338	37	0.0301		False
Cluster_25656	37	0.0301		False
Cluster_14759	37	0.0301		False
Cluster_15536	37	0.0301		False
Cluster_9807	37	0.0301		False
Cluster_23238	37	0.0301		False
Cluster_3025	37	0.0301		False
Cluster_21551	37	0.0301		False
Cluster_19483	37	0.0301		False
Cluster_7928	37	0.0301		False
Cluster_16361	37	0.0301		False
Cluster_21680	37	0.0301		False
Cluster_9320	37	0.0301		False
Cluster_15558	37	0.0301		False
Cluster_13107	37	0.0301		False
Cluster_1138	37	0.0301		False
Cluster_7277	37	0.0301		False
Cluster_10968	37	0.0301		False
Cluster_19145	37	0.0301		False
Cluster_11626	37	0.0301		False
Cluster_12517	37	0.0301		False
Cluster_5938	37	0.0301		False
Cluster_23347	37	0.0301		False
Cluster_6265	37	0.0301		False
Cluster_8903	37	0.0301		False
Cluster_19673	37	0.0301		False
Cluster_3746	37	0.0301		False
Cluster_6533	37	0.0301		False
Cluster_394	36	0.0292		False
Cluster_14662	36	0.0292		False
Cluster_19002	36	0.0292		False
Cluster_18129	36	0.0292		False
Cluster_19858	36	0.0292		False
Cluster_4519	36	0.0292		False
Cluster_23774	36	0.0292		False
Cluster_20226	36	0.0292		False
Cluster_9540	36	0.0292		False
Cluster_1411	36	0.0292		False
Cluster_11548	36	0.0292		False
Cluster_25773	36	0.0292		False
Cluster_5877	36	0.0292		False
Cluster_6269	36	0.0292		False
Cluster_17692	36	0.0292		False
Cluster_22996	36	0.0292		False
Cluster_10752	36	0.0292		False
Cluster_13853	36	0.0292		False
Cluster_8747	36	0.0292		False
Cluster_651	36	0.0292		False
Cluster_9076	36	0.0292		False
Cluster_4842	36	0.0292		False
Cluster_5522	36	0.0292		False
Cluster_22833	36	0.0292		False
Cluster_6193	36	0.0292		False
Cluster_12661	36	0.0292		False
Cluster_10559	36	0.0292		False
Cluster_12396	36	0.0292		False
Cluster_7676	36	0.0292		False
Cluster_12688	36	0.0292		False
Cluster_14073	36	0.0292		False
Cluster_3987	36	0.0292		False
Cluster_16885	36	0.0292		False
Cluster_21305	36	0.0292		False
Cluster_14039	36	0.0292		False
Cluster_20173	36	0.0292		False
Cluster_20637	36	0.0292		False
Cluster_18738	36	0.0292		False
Cluster_6070	35	0.0284		False
Cluster_3207	35	0.0284		False
Cluster_17777	35	0.0284		False
Cluster_23668	35	0.0284		False
Cluster_9926	35	0.0284		False
Cluster_21224	35	0.0284		False
Cluster_7180	35	0.0284		False
Cluster_17733	35	0.0284		False
Cluster_25727	35	0.0284		False
Cluster_3628	35	0.0284		False
Cluster_1116	35	0.0284		False
Cluster_9183	35	0.0284		False
Cluster_15559	35	0.0284		False
Cluster_24286	35	0.0284		False
Cluster_6430	35	0.0284		False
Cluster_12164	35	0.0284		False
Cluster_13508	35	0.0284		False
Cluster_4987	35	0.0284		False
Cluster_23580	35	0.0284		False
Cluster_5387	35	0.0284		False
Cluster_9012	35	0.0284		False
Cluster_12213	35	0.0284		False
Cluster_22346	35	0.0284		False
Cluster_5135	35	0.0284		False
Cluster_3850	35	0.0284		False
Cluster_9817	35	0.0284		False
Cluster_13831	35	0.0284		False
Cluster_18541	35	0.0284		False
Cluster_15470	35	0.0284		False
Cluster_10874	35	0.0284		False
Cluster_4988	35	0.0284		False
Cluster_5889	35	0.0284		False
Cluster_22416	35	0.0284		False
Cluster_12231	35	0.0284		False
Cluster_19350	35	0.0284		False
Cluster_15202	35	0.0284		False
Cluster_8239	34	0.0276		False
Cluster_6515	34	0.0276		False
Cluster_20732	34	0.0276		False
Cluster_17191	34	0.0276		False
Cluster_3300	34	0.0276		False
Cluster_17417	34	0.0276		False
Cluster_14655	34	0.0276		False
Cluster_21428	34	0.0276		False
Cluster_16960	34	0.0276		False
Cluster_6745	34	0.0276		False
Cluster_15953	34	0.0276		False
Cluster_24517	34	0.0276		False
Cluster_7276	34	0.0276		False
Cluster_12082	34	0.0276		False
Cluster_2923	34	0.0276		False
Cluster_1828	34	0.0276		False
Cluster_25414	34	0.0276		False
Cluster_15801	34	0.0276		False
Cluster_24310	34	0.0276		False
Cluster_5948	34	0.0276		False
Cluster_25937	34	0.0276		False
Cluster_17994	34	0.0276		False
Cluster_1000	34	0.0276		False
Cluster_9453	34	0.0276		False
Cluster_2896	34	0.0276		False
Cluster_17548	34	0.0276		False
Cluster_13718	34	0.0276		False
Cluster_2386	34	0.0276		False
Cluster_20	34	0.0276		False
Cluster_13812	34	0.0276		False
Cluster_1332	34	0.0276		False
Cluster_745	34	0.0276		False
Cluster_264	34	0.0276		False
Cluster_24783	34	0.0276		False
Cluster_9122	34	0.0276		False
Cluster_6213	34	0.0276		False
Cluster_24542	34	0.0276		False
Cluster_15930	34	0.0276		False
Cluster_24029	34	0.0276		False
Cluster_14964	34	0.0276		False
Cluster_274	34	0.0276		False
Cluster_11135	34	0.0276		False
Cluster_2943	34	0.0276		False
Cluster_16055	34	0.0276		False
Cluster_6514	33	0.0268		False
Cluster_20865	33	0.0268		False
Cluster_4359	33	0.0268		False
Cluster_14205	33	0.0268		False
Cluster_3472	33	0.0268		False
Cluster_17547	33	0.0268		False
Cluster_10885	33	0.0268		False
Cluster_25134	33	0.0268		False
Cluster_22566	33	0.0268		False
Cluster_400	33	0.0268		False
Cluster_12593	33	0.0268		False
Cluster_11699	33	0.0268		False
Cluster_15827	33	0.0268		False
Cluster_2767	33	0.0268		False
Cluster_21368	33	0.0268		False
Cluster_7892	33	0.0268		False
Cluster_7131	33	0.0268		False
Cluster_16935	33	0.0268		False
Cluster_13222	33	0.0268		False
Cluster_20652	33	0.0268		False
Cluster_4927	33	0.0268		False
Cluster_18840	33	0.0268		False
Cluster_16224	33	0.0268		False
Cluster_14752	33	0.0268		False
Cluster_16344	33	0.0268		False
Cluster_7230	33	0.0268		False
Cluster_20162	33	0.0268		False
Cluster_18186	33	0.0268		False
Cluster_1856	33	0.0268		False
Cluster_23244	33	0.0268		False
Cluster_4149	33	0.0268		False
Cluster_6941	33	0.0268		False
Cluster_4639	33	0.0268		False
Cluster_3758	33	0.0268		False
Cluster_15789	33	0.0268		False
Cluster_5253	33	0.0268		False
Cluster_14045	33	0.0268		False
Cluster_15543	32	0.026		False
Cluster_1414	32	0.026		False
Cluster_21566	32	0.026		False
Cluster_17263	32	0.026		False
Cluster_12193	32	0.026		False
Cluster_21485	32	0.026		False
Cluster_24284	32	0.026		False
Cluster_7280	32	0.026		False
Cluster_22268	32	0.026		False
Cluster_3884	32	0.026		False
Cluster_25157	32	0.026		False
Cluster_23069	32	0.026		False
Cluster_13849	32	0.026		False
Cluster_17779	32	0.026		False
Cluster_10903	32	0.026		False
Cluster_3817	32	0.026		False
Cluster_25573	32	0.026		False
Cluster_4716	32	0.026		False
Cluster_11838	32	0.026		False
Cluster_3455	32	0.026		False
Cluster_19531	32	0.026		False
Cluster_15745	32	0.026		False
Cluster_6048	32	0.026		False
Cluster_15735	32	0.026		False
Cluster_24285	32	0.026		False
Cluster_17477	32	0.026		False
Cluster_8332	32	0.026		False
Cluster_20359	32	0.026		False
Cluster_11143	32	0.026		False
Cluster_3077	32	0.026		False
Cluster_16811	32	0.026		False
Cluster_20635	32	0.026		False
Cluster_23256	32	0.026		False
Cluster_1187	32	0.026		False
Cluster_20289	32	0.026		False
Cluster_15769	32	0.026		False
Cluster_20155	32	0.026		False
Cluster_9451	32	0.026		False
Cluster_634	32	0.026		False
Cluster_21071	32	0.026		False
Cluster_4086	32	0.026		False
Cluster_18920	32	0.026		False
Cluster_7052	32	0.026		False
Cluster_6985	32	0.026		False
Cluster_26053	32	0.026		False
Cluster_9150	32	0.026		False
Cluster_2378	32	0.026		False
Cluster_7582	31	0.0252		False
Cluster_15853	31	0.0252		False
Cluster_3682	31	0.0252		False
Cluster_10899	31	0.0252		False
Cluster_16847	31	0.0252		False
Cluster_20019	31	0.0252		False
Cluster_7842	31	0.0252		False
Cluster_14149	31	0.0252		False
Cluster_25657	31	0.0252		False
Cluster_15613	31	0.0252		False
Cluster_16352	31	0.0252		False
Cluster_13350	31	0.0252		False
Cluster_3506	31	0.0252		False
Cluster_2709	31	0.0252		False
Cluster_3344	31	0.0252		False
Cluster_7907	31	0.0252		False
Cluster_12807	31	0.0252		False
Cluster_8433	31	0.0252		False
Cluster_15556	31	0.0252		False
Cluster_1530	31	0.0252		False
Cluster_20148	31	0.0252		False
Cluster_11558	31	0.0252		False
Cluster_23946	31	0.0252		False
Cluster_13271	31	0.0252		False
Cluster_18156	31	0.0252		False
Cluster_21493	31	0.0252		False
Cluster_10942	31	0.0252		False
Cluster_4434	31	0.0252		False
Cluster_16881	31	0.0252		False
Cluster_481	31	0.0252		False
Cluster_13662	31	0.0252		False
Cluster_4251	31	0.0252		False
Cluster_21	31	0.0252		False
Cluster_16565	31	0.0252		False
Cluster_15821	31	0.0252		False
Cluster_4471	31	0.0252		False
Cluster_20833	31	0.0252		False
Cluster_23249	31	0.0252		False
Cluster_21577	31	0.0252		False
Cluster_5291	31	0.0252		False
Cluster_11099	31	0.0252		False
Cluster_23098	31	0.0252		False
Cluster_13368	31	0.0252		False
Cluster_16109	31	0.0252		False
Cluster_14201	31	0.0252		False
Cluster_18720	31	0.0252		False
Cluster_19096	31	0.0252		False
Cluster_4328	31	0.0252		False
Cluster_9729	31	0.0252		False
Cluster_22513	31	0.0252		False
Cluster_20514	31	0.0252		False
Cluster_11553	31	0.0252		False
Cluster_13077	31	0.0252		False
Cluster_24793	31	0.0252		False
Cluster_863	31	0.0252		False
Cluster_6818	31	0.0252		False
Cluster_13217	31	0.0252		False
Cluster_20855	31	0.0252		False
Cluster_5556	31	0.0252		False
Cluster_16632	31	0.0252		False
Cluster_5527	31	0.0252		False
Cluster_24952	31	0.0252		False
Cluster_5676	31	0.0252		False
Cluster_2026	31	0.0252		False
Cluster_7499	31	0.0252		False
Cluster_5232	30	0.0244		False
Cluster_23529	30	0.0244		False
Cluster_7720	30	0.0244		False
Cluster_526	30	0.0244		False
Cluster_12110	30	0.0244		False
Cluster_6059	30	0.0244		False
Cluster_2872	30	0.0244		False
Cluster_23348	30	0.0244		False
Cluster_24524	30	0.0244		False
Cluster_11438	30	0.0244		False
Cluster_10262	30	0.0244		False
Cluster_18646	30	0.0244		False
Cluster_22570	30	0.0244		False
Cluster_3227	30	0.0244		False
Cluster_19764	30	0.0244		False
Cluster_16492	30	0.0244		False
Cluster_13773	30	0.0244		False
Cluster_2428	30	0.0244		False
Cluster_15126	30	0.0244		False
Cluster_7595	30	0.0244		False
Cluster_17031	30	0.0244		False
Cluster_23426	30	0.0244		False
Cluster_12496	30	0.0244		False
Cluster_431	30	0.0244		False
Cluster_4550	30	0.0244		False
Cluster_24476	30	0.0244		False
Cluster_21751	30	0.0244		False
Cluster_6461	30	0.0244		False
Cluster_25954	30	0.0244		False
Cluster_19027	30	0.0244		False
Cluster_7257	30	0.0244		False
Cluster_20231	30	0.0244		False
Cluster_24589	30	0.0244		False
Cluster_25448	30	0.0244		False
Cluster_9554	30	0.0244		False
Cluster_6030	30	0.0244		False
Cluster_10536	30	0.0244		False
Cluster_14887	30	0.0244		False
Cluster_5985	30	0.0244		False
Cluster_14597	30	0.0244		False
Cluster_15354	30	0.0244		False
Cluster_25941	30	0.0244		False
Cluster_8609	30	0.0244		False
Cluster_14234	30	0.0244		False
Cluster_17586	30	0.0244		False
Cluster_17530	30	0.0244		False
Cluster_10321	30	0.0244		False
Cluster_824	30	0.0244		False
Cluster_26043	30	0.0244		False
Cluster_11992	30	0.0244		False
Cluster_500	30	0.0244		False
Cluster_7267	30	0.0244		False
Cluster_24287	29	0.0236		False
Cluster_22511	29	0.0236		False
Cluster_6744	29	0.0236		False
Cluster_17342	29	0.0236		False
Cluster_16365	29	0.0236		False
Cluster_2584	29	0.0236		False
Cluster_9499	29	0.0236		False
Cluster_18713	29	0.0236		False
Cluster_2101	29	0.0236		False
Cluster_1021	29	0.0236		False
Cluster_25070	29	0.0236		False
Cluster_13265	29	0.0236		False
Cluster_4157	29	0.0236		False
Cluster_19016	29	0.0236		False
Cluster_4012	29	0.0236		False
Cluster_2895	29	0.0236		False
Cluster_17370	29	0.0236		False
Cluster_20024	29	0.0236		False
Cluster_15309	29	0.0236		False
Cluster_24191	29	0.0236		False
Cluster_552	29	0.0236		False
Cluster_6124	29	0.0236		False
Cluster_13462	29	0.0236		False
Cluster_11572	29	0.0236		False
Cluster_10430	29	0.0236		False
Cluster_4678	29	0.0236		False
Cluster_15293	29	0.0236		False
Cluster_6184	29	0.0236		False
Cluster_7929	29	0.0236		False
Cluster_2688	29	0.0236		False
Cluster_15361	29	0.0236		False
Cluster_2634	29	0.0236		False
Cluster_2790	29	0.0236		False
Cluster_4940	29	0.0236		False
Cluster_6100	29	0.0236		False
Cluster_5535	29	0.0236		False
Cluster_5955	29	0.0236		False
Cluster_24528	29	0.0236		False
Cluster_1053	29	0.0236		False
Cluster_4190	29	0.0236		False
Cluster_3206	29	0.0236		False
Cluster_19779	29	0.0236		False
Cluster_21762	29	0.0236		False
Cluster_21434	29	0.0236		False
Cluster_9278	29	0.0236		False
Cluster_7522	29	0.0236		False
Cluster_13807	29	0.0236		False
Cluster_2610	29	0.0236		False
Cluster_24832	29	0.0236		False
Cluster_17822	29	0.0236		False
Cluster_19031	29	0.0236		False
Cluster_17446	28	0.0227		False
Cluster_5125	28	0.0227		False
Cluster_9265	28	0.0227		False
Cluster_24207	28	0.0227		False
Cluster_23032	28	0.0227		False
Cluster_10184	28	0.0227		False
Cluster_3765	28	0.0227		False
Cluster_2626	28	0.0227		False
Cluster_9045	28	0.0227		False
Cluster_23943	28	0.0227		False
Cluster_17475	28	0.0227		False
Cluster_18050	28	0.0227		False
Cluster_15146	28	0.0227		False
Cluster_22098	28	0.0227		False
Cluster_20784	28	0.0227		False
Cluster_4273	28	0.0227		False
Cluster_4510	28	0.0227		False
Cluster_2988	28	0.0227		False
Cluster_8858	28	0.0227		False
Cluster_4318	28	0.0227		False
Cluster_7329	28	0.0227		False
Cluster_1959	28	0.0227		False
Cluster_640	28	0.0227		False
Cluster_20216	28	0.0227		False
Cluster_673	28	0.0227		False
Cluster_8849	28	0.0227		False
Cluster_8955	28	0.0227		False
Cluster_10002	28	0.0227		False
Cluster_2506	28	0.0227		False
Cluster_2517	28	0.0227		False
Cluster_6539	28	0.0227		False
Cluster_16677	28	0.0227		False
Cluster_11185	28	0.0227		False
Cluster_22989	28	0.0227		False
Cluster_19818	28	0.0227		False
Cluster_11015	28	0.0227		False
Cluster_7814	28	0.0227		False
Cluster_19607	28	0.0227		False
Cluster_1336	28	0.0227		False
Cluster_1509	28	0.0227		False
Cluster_15545	28	0.0227		False
Cluster_23416	28	0.0227		False
Cluster_25729	28	0.0227		False
Cluster_22339	28	0.0227		False
Cluster_12832	28	0.0227		False
Cluster_4996	28	0.0227		False
Cluster_17769	28	0.0227		False
Cluster_24830	28	0.0227		False
Cluster_11474	28	0.0227		False
Cluster_1378	28	0.0227		False
Cluster_21263	28	0.0227		False
Cluster_25411	28	0.0227		False
Cluster_10370	28	0.0227		False
Cluster_16884	28	0.0227		False
Cluster_7760	28	0.0227		False
Cluster_11576	28	0.0227		False
Cluster_2504	28	0.0227		False
Cluster_11220	28	0.0227		False
Cluster_21205	28	0.0227		False
Cluster_15794	28	0.0227		False
Cluster_16059	28	0.0227		False
Cluster_20827	28	0.0227		False
Cluster_6466	28	0.0227		False
Cluster_6220	28	0.0227		False
Cluster_11479	28	0.0227		False
Cluster_10973	28	0.0227		False
Cluster_12934	28	0.0227		False
Cluster_2502	28	0.0227		False
Cluster_5769	28	0.0227		False
Cluster_18213	28	0.0227		False
Cluster_927	28	0.0227		False
Cluster_16926	27	0.0219		False
Cluster_298	27	0.0219		False
Cluster_2225	27	0.0219		False
Cluster_7467	27	0.0219		False
Cluster_4009	27	0.0219		False
Cluster_19430	27	0.0219		False
Cluster_1949	27	0.0219		False
Cluster_1883	27	0.0219		False
Cluster_1205	27	0.0219		False
Cluster_260	27	0.0219		False
Cluster_25153	27	0.0219		False
Cluster_13913	27	0.0219		False
Cluster_21832	27	0.0219		False
Cluster_25556	27	0.0219		False
Cluster_25119	27	0.0219		False
Cluster_4142	27	0.0219		False
Cluster_21033	27	0.0219		False
Cluster_12167	27	0.0219		False
Cluster_3096	27	0.0219		False
Cluster_13475	27	0.0219		False
Cluster_4831	27	0.0219		False
Cluster_1762	27	0.0219		False
Cluster_25263	27	0.0219		False
Cluster_21652	27	0.0219		False
Cluster_12130	27	0.0219		False
Cluster_1829	27	0.0219		False
Cluster_16756	27	0.0219		False
Cluster_11280	27	0.0219		False
Cluster_17207	27	0.0219		False
Cluster_25338	27	0.0219		False
Cluster_7654	27	0.0219		False
Cluster_12015	27	0.0219		False
Cluster_8985	27	0.0219		False
Cluster_10606	27	0.0219		False
Cluster_3347	27	0.0219		False
Cluster_13123	27	0.0219		False
Cluster_6023	27	0.0219		False
Cluster_5665	27	0.0219		False
Cluster_15568	27	0.0219		False
Cluster_5940	27	0.0219		False
Cluster_11618	27	0.0219		False
Cluster_21023	27	0.0219		False
Cluster_3201	27	0.0219		False
Cluster_13190	27	0.0219		False
Cluster_23755	27	0.0219		False
Cluster_8356	27	0.0219		False
Cluster_8940	27	0.0219		False
Cluster_5043	27	0.0219		False
Cluster_7898	27	0.0219		False
Cluster_17984	27	0.0219		False
Cluster_7042	27	0.0219		False
Cluster_22117	27	0.0219		False
Cluster_24850	27	0.0219		False
Cluster_3928	27	0.0219		False
Cluster_10086	27	0.0219		False
Cluster_25339	27	0.0219		False
Cluster_1917	27	0.0219		False
Cluster_25940	27	0.0219		False
Cluster_23686	27	0.0219		False
Cluster_19446	27	0.0219		False
Cluster_3527	27	0.0219		False
Cluster_8059	27	0.0219		False
Cluster_17373	27	0.0219		False
Cluster_10389	27	0.0219		False
Cluster_7740	27	0.0219		False
Cluster_13257	27	0.0219		False
Cluster_12340	27	0.0219		False
Cluster_15787	27	0.0219		False
Cluster_13316	27	0.0219		False
Cluster_1770	27	0.0219		False
Cluster_2518	27	0.0219		False
Cluster_12649	27	0.0219		False
Cluster_17327	27	0.0219		False
Cluster_20089	27	0.0219		False
Cluster_2000	27	0.0219		False
Cluster_22351	27	0.0219		False
Cluster_7488	27	0.0219		False
Cluster_8210	27	0.0219		False
Cluster_11515	27	0.0219		False
Cluster_7955	27	0.0219		False
Cluster_3252	27	0.0219		False
Cluster_8726	27	0.0219		False
Cluster_20647	27	0.0219		False
Cluster_7690	27	0.0219		False
Cluster_5124	26	0.0211		False
Cluster_4928	26	0.0211		False
Cluster_3121	26	0.0211		False
Cluster_8631	26	0.0211		False
Cluster_3800	26	0.0211		False
Cluster_22686	26	0.0211		False
Cluster_23100	26	0.0211		False
Cluster_14320	26	0.0211		False
Cluster_12840	26	0.0211		False
Cluster_6491	26	0.0211		False
Cluster_22671	26	0.0211		False
Cluster_4303	26	0.0211		False
Cluster_6506	26	0.0211		False
Cluster_5001	26	0.0211		False
Cluster_26041	26	0.0211		False
Cluster_23773	26	0.0211		False
Cluster_22803	26	0.0211		False
Cluster_2454	26	0.0211		False
Cluster_4631	26	0.0211		False
Cluster_18724	26	0.0211		False
Cluster_24836	26	0.0211		False
Cluster_18517	26	0.0211		False
Cluster_12403	26	0.0211		False
Cluster_9559	26	0.0211		False
Cluster_5391	26	0.0211		False
Cluster_18396	26	0.0211		False
Cluster_20082	26	0.0211		False
Cluster_10731	26	0.0211		False
Cluster_15561	26	0.0211		False
Cluster_12391	26	0.0211		False
Cluster_10082	26	0.0211		False
Cluster_9062	26	0.0211		False
Cluster_21899	26	0.0211		False
Cluster_6741	26	0.0211		False
Cluster_4733	26	0.0211		False
Cluster_25240	26	0.0211		False
Cluster_22694	26	0.0211		False
Cluster_21999	26	0.0211		False
Cluster_15813	26	0.0211		False
Cluster_4799	26	0.0211		False
Cluster_18788	26	0.0211		False
Cluster_8507	26	0.0211		False
Cluster_4780	26	0.0211		False
Cluster_6916	26	0.0211		False
Cluster_23429	26	0.0211		False
Cluster_19049	26	0.0211		False
Cluster_18943	26	0.0211		False
Cluster_5747	26	0.0211		False
Cluster_18205	26	0.0211		False
Cluster_1176	26	0.0211		False
Cluster_7754	26	0.0211		False
Cluster_198	26	0.0211		False
Cluster_11098	26	0.0211		False
Cluster_19362	26	0.0211		False
Cluster_5715	26	0.0211		False
Cluster_15395	26	0.0211		False
Cluster_5565	26	0.0211		False
Cluster_4516	26	0.0211		False
Cluster_24944	26	0.0211		False
Cluster_13218	26	0.0211		False
Cluster_19410	26	0.0211		False
Cluster_4841	26	0.0211		False
Cluster_18273	26	0.0211		False
Cluster_23325	26	0.0211		False
Cluster_5063	26	0.0211		False
Cluster_11924	26	0.0211		False
Cluster_12460	26	0.0211		False
Cluster_15783	26	0.0211		False
Cluster_18895	26	0.0211		False
Cluster_17671	26	0.0211		False
Cluster_19156	26	0.0211		False
Cluster_12559	26	0.0211		False
Cluster_8536	26	0.0211		False
Cluster_13229	26	0.0211		False
Cluster_14894	26	0.0211		False
Cluster_22925	26	0.0211		False
Cluster_9754	26	0.0211		False
Cluster_6073	26	0.0211		False
Cluster_4811	26	0.0211		False
Cluster_17552	26	0.0211		False
Cluster_6322	26	0.0211		False
Cluster_268	26	0.0211		False
Cluster_25121	26	0.0211		False
Cluster_1646	26	0.0211		False
Cluster_10892	26	0.0211		False
Cluster_7961	26	0.0211		False
Cluster_21198	26	0.0211		False
Cluster_20749	26	0.0211		False
Cluster_25281	26	0.0211		False
Cluster_13804	26	0.0211		False
Cluster_158	26	0.0211		False
Cluster_1550	26	0.0211		False
Cluster_23317	26	0.0211		False
Cluster_24377	26	0.0211		False
Cluster_22762	26	0.0211		False
Cluster_25122	26	0.0211		False
Cluster_8219	26	0.0211		False
Cluster_10819	26	0.0211		False
Cluster_12303	26	0.0211		False
Cluster_1459	26	0.0211		False
Cluster_14509	26	0.0211		False
Cluster_3117	26	0.0211		False
Cluster_1302	26	0.0211		False
Cluster_2858	26	0.0211		False
Cluster_15127	25	0.0203		False
Cluster_2813	25	0.0203		False
Cluster_5761	25	0.0203		False
Cluster_3826	25	0.0203		False
Cluster_871	25	0.0203		False
Cluster_15554	25	0.0203		False
Cluster_10767	25	0.0203		False
Cluster_10809	25	0.0203		False
Cluster_15544	25	0.0203		False
Cluster_23544	25	0.0203		False
Cluster_25962	25	0.0203		False
Cluster_14456	25	0.0203		False
Cluster_4913	25	0.0203		False
Cluster_7925	25	0.0203		False
Cluster_5561	25	0.0203		False
Cluster_65	25	0.0203		False
Cluster_20337	25	0.0203		False
Cluster_13813	25	0.0203		False
Cluster_11380	25	0.0203		False
Cluster_18939	25	0.0203		False
Cluster_12075	25	0.0203		False
Cluster_1617	25	0.0203		False
Cluster_3923	25	0.0203		False
Cluster_3443	25	0.0203		False
Cluster_10111	25	0.0203		False
Cluster_23252	25	0.0203		False
Cluster_5079	25	0.0203		False
Cluster_2969	25	0.0203		False
Cluster_4045	25	0.0203		False
Cluster_5931	25	0.0203		False
Cluster_16946	25	0.0203		False
Cluster_9154	25	0.0203		False
Cluster_19438	25	0.0203		False
Cluster_2714	25	0.0203		False
Cluster_8911	25	0.0203		False
Cluster_3907	25	0.0203		False
Cluster_23258	25	0.0203		False
Cluster_9242	25	0.0203		False
Cluster_23673	25	0.0203		False
Cluster_4823	25	0.0203		False
Cluster_15297	25	0.0203		False
Cluster_20169	25	0.0203		False
Cluster_3426	25	0.0203		False
Cluster_18397	25	0.0203		False
Cluster_6040	25	0.0203		False
Cluster_18854	25	0.0203		False
Cluster_11418	25	0.0203		False
Cluster_22571	25	0.0203		False
Cluster_21234	25	0.0203		False
Cluster_16616	25	0.0203		False
Cluster_11235	25	0.0203		False
Cluster_14460	25	0.0203		False
Cluster_15122	25	0.0203		False
Cluster_3524	25	0.0203		False
Cluster_10182	25	0.0203		False
Cluster_2164	25	0.0203		False
Cluster_2533	25	0.0203		False
Cluster_278	25	0.0203		False
Cluster_2824	25	0.0203		False
Cluster_11367	25	0.0203		False
Cluster_16711	25	0.0203		False
Cluster_24091	25	0.0203		False
Cluster_16758	25	0.0203		False
Cluster_25045	25	0.0203		False
Cluster_8874	25	0.0203		False
Cluster_7718	25	0.0203		False
Cluster_6242	25	0.0203		False
Cluster_12331	25	0.0203		False
Cluster_11661	25	0.0203		False
Cluster_12562	25	0.0203		False
Cluster_25120	25	0.0203		False
Cluster_4361	25	0.0203		False
Cluster_1870	25	0.0203		False
Cluster_5479	25	0.0203		False
Cluster_23077	25	0.0203		False
Cluster_21175	25	0.0203		False
Cluster_12018	25	0.0203		False
Cluster_11173	25	0.0203		False
Cluster_7100	25	0.0203		False
Cluster_16245	25	0.0203		False
Cluster_4189	25	0.0203		False
Cluster_13080	25	0.0203		False
Cluster_20348	25	0.0203		False
Cluster_10727	25	0.0203		False
Cluster_13493	25	0.0203		False
Cluster_19562	25	0.0203		False
Cluster_24357	25	0.0203		False
Cluster_9414	25	0.0203		False
Cluster_14505	25	0.0203		False
Cluster_8	25	0.0203		False
Cluster_20396	25	0.0203		False
Cluster_16237	25	0.0203		False
Cluster_12777	25	0.0203		False
Cluster_21653	25	0.0203		False
Cluster_6043	25	0.0203		False
Cluster_17027	25	0.0203		False
Cluster_10833	25	0.0203		False
Cluster_2195	25	0.0203		False
Cluster_18043	25	0.0203		False
Cluster_17237	25	0.0203		False
Cluster_3679	25	0.0203		False
Cluster_22174	25	0.0203		False
Cluster_22568	25	0.0203		False
Cluster_15273	25	0.0203		False
Cluster_14864	25	0.0203		False
Cluster_1650	25	0.0203		False
Cluster_23076	25	0.0203		False
Cluster_16909	25	0.0203		False
Cluster_7860	25	0.0203		False
Cluster_12048	25	0.0203		False
Cluster_22619	25	0.0203		False
Cluster_23310	24	0.0195		False
Cluster_253	24	0.0195		False
Cluster_1099	24	0.0195		False
Cluster_8197	24	0.0195		False
Cluster_5168	24	0.0195		False
Cluster_12314	24	0.0195		False
Cluster_17250	24	0.0195		False
Cluster_3481	24	0.0195		False
Cluster_4917	24	0.0195		False
Cluster_4850	24	0.0195		False
Cluster_10940	24	0.0195		False
Cluster_13745	24	0.0195		False
Cluster_15042	24	0.0195		False
Cluster_16826	24	0.0195		False
Cluster_1235	24	0.0195		False
Cluster_8991	24	0.0195		False
Cluster_20952	24	0.0195		False
Cluster_13634	24	0.0195		False
Cluster_4175	24	0.0195		False
Cluster_1362	24	0.0195		False
Cluster_8929	24	0.0195		False
Cluster_18340	24	0.0195		False
Cluster_11850	24	0.0195		False
Cluster_2787	24	0.0195		False
Cluster_22334	24	0.0195		False
Cluster_14191	24	0.0195		False
Cluster_15446	24	0.0195		False
Cluster_6715	24	0.0195		False
Cluster_11830	24	0.0195		False
Cluster_23179	24	0.0195		False
Cluster_24116	24	0.0195		False
Cluster_8333	24	0.0195		False
Cluster_14877	24	0.0195		False
Cluster_13836	24	0.0195		False
Cluster_21865	24	0.0195		False
Cluster_7884	24	0.0195		False
Cluster_15877	24	0.0195		False
Cluster_13523	24	0.0195		False
Cluster_8325	24	0.0195		False
Cluster_24582	24	0.0195		False
Cluster_22111	24	0.0195		False
Cluster_5826	24	0.0195		False
Cluster_17294	24	0.0195		False
Cluster_11361	24	0.0195		False
Cluster_3674	24	0.0195		False
Cluster_16917	24	0.0195		False
Cluster_13861	24	0.0195		False
Cluster_25352	24	0.0195		False
Cluster_22669	24	0.0195		False
Cluster_14723	24	0.0195		False
Cluster_7844	24	0.0195		False
Cluster_910	24	0.0195		False
Cluster_20805	24	0.0195		False
Cluster_6583	24	0.0195		False
Cluster_16674	24	0.0195		False
Cluster_2463	24	0.0195		False
Cluster_13573	24	0.0195		False
Cluster_11047	24	0.0195		False
Cluster_9898	24	0.0195		False
Cluster_21375	24	0.0195		False
Cluster_7820	24	0.0195		False
Cluster_9625	24	0.0195		False
Cluster_2385	24	0.0195		False
Cluster_8013	24	0.0195		False
Cluster_5280	24	0.0195		False
Cluster_14673	24	0.0195		False
Cluster_17781	24	0.0195		False
Cluster_12503	24	0.0195		False
Cluster_6937	24	0.0195		False
Cluster_4670	24	0.0195		False
Cluster_4650	24	0.0195		False
Cluster_22432	24	0.0195		False
Cluster_8605	24	0.0195		False
Cluster_23779	24	0.0195		False
Cluster_4590	24	0.0195		False
Cluster_5564	24	0.0195		False
Cluster_9760	24	0.0195		False
Cluster_12236	24	0.0195		False
Cluster_19368	24	0.0195		False
Cluster_15535	24	0.0195		False
Cluster_13468	24	0.0195		False
Cluster_13947	24	0.0195		False
Cluster_1784	24	0.0195		False
Cluster_20642	24	0.0195		False
Cluster_798	24	0.0195		False
Cluster_18218	24	0.0195		False
Cluster_9238	24	0.0195		False
Cluster_632	24	0.0195		False
Cluster_761	24	0.0195		False
Cluster_16053	24	0.0195		False
Cluster_14151	24	0.0195		False
Cluster_17140	24	0.0195		False
Cluster_12125	24	0.0195		False
Cluster_21267	24	0.0195		False
Cluster_26055	24	0.0195		False
Cluster_7549	24	0.0195		False
Cluster_3569	24	0.0195		False
Cluster_19617	24	0.0195		False
Cluster_15388	24	0.0195		False
Cluster_7370	24	0.0195		False
Cluster_5114	24	0.0195		False
Cluster_24452	24	0.0195		False
Cluster_9345	24	0.0195		False
Cluster_18867	24	0.0195		False
Cluster_18706	24	0.0195		False
Cluster_8046	24	0.0195		False
Cluster_20734	24	0.0195		False
Cluster_9845	24	0.0195		False
Cluster_20534	24	0.0195		False
Cluster_7524	24	0.0195		False
Cluster_11927	24	0.0195		False
Cluster_13763	24	0.0195		False
Cluster_17470	24	0.0195		False
Cluster_8563	24	0.0195		False
Cluster_1668	24	0.0195		False
Cluster_11625	24	0.0195		False
Cluster_2678	24	0.0195		False
Cluster_12063	24	0.0195		False
Cluster_12322	24	0.0195		False
Cluster_11252	24	0.0195		False
Cluster_10835	24	0.0195		False
Cluster_9473	24	0.0195		False
Cluster_16118	24	0.0195		False
Cluster_19554	24	0.0195		False
Cluster_19544	24	0.0195		False
Cluster_21829	24	0.0195		False
Cluster_9069	24	0.0195		False
Cluster_6427	24	0.0195		False
Cluster_15566	24	0.0195		False
Cluster_5589	24	0.0195		False
Cluster_18391	24	0.0195		False
Cluster_19481	24	0.0195		False
Cluster_26046	24	0.0195		False
Cluster_8877	24	0.0195		False
Cluster_1303	24	0.0195		False
Cluster_9775	24	0.0195		False
Cluster_12371	24	0.0195		False
Cluster_713	24	0.0195		False
Cluster_24466	24	0.0195		False
Cluster_5690	24	0.0195		False
Cluster_7346	24	0.0195		False
Cluster_4464	24	0.0195		False
Cluster_7518	24	0.0195		False
Cluster_15237	24	0.0195		False
Cluster_7734	24	0.0195		False
Cluster_23247	24	0.0195		False
Cluster_2366	24	0.0195		False
Cluster_8260	24	0.0195		False
Cluster_11547	24	0.0195		False
Cluster_8814	24	0.0195		False
Cluster_19419	24	0.0195		False
Cluster_239	24	0.0195		False
Cluster_22211	24	0.0195		False
Cluster_4010	24	0.0195		False
Cluster_1707	24	0.0195		False
Cluster_3264	24	0.0195		False
Cluster_1605	24	0.0195		False
Cluster_7957	24	0.0195		False
Cluster_13150	24	0.0195		False
Cluster_6192	24	0.0195		False
Cluster_10525	24	0.0195		False
Cluster_14683	24	0.0195		False
Cluster_14541	24	0.0195		False
Cluster_16260	24	0.0195		False
Cluster_23000	24	0.0195		False
Cluster_12825	24	0.0195		False
Cluster_14000	24	0.0195		False
Cluster_7422	24	0.0195		False
Cluster_20283	24	0.0195		False
Cluster_12733	24	0.0195		False
Cluster_22173	24	0.0195		False
Cluster_3985	24	0.0195		False
Cluster_15586	24	0.0195		False
Cluster_14763	24	0.0195		False
Cluster_10645	24	0.0195		False
Cluster_8612	24	0.0195		False
Cluster_3766	24	0.0195		False
Cluster_3633	24	0.0195		False
Cluster_20591	24	0.0195		False
Cluster_6507	24	0.0195		False
Cluster_8473	24	0.0195		False
Cluster_21936	24	0.0195		False
Cluster_8031	24	0.0195		False
Cluster_8653	24	0.0195		False
Cluster_6534	24	0.0195		False
Cluster_6802	24	0.0195		False
Cluster_18054	24	0.0195		False
Cluster_4132	24	0.0195		False
Cluster_23567	24	0.0195		False
Cluster_6588	24	0.0195		False
Cluster_6247	24	0.0195		False
Cluster_4069	24	0.0195		False
Cluster_7897	23	0.0187		False
Cluster_9422	23	0.0187		False
Cluster_6857	23	0.0187		False
Cluster_22105	23	0.0187		False
Cluster_4560	23	0.0187		False
Cluster_17702	23	0.0187		False
Cluster_5539	23	0.0187		False
Cluster_1298	23	0.0187		False
Cluster_8305	23	0.0187		False
Cluster_17311	23	0.0187		False
Cluster_18341	23	0.0187		False
Cluster_13269	23	0.0187		False
Cluster_2922	23	0.0187		False
Cluster_20532	23	0.0187		False
Cluster_6099	23	0.0187		False
Cluster_21326	23	0.0187		False
Cluster_3299	23	0.0187		False
Cluster_3270	23	0.0187		False
Cluster_3098	23	0.0187		False
Cluster_7614	23	0.0187		False
Cluster_19316	23	0.0187		False
Cluster_1467	23	0.0187		False
Cluster_10971	23	0.0187		False
Cluster_19978	23	0.0187		False
Cluster_20409	23	0.0187		False
Cluster_20450	23	0.0187		False
Cluster_1250	23	0.0187		False
Cluster_6166	23	0.0187		False
Cluster_8686	23	0.0187		False
Cluster_24453	23	0.0187		False
Cluster_12989	23	0.0187		False
Cluster_19281	23	0.0187		False
Cluster_12986	23	0.0187		False
Cluster_8321	23	0.0187		False
Cluster_5412	23	0.0187		False
Cluster_3309	23	0.0187		False
Cluster_17877	23	0.0187		False
Cluster_26086	23	0.0187		False
Cluster_2409	23	0.0187		False
Cluster_5494	23	0.0187		False
Cluster_21431	23	0.0187		False
Cluster_17083	23	0.0187		False
Cluster_13576	23	0.0187		False
Cluster_4388	23	0.0187		False
Cluster_22667	23	0.0187		False
Cluster_19866	23	0.0187		False
Cluster_15560	23	0.0187		False
Cluster_1482	23	0.0187		False
Cluster_4945	23	0.0187		False
Cluster_8527	23	0.0187		False
Cluster_5530	23	0.0187		False
Cluster_21572	23	0.0187		False
Cluster_1862	23	0.0187		False
Cluster_8723	23	0.0187		False
Cluster_17725	23	0.0187		False
Cluster_13408	23	0.0187		False
Cluster_10216	23	0.0187		False
Cluster_24590	23	0.0187		False
Cluster_9722	23	0.0187		False
Cluster_12687	23	0.0187		False
Cluster_18408	23	0.0187		False
Cluster_8870	23	0.0187		False
Cluster_12512	23	0.0187		False
Cluster_11840	23	0.0187		False
Cluster_16289	23	0.0187		False
Cluster_19029	23	0.0187		False
Cluster_11215	23	0.0187		False
Cluster_9599	23	0.0187		False
Cluster_23680	23	0.0187		False
Cluster_4275	23	0.0187		False
Cluster_19033	23	0.0187		False
Cluster_25126	23	0.0187		False
Cluster_8549	23	0.0187		False
Cluster_19236	23	0.0187		False
Cluster_3384	23	0.0187		False
Cluster_9974	23	0.0187		False
Cluster_17526	23	0.0187		False
Cluster_15690	23	0.0187		False
Cluster_8061	23	0.0187		False
Cluster_13461	23	0.0187		False
Cluster_23003	23	0.0187		False
Cluster_329	23	0.0187		False
Cluster_2612	23	0.0187		False
Cluster_14515	23	0.0187		False
Cluster_16338	23	0.0187		False
Cluster_17397	23	0.0187		False
Cluster_15708	23	0.0187		False
Cluster_12822	23	0.0187		False
Cluster_24095	23	0.0187		False
Cluster_22903	23	0.0187		False
Cluster_22106	23	0.0187		False
Cluster_10059	23	0.0187		False
Cluster_13119	23	0.0187		False
Cluster_3170	23	0.0187		False
Cluster_4723	23	0.0187		False
Cluster_9236	23	0.0187		False
Cluster_5068	23	0.0187		False
Cluster_19671	23	0.0187		False
Cluster_18759	23	0.0187		False
Cluster_18990	23	0.0187		False
Cluster_15782	23	0.0187		False
Cluster_8185	23	0.0187		False
Cluster_8154	23	0.0187		False
Cluster_12229	23	0.0187		False
Cluster_7751	23	0.0187		False
Cluster_8660	23	0.0187		False
Cluster_12472	23	0.0187		False
Cluster_11971	23	0.0187		False
Cluster_23508	23	0.0187		False
Cluster_10607	23	0.0187		False
Cluster_8282	23	0.0187		False
Cluster_14389	23	0.0187		False
Cluster_8324	23	0.0187		False
Cluster_7863	23	0.0187		False
Cluster_12140	23	0.0187		False
Cluster_14144	23	0.0187		False
Cluster_9523	23	0.0187		False
Cluster_19288	23	0.0187		False
Cluster_3149	23	0.0187		False
Cluster_13600	23	0.0187		False
Cluster_9859	23	0.0187		False
Cluster_2940	23	0.0187		False
Cluster_10869	23	0.0187		False
Cluster_3018	23	0.0187		False
Cluster_24365	23	0.0187		False
Cluster_21300	23	0.0187		False
Cluster_3512	23	0.0187		False
Cluster_9469	23	0.0187		False
Cluster_5717	23	0.0187		False
Cluster_25788	23	0.0187		False
Cluster_20728	23	0.0187		False
Cluster_19172	23	0.0187		False
Cluster_10431	23	0.0187		False
Cluster_23309	23	0.0187		False
Cluster_6169	23	0.0187		False
Cluster_2949	23	0.0187		False
Cluster_9816	23	0.0187		False
Cluster_5682	23	0.0187		False
Cluster_2338	23	0.0187		False
Cluster_20254	23	0.0187		False
Cluster_21327	23	0.0187		False
Cluster_15133	23	0.0187		False
Cluster_19786	23	0.0187		False
Cluster_974	23	0.0187		False
Cluster_14527	23	0.0187		False
Cluster_8983	23	0.0187		False
Cluster_15129	23	0.0187		False
Cluster_23211	23	0.0187		False
Cluster_2066	23	0.0187		False
Cluster_24588	23	0.0187		False
Cluster_22922	23	0.0187		False
Cluster_14713	23	0.0187		False
Cluster_2159	23	0.0187		False
Cluster_19091	23	0.0187		False
Cluster_12784	23	0.0187		False
Cluster_14875	23	0.0187		False
Cluster_13097	23	0.0187		False
Cluster_5377	23	0.0187		False
Cluster_14328	23	0.0187		False
Cluster_2122	23	0.0187		False
Cluster_18857	23	0.0187		False
Cluster_11584	23	0.0187		False
Cluster_13857	23	0.0187		False
Cluster_21922	23	0.0187		False
Cluster_4699	23	0.0187		False
Cluster_11199	23	0.0187		False
Cluster_11803	23	0.0187		False
Cluster_14272	23	0.0187		False
Cluster_8788	23	0.0187		False
Cluster_12664	23	0.0187		False
Cluster_4082	23	0.0187		False
Cluster_11897	23	0.0187		False
Cluster_12290	23	0.0187		False
Cluster_15453	23	0.0187		False
Cluster_6508	23	0.0187		False
Cluster_14050	23	0.0187		False
Cluster_8521	23	0.0187		False
Cluster_3132	23	0.0187		False
Cluster_21379	23	0.0187		False
Cluster_13516	23	0.0187		False
Cluster_8264	23	0.0187		False
Cluster_13180	23	0.0187		False
Cluster_1738	23	0.0187		False
Cluster_11810	23	0.0187		False
Cluster_9274	23	0.0187		False
Cluster_12565	23	0.0187		False
Cluster_12392	23	0.0187		False
Cluster_10256	23	0.0187		False
Cluster_4013	23	0.0187		False
Cluster_6871	23	0.0187		False
Cluster_14096	23	0.0187		False
Cluster_9284	23	0.0187		False
Cluster_11326	23	0.0187		False
Cluster_9696	23	0.0187		False
Cluster_10842	23	0.0187		False
Cluster_11077	23	0.0187		False
Cluster_5529	23	0.0187		False
Cluster_8064	23	0.0187		False
Cluster_8832	23	0.0187		False
Cluster_10696	23	0.0187		False
Cluster_13366	23	0.0187		False
Cluster_20346	23	0.0187		False
Cluster_8736	23	0.0187		False
Cluster_22156	23	0.0187		False
Cluster_3226	23	0.0187		False
Cluster_19574	23	0.0187		False
Cluster_13178	23	0.0187		False
Cluster_6833	23	0.0187		False
Cluster_950	23	0.0187		False
Cluster_4122	23	0.0187		False
Cluster_9594	23	0.0187		False
Cluster_1335	23	0.0187		False
Cluster_18183	23	0.0187		False
Cluster_16686	23	0.0187		False
Cluster_13764	23	0.0187		False
Cluster_3890	23	0.0187		False
Cluster_13313	23	0.0187		False
Cluster_25421	23	0.0187		False
Cluster_20860	23	0.0187		False
Cluster_3425	23	0.0187		False
Cluster_6835	23	0.0187		False
Cluster_17878	23	0.0187		False
Cluster_11340	23	0.0187		False
Cluster_12203	23	0.0187		False
Cluster_14558	23	0.0187		False
Cluster_13706	23	0.0187		False
Cluster_18550	23	0.0187		False
Cluster_1523	23	0.0187		False
Cluster_880	23	0.0187		False
Cluster_14667	23	0.0187		False
Cluster_9365	23	0.0187		False
Cluster_1625	23	0.0187		False
Cluster_1087	23	0.0187		False
Cluster_7469	23	0.0187		False
Cluster_9364	23	0.0187		False
Cluster_17316	23	0.0187		False
Cluster_11549	23	0.0187		False
Cluster_13314	23	0.0187		False
Cluster_17983	23	0.0187		False
Cluster_12735	23	0.0187		False
Cluster_8003	23	0.0187		False
Cluster_7241	23	0.0187		False
Cluster_3624	23	0.0187		False
Cluster_25336	23	0.0187		False
Cluster_4567	23	0.0187		False
Cluster_13035	23	0.0187		False
Cluster_9694	23	0.0187		False
Cluster_12188	23	0.0187		False
Cluster_12781	23	0.0187		False
Cluster_7183	23	0.0187		False
Cluster_21299	23	0.0187		False
Cluster_23689	23	0.0187		False
Cluster_5637	23	0.0187		False
Cluster_14053	23	0.0187		False
Cluster_8960	23	0.0187		False
Cluster_18786	23	0.0187		False
Cluster_2604	23	0.0187		False
Cluster_8720	23	0.0187		False
Cluster_320	23	0.0187		False
Cluster_23167	23	0.0187		False
Cluster_22761	23	0.0187		False
Cluster_5459	23	0.0187		False
Cluster_8692	23	0.0187		False
Cluster_24362	23	0.0187		False
Cluster_12739	23	0.0187		False
Cluster_146	23	0.0187		False
Cluster_9023	23	0.0187		False
Cluster_20592	23	0.0187		False
Cluster_12473	23	0.0187		False
Cluster_13669	23	0.0187		False
Cluster_187	23	0.0187		False
Cluster_4046	23	0.0187		False
Cluster_15412	23	0.0187		False
Cluster_3724	23	0.0187		False
Cluster_7322	23	0.0187		False
Cluster_25731	23	0.0187		False
Cluster_6982	23	0.0187		False
Cluster_10265	23	0.0187		False
Cluster_6740	23	0.0187		False
Cluster_16337	23	0.0187		False
Cluster_3030	23	0.0187		False
Cluster_5081	23	0.0187		False
Cluster_8986	23	0.0187		False
Cluster_17865	23	0.0187		False
Cluster_8357	23	0.0187		False
Cluster_6510	23	0.0187		False
Cluster_18301	23	0.0187		False
Cluster_9641	23	0.0187		False
Cluster_17217	23	0.0187		False
Cluster_3627	23	0.0187		False
Cluster_14904	23	0.0187		False
Cluster_8250	23	0.0187		False
Cluster_22145	23	0.0187		False
Cluster_13512	23	0.0187		False
Cluster_4875	23	0.0187		False
Cluster_17377	23	0.0187		False
Cluster_17832	23	0.0187		False
Cluster_5271	23	0.0187		False
Cluster_10946	23	0.0187		False
Cluster_6913	23	0.0187		False
Cluster_18152	23	0.0187		False
Cluster_5301	23	0.0187		False
Cluster_22613	23	0.0187		False
Cluster_13684	23	0.0187		False
Cluster_11426	23	0.0187		False
Cluster_20798	23	0.0187		False
Cluster_18528	23	0.0187		False
Cluster_12775	23	0.0187		False
Cluster_22873	23	0.0187		False
Cluster_3275	23	0.0187		False
Cluster_13603	23	0.0187		False
Cluster_2967	23	0.0187		False
Cluster_14712	23	0.0187		False
Cluster_23687	23	0.0187		False
Cluster_18983	23	0.0187		False
Cluster_16751	23	0.0187		False
Cluster_22012	23	0.0187		False
Cluster_13268	23	0.0187		False
Cluster_8871	23	0.0187		False
Cluster_12162	23	0.0187		False
Cluster_18612	23	0.0187		False
Cluster_12264	23	0.0187		False
Cluster_8966	23	0.0187		False
Cluster_9592	23	0.0187		False
Cluster_15247	23	0.0187		False
Cluster_14216	23	0.0187		False
Cluster_22673	23	0.0187		False
Cluster_25319	23	0.0187		False
Cluster_6028	23	0.0187		False
Cluster_6505	23	0.0187		False
Cluster_19979	23	0.0187		False
Cluster_23075	23	0.0187		False
Cluster_5807	23	0.0187		False
Cluster_12613	23	0.0187		False
Cluster_4630	23	0.0187		False
Cluster_14152	23	0.0187		False
Cluster_9636	23	0.0187		False
Cluster_832	23	0.0187		False
Cluster_13597	23	0.0187		False
Cluster_8793	23	0.0187		False
Cluster_14666	23	0.0187		False
Cluster_4160	23	0.0187		False
Cluster_3622	23	0.0187		False
Cluster_13997	23	0.0187		False
Cluster_15604	23	0.0187		False
Cluster_11829	23	0.0187		False
Cluster_14607	23	0.0187		False
Cluster_9308	23	0.0187		False
Cluster_19182	23	0.0187		False
Cluster_6605	23	0.0187		False
Cluster_11691	23	0.0187		False
Cluster_15666	23	0.0187		False
Cluster_358	23	0.0187		False
Cluster_13412	23	0.0187		False
Cluster_24583	23	0.0187		False
Cluster_12352	23	0.0187		False
Cluster_919	23	0.0187		False
Cluster_6167	23	0.0187		False
Cluster_16247	23	0.0187		False
Cluster_8687	23	0.0187		False
Cluster_22846	23	0.0187		False
Cluster_13810	23	0.0187		False
Cluster_6245	23	0.0187		False
Cluster_17985	23	0.0187		False
Cluster_13565	23	0.0187		False
Cluster_5951	23	0.0187		False
Cluster_19875	23	0.0187		False
Cluster_6267	23	0.0187		False
Cluster_11427	23	0.0187		False
Cluster_19482	23	0.0187		False
Cluster_14184	23	0.0187		False
Cluster_19477	23	0.0187		False
Cluster_8700	23	0.0187		False
Cluster_5432	23	0.0187		False
Cluster_16465	23	0.0187		False
Cluster_22444	23	0.0187		False
Cluster_24742	23	0.0187		False
Cluster_11774	23	0.0187		False
Cluster_3570	23	0.0187		False
Cluster_10307	23	0.0187		False
Cluster_12944	23	0.0187		False
Cluster_9190	23	0.0187		False
Cluster_2807	23	0.0187		False
Cluster_6516	23	0.0187		False
Cluster_10691	23	0.0187		False
Cluster_7324	23	0.0187		False
Cluster_10916	23	0.0187		False
Cluster_16104	23	0.0187		False
Cluster_11296	23	0.0187		False
Cluster_8554	23	0.0187		False
Cluster_7985	23	0.0187		False
Cluster_8990	23	0.0187		False
Cluster_15506	23	0.0187		False
Cluster_11097	23	0.0187		False
Cluster_13185	23	0.0187		False
Cluster_11788	23	0.0187		False
Cluster_13118	23	0.0187		False
Cluster_3323	23	0.0187		False
Cluster_25044	23	0.0187		False
Cluster_12481	23	0.0187		False
Cluster_7215	23	0.0187		False
Cluster_1434	23	0.0187		False
Cluster_22108	23	0.0187		False
Cluster_12058	23	0.0187		False
Cluster_24195	23	0.0187		False
Cluster_5321	23	0.0187		False
Cluster_17494	23	0.0187		False
Cluster_7983	23	0.0187		False
Cluster_2097	23	0.0187		False
Cluster_25047	23	0.0187		False
Cluster_14390	23	0.0187		False
Cluster_23327	23	0.0187		False
Cluster_23169	23	0.0187		False
Cluster_23465	23	0.0187		False
Cluster_3721	23	0.0187		False
Cluster_19095	23	0.0187		False
Cluster_4756	22	0.0179		False
Cluster_2196	22	0.0179		False
Cluster_21150	22	0.0179		False
Cluster_8410	22	0.0179		False
Cluster_6016	22	0.0179		False
Cluster_19025	22	0.0179		False
Cluster_3572	22	0.0179		False
Cluster_1033	22	0.0179		False
Cluster_2024	22	0.0179		False
Cluster_5639	22	0.0179		False
Cluster_11257	22	0.0179		False
Cluster_7647	22	0.0179		False
Cluster_20170	22	0.0179		False
Cluster_6326	22	0.0179		False
Cluster_4727	22	0.0179		False
Cluster_948	22	0.0179		False
Cluster_8230	22	0.0179		False
Cluster_8850	22	0.0179		False
Cluster_13949	22	0.0179		False
Cluster_4238	22	0.0179		False
Cluster_2364	22	0.0179		False
Cluster_9516	22	0.0179		False
Cluster_14271	22	0.0179		False
Cluster_4915	22	0.0179		False
Cluster_1506	22	0.0179		False
Cluster_25890	22	0.0179		False
Cluster_20344	22	0.0179		False
Cluster_11055	22	0.0179		False
Cluster_23413	22	0.0179		False
Cluster_8834	22	0.0179		False
Cluster_22281	22	0.0179		False
Cluster_4725	22	0.0179		False
Cluster_9699	22	0.0179		False
Cluster_17372	22	0.0179		False
Cluster_6830	22	0.0179		False
Cluster_6046	22	0.0179		False
Cluster_729	22	0.0179		False
Cluster_8155	22	0.0179		False
Cluster_1593	22	0.0179		False
Cluster_24321	22	0.0179		False
Cluster_18592	22	0.0179		False
Cluster_8323	22	0.0179		False
Cluster_13181	22	0.0179		False
Cluster_25436	22	0.0179		False
Cluster_6538	22	0.0179		False
Cluster_17419	22	0.0179		False
Cluster_1970	22	0.0179		False
Cluster_8092	22	0.0179		False
Cluster_17086	22	0.0179		False
Cluster_9624	22	0.0179		False
Cluster_22995	22	0.0179		False
Cluster_4770	22	0.0179		False
Cluster_2309	22	0.0179		False
Cluster_3847	22	0.0179		False
Cluster_8778	22	0.0179		False
Cluster_2681	22	0.0179		False
Cluster_21828	22	0.0179		False
Cluster_25048	22	0.0179		False
Cluster_528	22	0.0179		False
Cluster_20313	22	0.0179		False
Cluster_17085	22	0.0179		False
Cluster_11583	22	0.0179		False
Cluster_2682	22	0.0179		False
Cluster_23633	22	0.0179		False
Cluster_12471	22	0.0179		False
Cluster_6557	22	0.0179		False
Cluster_1871	22	0.0179		False
Cluster_5735	22	0.0179		False
Cluster_9934	22	0.0179		False
Cluster_1390	22	0.0179		False
Cluster_16043	22	0.0179		False
Cluster_4613	22	0.0179		False
Cluster_17077	22	0.0179		False
Cluster_18215	22	0.0179		False
Cluster_9726	22	0.0179		False
Cluster_20847	22	0.0179		False
Cluster_13465	22	0.0179		False
Cluster_3833	22	0.0179		False
Cluster_12370	22	0.0179		False
Cluster_13632	22	0.0179		False
Cluster_15842	22	0.0179		False
Cluster_2983	22	0.0179		False
Cluster_9970	22	0.0179		False
Cluster_8005	22	0.0179		False
Cluster_7468	22	0.0179		False
Cluster_4592	22	0.0179		False
Cluster_15651	22	0.0179		False
Cluster_6531	22	0.0179		False
Cluster_3418	22	0.0179		False
Cluster_3337	22	0.0179		False
Cluster_19737	22	0.0179		False
Cluster_7273	22	0.0179		False
Cluster_14504	22	0.0179		False
Cluster_2941	22	0.0179		False
Cluster_1846	22	0.0179		False
Cluster_19159	22	0.0179		False
Cluster_3656	22	0.0179		False
Cluster_23510	22	0.0179		False
Cluster_4420	22	0.0179		False
Cluster_11293	22	0.0179		False
Cluster_6804	22	0.0179		False
Cluster_17938	22	0.0179		False
Cluster_7321	22	0.0179		False
Cluster_344	22	0.0179		False
Cluster_1284	22	0.0179		False
Cluster_17732	22	0.0179		False
Cluster_24469	22	0.0179		False
Cluster_18684	22	0.0179		False
Cluster_3532	22	0.0179		False
Cluster_1217	22	0.0179		False
Cluster_3961	22	0.0179		False
Cluster_12598	22	0.0179		False
Cluster_20482	22	0.0179		False
Cluster_8904	22	0.0179		False
Cluster_4484	22	0.0179		False
Cluster_14080	22	0.0179		False
Cluster_22517	22	0.0179		False
Cluster_2100	22	0.0179		False
Cluster_24695	22	0.0179		False
Cluster_15570	22	0.0179		False
Cluster_3245	22	0.0179		False
Cluster_18343	22	0.0179		False
Cluster_898	22	0.0179		False
Cluster_13766	22	0.0179		False
Cluster_1245	22	0.0179		False
Cluster_11393	22	0.0179		False
Cluster_406	22	0.0179		False
Cluster_5424	22	0.0179		False
Cluster_22070	22	0.0179		False
Cluster_11180	22	0.0179		False
Cluster_23570	22	0.0179		False
Cluster_24333	22	0.0179		False
Cluster_5648	22	0.0179		False
Cluster_14967	22	0.0179		False
Cluster_21498	22	0.0179		False
Cluster_5866	22	0.0179		False
Cluster_15786	22	0.0179		False
Cluster_17301	22	0.0179		False
Cluster_7995	22	0.0179		False
Cluster_10222	22	0.0179		False
Cluster_5322	22	0.0179		False
Cluster_5255	22	0.0179		False
Cluster_20433	22	0.0179		False
Cluster_12557	22	0.0179		False
Cluster_6535	22	0.0179		False
Cluster_2174	22	0.0179		False
Cluster_2468	22	0.0179		False
Cluster_14327	22	0.0179		False
Cluster_15986	22	0.0179		False
Cluster_23771	22	0.0179		False
Cluster_12516	22	0.0179		False
Cluster_1706	21	0.0171		False
Cluster_9147	21	0.0171		False
Cluster_22033	21	0.0171		False
Cluster_1842	21	0.0171		False
Cluster_14937	21	0.0171		False
Cluster_13591	21	0.0171		False
Cluster_642	21	0.0171		False
Cluster_3956	21	0.0171		False
Cluster_24968	21	0.0171		False
Cluster_11036	21	0.0171		False
Cluster_7729	21	0.0171		False
Cluster_18305	21	0.0171		False
Cluster_17782	21	0.0171		False
Cluster_22034	21	0.0171		False
Cluster_4174	21	0.0171		False
Cluster_2408	21	0.0171		False
Cluster_5512	21	0.0171		False
Cluster_18071	21	0.0171		False
Cluster_14491	21	0.0171		False
Cluster_23072	21	0.0171		False
Cluster_15815	21	0.0171		False
Cluster_23690	21	0.0171		False
Cluster_16623	21	0.0171		False
Cluster_5487	21	0.0171		False
Cluster_21053	21	0.0171		False
Cluster_10851	21	0.0171		False
Cluster_23577	21	0.0171		False
Cluster_12059	21	0.0171		False
Cluster_19486	21	0.0171		False
Cluster_11035	21	0.0171		False
Cluster_21374	21	0.0171		False
Cluster_3027	21	0.0171		False
Cluster_10504	21	0.0171		False
Cluster_16330	21	0.0171		False
Cluster_15836	21	0.0171		False
Cluster_8369	21	0.0171		False
Cluster_16340	21	0.0171		False
Cluster_7010	21	0.0171		False
Cluster_4537	21	0.0171		False
Cluster_23846	21	0.0171		False
Cluster_2158	21	0.0171		False
Cluster_7412	21	0.0171		False
Cluster_1453	21	0.0171		False
Cluster_24358	21	0.0171		False
Cluster_9087	21	0.0171		False
Cluster_14768	21	0.0171		False
Cluster_15071	21	0.0171		False
Cluster_9095	21	0.0171		False
Cluster_20648	21	0.0171		False
Cluster_5924	21	0.0171		False
Cluster_5782	21	0.0171		False
Cluster_17800	21	0.0171		False
Cluster_3509	21	0.0171		False
Cluster_18519	21	0.0171		False
Cluster_1872	21	0.0171		False
Cluster_2298	21	0.0171		False
Cluster_11972	21	0.0171		False
Cluster_22940	21	0.0171		False
Cluster_6697	21	0.0171		False
Cluster_6774	21	0.0171		False
Cluster_16619	21	0.0171		False
Cluster_14434	21	0.0171		False
Cluster_9627	21	0.0171		False
Cluster_15437	21	0.0171		False
Cluster_22760	21	0.0171		False
Cluster_17428	21	0.0171		False
Cluster_19413	21	0.0171		False
Cluster_25730	21	0.0171		False
Cluster_2325	21	0.0171		False
Cluster_8791	21	0.0171		False
Cluster_17092	21	0.0171		False
Cluster_23952	21	0.0171		False
Cluster_1398	21	0.0171		False
Cluster_924	21	0.0171		False
Cluster_16398	21	0.0171		False
Cluster_10781	21	0.0171		False
Cluster_19094	21	0.0171		False
Cluster_1623	21	0.0171		False
Cluster_18336	21	0.0171		False
Cluster_17495	21	0.0171		False
Cluster_19676	21	0.0171		False
Cluster_16495	21	0.0171		False
Cluster_138	21	0.0171		False
Cluster_9882	21	0.0171		False
Cluster_11581	21	0.0171		False
Cluster_2962	21	0.0171		False
Cluster_23329	21	0.0171		False
Cluster_18138	21	0.0171		False
Cluster_5106	21	0.0171		False
Cluster_13951	21	0.0171		False
Cluster_472	21	0.0171		False
Cluster_9697	21	0.0171		False
Cluster_16984	21	0.0171		False
Cluster_21384	21	0.0171		False
Cluster_10153	21	0.0171		False
Cluster_14970	21	0.0171		False
Cluster_12680	21	0.0171		False
Cluster_8922	21	0.0171		False
Cluster_3181	21	0.0171		False
Cluster_6045	21	0.0171		False
Cluster_22116	21	0.0171		False
Cluster_23595	21	0.0171		False
Cluster_5359	21	0.0171		False
Cluster_1909	21	0.0171		False
Cluster_23770	21	0.0171		False
Cluster_6801	21	0.0171		False
Cluster_16550	21	0.0171		False
Cluster_10032	21	0.0171		False
Cluster_25053	21	0.0171		False
Cluster_17216	21	0.0171		False
Cluster_15411	21	0.0171		False
Cluster_15563	21	0.0171		False
Cluster_19408	21	0.0171		False
Cluster_539	21	0.0171		False
Cluster_4562	21	0.0171		False
Cluster_4025	21	0.0171		False
Cluster_2524	21	0.0171		False
Cluster_16665	21	0.0171		False
Cluster_23079	21	0.0171		False
Cluster_19389	21	0.0171		False
Cluster_3415	20	0.0162		False
Cluster_18416	20	0.0162		False
Cluster_6728	20	0.0162		False
Cluster_9750	20	0.0162		False
Cluster_13370	20	0.0162		False
Cluster_16537	20	0.0162		False
Cluster_12282	20	0.0162		False
Cluster_560	20	0.0162		False
Cluster_17338	20	0.0162		False
Cluster_14716	20	0.0162		False
Cluster_12963	20	0.0162		False
Cluster_19903	20	0.0162		False
Cluster_16476	20	0.0162		False
Cluster_13637	20	0.0162		False
Cluster_936	20	0.0162		False
Cluster_1528	20	0.0162		False
Cluster_4085	20	0.0162		False
Cluster_15020	20	0.0162		False
Cluster_16296	20	0.0162		False
Cluster_16761	20	0.0162		False
Cluster_6266	20	0.0162		False
Cluster_24473	20	0.0162		False
Cluster_13539	20	0.0162		False
Cluster_6544	20	0.0162		False
Cluster_4431	20	0.0162		False
Cluster_14066	20	0.0162		False
Cluster_23877	20	0.0162		False
Cluster_22329	20	0.0162		False
Cluster_21430	20	0.0162		False
Cluster_5426	20	0.0162		False
Cluster_9558	20	0.0162		False
Cluster_108	20	0.0162		False
Cluster_5408	20	0.0162		False
Cluster_14792	20	0.0162		False
Cluster_15321	20	0.0162		False
Cluster_3231	20	0.0162		False
Cluster_14095	20	0.0162		False
Cluster_4790	20	0.0162		False
Cluster_1493	20	0.0162		False
Cluster_8737	20	0.0162		False
Cluster_11406	20	0.0162		False
Cluster_22234	20	0.0162		False
Cluster_12470	20	0.0162		False
Cluster_15615	20	0.0162		False
Cluster_6828	20	0.0162		False
Cluster_25449	20	0.0162		False
Cluster_9061	20	0.0162		False
Cluster_23688	20	0.0162		False
Cluster_2447	20	0.0162		False
Cluster_22110	20	0.0162		False
Cluster_13668	20	0.0162		False
Cluster_9610	20	0.0162		False
Cluster_17242	20	0.0162		False
Cluster_1382	20	0.0162		False
Cluster_14297	20	0.0162		False
Cluster_2342	20	0.0162		False
Cluster_15845	20	0.0162		False
Cluster_14653	20	0.0162		False
Cluster_12064	20	0.0162		False
Cluster_569	20	0.0162		False
Cluster_16440	20	0.0162		False
Cluster_17783	20	0.0162		False
Cluster_7807	20	0.0162		False
Cluster_13750	20	0.0162		False
Cluster_973	20	0.0162		False
Cluster_19206	20	0.0162		False
Cluster_22662	20	0.0162		False
Cluster_15810	20	0.0162		False
Cluster_11089	20	0.0162		False
Cluster_12980	20	0.0162		False
Cluster_20649	20	0.0162		False
Cluster_1936	20	0.0162		False
Cluster_15405	20	0.0162		False
Cluster_22774	20	0.0162		False
Cluster_1012	20	0.0162		False
Cluster_13985	20	0.0162		False
Cluster_21435	20	0.0162		False
Cluster_6586	20	0.0162		False
Cluster_3981	20	0.0162		False
Cluster_11174	20	0.0162		False
Cluster_22624	20	0.0162		False
Cluster_16326	20	0.0162		False
Cluster_12713	20	0.0162		False
Cluster_6866	20	0.0162		False
Cluster_2456	20	0.0162		False
Cluster_3064	20	0.0162		False
Cluster_816	20	0.0162		False
Cluster_9887	20	0.0162		False
Cluster_6503	20	0.0162		False
Cluster_5906	20	0.0162		False
Cluster_24597	20	0.0162		False
Cluster_13495	20	0.0162		False
Cluster_2805	20	0.0162		False
Cluster_21287	20	0.0162		False
Cluster_20800	20	0.0162		False
Cluster_4430	20	0.0162		False
Cluster_13707	20	0.0162		False
Cluster_20700	20	0.0162		False
Cluster_5379	20	0.0162		False
Cluster_4934	20	0.0162		False
Cluster_17867	20	0.0162		False
Cluster_11623	20	0.0162		False
Cluster_22437	20	0.0162		False
Cluster_11808	20	0.0162		False
Cluster_18532	20	0.0162		False
Cluster_3973	20	0.0162		False
Cluster_10042	20	0.0162		False
Cluster_25952	20	0.0162		False
Cluster_10537	20	0.0162		False
Cluster_6559	20	0.0162		False
Cluster_4847	20	0.0162		False
Cluster_908	20	0.0162		False
Cluster_8675	20	0.0162		False
Cluster_24398	20	0.0162		False
Cluster_17253	20	0.0162		False
Cluster_14076	20	0.0162		False
Cluster_18266	19	0.0154		False
Cluster_8284	19	0.0154		False
Cluster_7492	19	0.0154		False
Cluster_14455	19	0.0154		False
Cluster_21495	19	0.0154		False
Cluster_5989	19	0.0154		False
Cluster_14819	19	0.0154		False
Cluster_8963	19	0.0154		False
Cluster_3158	19	0.0154		False
Cluster_18590	19	0.0154		False
Cluster_16882	19	0.0154		False
Cluster_22279	19	0.0154		False
Cluster_19542	19	0.0154		False
Cluster_3948	19	0.0154		False
Cluster_6417	19	0.0154		False
Cluster_2639	19	0.0154		False
Cluster_10741	19	0.0154		False
Cluster_16715	19	0.0154		False
Cluster_8062	19	0.0154		False
Cluster_10412	19	0.0154		False
Cluster_16914	19	0.0154		False
Cluster_22683	19	0.0154		False
Cluster_14402	19	0.0154		False
Cluster_24974	19	0.0154		False
Cluster_3916	19	0.0154		False
Cluster_10503	19	0.0154		False
Cluster_2311	19	0.0154		False
Cluster_4065	19	0.0154		False
Cluster_10966	19	0.0154		False
Cluster_3630	19	0.0154		False
Cluster_17089	19	0.0154		False
Cluster_6438	19	0.0154		False
Cluster_5910	19	0.0154		False
Cluster_2927	19	0.0154		False
Cluster_24943	19	0.0154		False
Cluster_24668	19	0.0154		False
Cluster_21142	19	0.0154		False
Cluster_2591	19	0.0154		False
Cluster_121	19	0.0154		False
Cluster_5792	19	0.0154		False
Cluster_25241	19	0.0154		False
Cluster_6392	19	0.0154		False
Cluster_11997	19	0.0154		False
Cluster_4671	19	0.0154		False
Cluster_24442	19	0.0154		False
Cluster_13079	19	0.0154		False
Cluster_16699	19	0.0154		False
Cluster_12901	19	0.0154		False
Cluster_24349	19	0.0154		False
Cluster_15246	19	0.0154		False
Cluster_24586	19	0.0154		False
Cluster_8158	19	0.0154		False
Cluster_17784	19	0.0154		False
Cluster_15467	19	0.0154		False
Cluster_8004	19	0.0154		False
Cluster_3623	19	0.0154		False
Cluster_24225	19	0.0154		False
Cluster_2407	19	0.0154		False
Cluster_22853	19	0.0154		False
Cluster_135	19	0.0154		False
Cluster_212	19	0.0154		False
Cluster_21933	19	0.0154		False
Cluster_22155	19	0.0154		False
Cluster_5983	19	0.0154		False
Cluster_5849	19	0.0154		False
Cluster_982	19	0.0154		False
Cluster_21156	19	0.0154		False
Cluster_15528	19	0.0154		False
Cluster_21776	19	0.0154		False
Cluster_20258	19	0.0154		False
Cluster_21579	19	0.0154		False
Cluster_11011	19	0.0154		False
Cluster_17062	19	0.0154		False
Cluster_10145	19	0.0154		False
Cluster_9567	19	0.0154		False
Cluster_4675	19	0.0154		False
Cluster_24766	19	0.0154		False
Cluster_17709	19	0.0154		False
Cluster_20022	19	0.0154		False
Cluster_6635	19	0.0154		False
Cluster_21070	19	0.0154		False
Cluster_7435	19	0.0154		False
Cluster_7247	19	0.0154		False
Cluster_16867	19	0.0154		False
Cluster_16442	19	0.0154		False
Cluster_20643	19	0.0154		False
Cluster_19153	19	0.0154		False
Cluster_17013	19	0.0154		False
Cluster_19238	19	0.0154		False
Cluster_811	19	0.0154		False
Cluster_9811	19	0.0154		False
Cluster_14183	19	0.0154		False
Cluster_20284	19	0.0154		False
Cluster_7984	19	0.0154		False
Cluster_10834	19	0.0154		False
Cluster_5427	19	0.0154		False
Cluster_1994	19	0.0154		False
Cluster_2796	19	0.0154		False
Cluster_18099	18	0.0146		False
Cluster_12906	18	0.0146		False
Cluster_8162	18	0.0146		False
Cluster_15065	18	0.0146		False
Cluster_13125	18	0.0146		False
Cluster_7571	18	0.0146		False
Cluster_24955	18	0.0146		False
Cluster_1615	18	0.0146		False
Cluster_22758	18	0.0146		False
Cluster_11512	18	0.0146		False
Cluster_6875	18	0.0146		False
Cluster_15675	18	0.0146		False
Cluster_22441	18	0.0146		False
Cluster_3190	18	0.0146		False
Cluster_17529	18	0.0146		False
Cluster_7782	18	0.0146		False
Cluster_1374	18	0.0146		False
Cluster_6772	18	0.0146		False
Cluster_501	18	0.0146		False
Cluster_14874	18	0.0146		False
Cluster_17443	18	0.0146		False
Cluster_13101	18	0.0146		False
Cluster_18915	18	0.0146		False
Cluster_6101	18	0.0146		False
Cluster_17535	18	0.0146		False
Cluster_2429	18	0.0146		False
Cluster_4310	18	0.0146		False
Cluster_19062	18	0.0146		False
Cluster_7674	18	0.0146		False
Cluster_15946	18	0.0146		False
Cluster_11118	18	0.0146		False
Cluster_18680	18	0.0146		False
Cluster_38	18	0.0146		False
Cluster_15923	18	0.0146		False
Cluster_3391	18	0.0146		False
Cluster_5150	18	0.0146		False
Cluster_1687	18	0.0146		False
Cluster_6391	18	0.0146		False
Cluster_19484	18	0.0146		False
Cluster_6946	18	0.0146		False
Cluster_3	18	0.0146		False
Cluster_22356	18	0.0146		False
Cluster_17482	18	0.0146		False
Cluster_23204	18	0.0146		False
Cluster_25571	18	0.0146		False
Cluster_24068	18	0.0146		False
Cluster_23373	18	0.0146		False
Cluster_8617	18	0.0146		False
Cluster_21155	18	0.0146		False
Cluster_1833	18	0.0146		False
Cluster_14711	18	0.0146		False
Cluster_19982	18	0.0146		False
Cluster_16511	18	0.0146		False
Cluster_24448	18	0.0146		False
Cluster_21574	18	0.0146		False
Cluster_20892	18	0.0146		False
Cluster_20168	18	0.0146		False
Cluster_15618	18	0.0146		False
Cluster_5823	18	0.0146		False
Cluster_13049	18	0.0146		False
Cluster_12723	18	0.0146		False
Cluster_24059	18	0.0146		False
Cluster_13570	18	0.0146		False
Cluster_1273	18	0.0146		False
Cluster_16883	18	0.0146		False
Cluster_5480	18	0.0146		False
Cluster_21445	18	0.0146		False
Cluster_25260	18	0.0146		False
Cluster_11844	18	0.0146		False
Cluster_3356	18	0.0146		False
Cluster_12925	18	0.0146		False
Cluster_13894	18	0.0146		False
Cluster_17599	18	0.0146		False
Cluster_18495	18	0.0146		False
Cluster_4538	18	0.0146		False
Cluster_19735	18	0.0146		False
Cluster_11534	18	0.0146		False
Cluster_22775	18	0.0146		False
Cluster_11218	18	0.0146		False
Cluster_16931	18	0.0146		False
Cluster_12861	18	0.0146		False
Cluster_15678	18	0.0146		False
Cluster_4709	18	0.0146		False
Cluster_8562	18	0.0146		False
Cluster_16809	18	0.0146		False
Cluster_5971	18	0.0146		False
Cluster_21051	18	0.0146		False
Cluster_1570	18	0.0146		False
Cluster_19880	18	0.0146		False
Cluster_3954	18	0.0146		False
Cluster_11010	18	0.0146		False
Cluster_7433	18	0.0146		False
Cluster_13259	18	0.0146		False
Cluster_7368	18	0.0146		False
Cluster_2460	18	0.0146		False
Cluster_5805	18	0.0146		False
Cluster_12529	18	0.0146		False
Cluster_5254	18	0.0146		False
Cluster_5915	18	0.0146		False
Cluster_2185	18	0.0146		False
Cluster_23380	18	0.0146		False
Cluster_11624	18	0.0146		False
Cluster_13388	18	0.0146		False
Cluster_21309	18	0.0146		False
Cluster_2388	18	0.0146		False
Cluster_5947	18	0.0146		False
Cluster_10212	18	0.0146		False
Cluster_13952	18	0.0146		False
Cluster_12599	17	0.0138		False
Cluster_142	17	0.0138		False
Cluster_10886	17	0.0138		False
Cluster_11870	17	0.0138		False
Cluster_6706	17	0.0138		False
Cluster_9182	17	0.0138		False
Cluster_12055	17	0.0138		False
Cluster_4890	17	0.0138		False
Cluster_19878	17	0.0138		False
Cluster_2921	17	0.0138		False
Cluster_11931	17	0.0138		False
Cluster_1582	17	0.0138		False
Cluster_17639	17	0.0138		False
Cluster_7098	17	0.0138		False
Cluster_2132	17	0.0138		False
Cluster_2224	17	0.0138		False
Cluster_4108	17	0.0138		False
Cluster_16874	17	0.0138		False
Cluster_24211	17	0.0138		False
Cluster_4109	17	0.0138		False
Cluster_1046	17	0.0138		False
Cluster_19213	17	0.0138		False
Cluster_23582	17	0.0138		False
Cluster_13714	17	0.0138		False
Cluster_12235	17	0.0138		False
Cluster_17945	17	0.0138		False
Cluster_18656	17	0.0138		False
Cluster_17312	17	0.0138		False
Cluster_6494	17	0.0138		False
Cluster_12987	17	0.0138		False
Cluster_7700	17	0.0138		False
Cluster_21506	17	0.0138		False
Cluster_4386	17	0.0138		False
Cluster_15724	17	0.0138		False
Cluster_17591	17	0.0138		False
Cluster_1742	17	0.0138		False
Cluster_13680	17	0.0138		False
Cluster_16739	17	0.0138		False
Cluster_8954	17	0.0138		False
Cluster_10441	17	0.0138		False
Cluster_3700	17	0.0138		False
Cluster_15408	17	0.0138		False
Cluster_8909	17	0.0138		False
Cluster_5830	17	0.0138		False
Cluster_1024	17	0.0138		False
Cluster_5923	17	0.0138		False
Cluster_2050	17	0.0138		False
Cluster_25853	17	0.0138		False
Cluster_19505	17	0.0138		False
Cluster_4658	17	0.0138		False
Cluster_15457	17	0.0138		False
Cluster_4634	17	0.0138		False
Cluster_3903	17	0.0138		False
Cluster_2270	17	0.0138		False
Cluster_15131	17	0.0138		False
Cluster_2072	17	0.0138		False
Cluster_1469	17	0.0138		False
Cluster_24110	17	0.0138		False
Cluster_11527	17	0.0138		False
Cluster_5827	17	0.0138		False
Cluster_9455	17	0.0138		False
Cluster_18277	17	0.0138		False
Cluster_6816	17	0.0138		False
Cluster_17703	17	0.0138		False
Cluster_4299	17	0.0138		False
Cluster_14329	17	0.0138		False
Cluster_13522	17	0.0138		False
Cluster_22582	17	0.0138		False
Cluster_11968	17	0.0138		False
Cluster_8927	17	0.0138		False
Cluster_8667	17	0.0138		False
Cluster_4221	17	0.0138		False
Cluster_20093	17	0.0138		False
Cluster_14186	17	0.0138		False
Cluster_25024	17	0.0138		False
Cluster_23344	17	0.0138		False
Cluster_14418	17	0.0138		False
Cluster_1011	17	0.0138		False
Cluster_3332	17	0.0138		False
Cluster_3310	17	0.0138		False
Cluster_14493	17	0.0138		False
Cluster_5042	17	0.0138		False
Cluster_853	17	0.0138		False
Cluster_5226	17	0.0138		False
Cluster_8225	17	0.0138		False
Cluster_2177	17	0.0138		False
Cluster_271	17	0.0138		False
Cluster_94	17	0.0138		False
Cluster_1348	17	0.0138		False
Cluster_4561	17	0.0138		False
Cluster_25246	17	0.0138		False
Cluster_9022	17	0.0138		False
Cluster_20535	17	0.0138		False
Cluster_16530	17	0.0138		False
Cluster_16172	17	0.0138		False
Cluster_677	17	0.0138		False
Cluster_2402	17	0.0138		False
Cluster_11145	17	0.0138		False
Cluster_13711	17	0.0138		False
Cluster_25290	17	0.0138		False
Cluster_16103	17	0.0138		False
Cluster_17585	17	0.0138		False
Cluster_14963	17	0.0138		False
Cluster_12537	17	0.0138		False
Cluster_5575	16	0.013		False
Cluster_8083	16	0.013		False
Cluster_1121	16	0.013		False
Cluster_18791	16	0.013		False
Cluster_14052	16	0.013		False
Cluster_1513	16	0.013		False
Cluster_11595	16	0.013		False
Cluster_7278	16	0.013		False
Cluster_3976	16	0.013		False
Cluster_6717	16	0.013		False
Cluster_1300	16	0.013		False
Cluster_24198	16	0.013		False
Cluster_20213	16	0.013		False
Cluster_4390	16	0.013		False
Cluster_3362	16	0.013		False
Cluster_10183	16	0.013		False
Cluster_9521	16	0.013		False
Cluster_2836	16	0.013		False
Cluster_11301	16	0.013		False
Cluster_9759	16	0.013		False
Cluster_5127	16	0.013		False
Cluster_3811	16	0.013		False
Cluster_19043	16	0.013		False
Cluster_4253	16	0.013		False
Cluster_6751	16	0.013		False
Cluster_16490	16	0.013		False
Cluster_2210	16	0.013		False
Cluster_2742	16	0.013		False
Cluster_21758	16	0.013		False
Cluster_7752	16	0.013		False
Cluster_9703	16	0.013		False
Cluster_24022	16	0.013		False
Cluster_2096	16	0.013		False
Cluster_19227	16	0.013		False
Cluster_20695	16	0.013		False
Cluster_12841	16	0.013		False
Cluster_10905	16	0.013		False
Cluster_4518	16	0.013		False
Cluster_25252	16	0.013		False
Cluster_6628	16	0.013		False
Cluster_25427	16	0.013		False
Cluster_19850	16	0.013		False
Cluster_650	16	0.013		False
Cluster_6495	16	0.013		False
Cluster_3979	16	0.013		False
Cluster_10597	16	0.013		False
Cluster_25	16	0.013		False
Cluster_19292	16	0.013		False
Cluster_9899	16	0.013		False
Cluster_15248	16	0.013		False
Cluster_17293	16	0.013		False
Cluster_10520	16	0.013		False
Cluster_6286	16	0.013		False
Cluster_7148	16	0.013		False
Cluster_16252	16	0.013		False
Cluster_18929	16	0.013		False
Cluster_19472	16	0.013		False
Cluster_9337	16	0.013		False
Cluster_14433	16	0.013		False
Cluster_9596	16	0.013		False
Cluster_19666	16	0.013		False
Cluster_25146	16	0.013		False
Cluster_24394	16	0.013		False
Cluster_25655	16	0.013		False
Cluster_4071	16	0.013		False
Cluster_10128	16	0.013		False
Cluster_15416	16	0.013		False
Cluster_2592	16	0.013		False
Cluster_18864	16	0.013		False
Cluster_8782	16	0.013		False
Cluster_26062	16	0.013		False
Cluster_23170	16	0.013		False
Cluster_16112	16	0.013		False
Cluster_12701	16	0.013		False
Cluster_6390	16	0.013		False
Cluster_10429	16	0.013		False
Cluster_16054	16	0.013		False
Cluster_2974	16	0.013		False
Cluster_9865	16	0.013		False
Cluster_7440	16	0.013		False
Cluster_15832	16	0.013		False
Cluster_9695	16	0.013		False
Cluster_6261	16	0.013		False
Cluster_9630	16	0.013		False
Cluster_24789	16	0.013		False
Cluster_6560	16	0.013		False
Cluster_8463	16	0.013		False
Cluster_4199	16	0.013		False
Cluster_20342	16	0.013		False
Cluster_7803	16	0.013		False
Cluster_20600	16	0.013		False
Cluster_21826	16	0.013		False
Cluster_13610	16	0.013		False
Cluster_5129	16	0.013		False
Cluster_1768	16	0.013		False
Cluster_1821	16	0.013		False
Cluster_9921	16	0.013		False
Cluster_23008	16	0.013		False
Cluster_16685	16	0.013		False
Cluster_6126	16	0.013		False
Cluster_6254	16	0.013		False
Cluster_23772	16	0.013		False
Cluster_883	16	0.013		False
Cluster_11701	16	0.013		False
Cluster_23186	16	0.013		False
Cluster_23337	16	0.013		False
Cluster_12780	16	0.013		False
Cluster_4204	16	0.013		False
Cluster_16243	16	0.013		False
Cluster_12311	16	0.013		False
Cluster_23254	16	0.013		False
Cluster_15257	16	0.013		False
Cluster_17339	16	0.013		False
Cluster_24199	16	0.013		False
Cluster_3546	16	0.013		False
Cluster_18869	16	0.013		False
Cluster_1043	16	0.013		False
Cluster_24707	16	0.013		False
Cluster_17986	16	0.013		False
Cluster_14822	16	0.013		False
Cluster_12774	16	0.013		False
Cluster_20817	16	0.013		False
Cluster_1045	16	0.013		False
Cluster_12592	16	0.013		False
Cluster_636	16	0.013		False
Cluster_3848	16	0.013		False
Cluster_4577	16	0.013		False
Cluster_6271	16	0.013		False
Cluster_22434	16	0.013		False
Cluster_11761	16	0.013		False
Cluster_19949	16	0.013		False
Cluster_11176	16	0.013		False
Cluster_9429	16	0.013		False
Cluster_179	16	0.013		False
Cluster_23178	16	0.013		False
Cluster_3435	16	0.013		False
Cluster_11191	16	0.013		False
Cluster_1680	16	0.013		False
Cluster_22287	16	0.013		False
Cluster_21258	16	0.013		False
Cluster_8989	16	0.013		False
Cluster_15193	16	0.013		False
Cluster_4024	16	0.013		False
Cluster_15567	16	0.013		False
Cluster_23324	16	0.013		False
Cluster_19849	16	0.013		False
Cluster_9902	16	0.013		False
Cluster_8805	15	0.0122		False
Cluster_25102	15	0.0122		False
Cluster_12563	15	0.0122		False
Cluster_7667	15	0.0122		False
Cluster_7122	15	0.0122		False
Cluster_4277	15	0.0122		False
Cluster_23021	15	0.0122		False
Cluster_3357	15	0.0122		False
Cluster_17573	15	0.0122		False
Cluster_15933	15	0.0122		False
Cluster_22538	15	0.0122		False
Cluster_10564	15	0.0122		False
Cluster_752	15	0.0122		False
Cluster_20797	15	0.0122		False
Cluster_14702	15	0.0122		False
Cluster_24028	15	0.0122		False
Cluster_25085	15	0.0122		False
Cluster_15263	15	0.0122		False
Cluster_13556	15	0.0122		False
Cluster_4676	15	0.0122		False
Cluster_24782	15	0.0122		False
Cluster_11053	15	0.0122		False
Cluster_12109	15	0.0122		False
Cluster_15682	15	0.0122		False
Cluster_21596	15	0.0122		False
Cluster_14674	15	0.0122		False
Cluster_11440	15	0.0122		False
Cluster_13802	15	0.0122		False
Cluster_12978	15	0.0122		False
Cluster_2179	15	0.0122		False
Cluster_20288	15	0.0122		False
Cluster_6882	15	0.0122		False
Cluster_9632	15	0.0122		False
Cluster_2289	15	0.0122		False
Cluster_4825	15	0.0122		False
Cluster_16444	15	0.0122		False
Cluster_1023	15	0.0122		False
Cluster_25251	15	0.0122		False
Cluster_15460	15	0.0122		False
Cluster_3127	15	0.0122		False
Cluster_24691	15	0.0122		False
Cluster_23266	15	0.0122		False
Cluster_4281	15	0.0122		False
Cluster_7186	15	0.0122		False
Cluster_16768	15	0.0122		False
Cluster_4704	15	0.0122		False
Cluster_18726	15	0.0122		False
Cluster_22114	15	0.0122		False
Cluster_5327	15	0.0122		False
Cluster_23699	15	0.0122		False
Cluster_23765	15	0.0122		False
Cluster_10562	15	0.0122		False
Cluster_5856	15	0.0122		False
Cluster_8189	15	0.0122		False
Cluster_1460	15	0.0122		False
Cluster_12447	15	0.0122		False
Cluster_2267	15	0.0122		False
Cluster_19358	15	0.0122		False
Cluster_11817	15	0.0122		False
Cluster_23866	15	0.0122		False
Cluster_19058	15	0.0122		False
Cluster_5369	15	0.0122		False
Cluster_20656	15	0.0122		False
Cluster_5590	15	0.0122		False
Cluster_10661	15	0.0122		False
Cluster_5703	15	0.0122		False
Cluster_6275	15	0.0122		False
Cluster_6556	15	0.0122		False
Cluster_24478	15	0.0122		False
Cluster_19241	15	0.0122		False
Cluster_8137	15	0.0122		False
Cluster_2310	15	0.0122		False
Cluster_9738	15	0.0122		False
Cluster_5145	15	0.0122		False
Cluster_21433	15	0.0122		False
Cluster_20724	15	0.0122		False
Cluster_5756	15	0.0122		False
Cluster_8500	15	0.0122		False
Cluster_20949	15	0.0122		False
Cluster_18584	15	0.0122		False
Cluster_16362	15	0.0122		False
Cluster_17313	15	0.0122		False
Cluster_4344	15	0.0122		False
Cluster_25077	15	0.0122		False
Cluster_24245	15	0.0122		False
Cluster_647	15	0.0122		False
Cluster_4673	15	0.0122		False
Cluster_20242	15	0.0122		False
Cluster_2947	15	0.0122		False
Cluster_20536	15	0.0122		False
Cluster_7147	15	0.0122		False
Cluster_25167	15	0.0122		False
Cluster_7323	15	0.0122		False
Cluster_6214	15	0.0122		False
Cluster_8863	15	0.0122		False
Cluster_6954	15	0.0122		False
Cluster_7698	15	0.0122		False
Cluster_5510	15	0.0122		False
Cluster_3164	15	0.0122		False
Cluster_25131	15	0.0122		False
Cluster_1291	15	0.0122		False
Cluster_15767	15	0.0122		False
Cluster_9037	15	0.0122		False
Cluster_15324	15	0.0122		False
Cluster_25118	15	0.0122		False
Cluster_12601	15	0.0122		False
Cluster_9791	15	0.0122		False
Cluster_615	14	0.0114		False
Cluster_20689	14	0.0114		False
Cluster_5742	14	0.0114		False
Cluster_25862	14	0.0114		False
Cluster_2608	14	0.0114		False
Cluster_11253	14	0.0114		False
Cluster_15021	14	0.0114		False
Cluster_20752	14	0.0114		False
Cluster_133	14	0.0114		False
Cluster_18629	14	0.0114		False
Cluster_3471	14	0.0114		False
Cluster_14668	14	0.0114		False
Cluster_18955	14	0.0114		False
Cluster_6034	14	0.0114		False
Cluster_17623	14	0.0114		False
Cluster_8740	14	0.0114		False
Cluster_1090	14	0.0114		False
Cluster_19235	14	0.0114		False
Cluster_64	14	0.0114		False
Cluster_9470	14	0.0114		False
Cluster_5542	14	0.0114		False
Cluster_16332	14	0.0114		False
Cluster_19958	14	0.0114		False
Cluster_1465	14	0.0114		False
Cluster_23439	14	0.0114		False
Cluster_19842	14	0.0114		False
Cluster_18717	14	0.0114		False
Cluster_25051	14	0.0114		False
Cluster_1925	14	0.0114		False
Cluster_21377	14	0.0114		False
Cluster_4982	14	0.0114		False
Cluster_488	14	0.0114		False
Cluster_23902	14	0.0114		False
Cluster_4427	14	0.0114		False
Cluster_3709	14	0.0114		False
Cluster_4779	14	0.0114		False
Cluster_11249	14	0.0114		False
Cluster_5591	14	0.0114		False
Cluster_3843	14	0.0114		False
Cluster_2772	14	0.0114		False
Cluster_23134	14	0.0114		False
Cluster_24646	14	0.0114		False
Cluster_12344	14	0.0114		False
Cluster_17901	14	0.0114		False
Cluster_15513	14	0.0114		False
Cluster_23956	14	0.0114		False
Cluster_12163	14	0.0114		False
Cluster_170	14	0.0114		False
Cluster_6	14	0.0114		False
Cluster_21254	14	0.0114		False
Cluster_19487	14	0.0114		False
Cluster_10748	14	0.0114		False
Cluster_22871	14	0.0114		False
Cluster_21090	14	0.0114		False
Cluster_11894	14	0.0114		False
Cluster_4117	14	0.0114		False
Cluster_17399	14	0.0114		False
Cluster_21376	14	0.0114		False
Cluster_13954	14	0.0114		False
Cluster_13383	14	0.0114		False
Cluster_6351	14	0.0114		False
Cluster_16955	14	0.0114		False
Cluster_12246	14	0.0114		False
Cluster_3542	14	0.0114		False
Cluster_21497	14	0.0114		False
Cluster_9971	14	0.0114		False
Cluster_15016	14	0.0114		False
Cluster_10433	14	0.0114		False
Cluster_8198	14	0.0114		False
Cluster_22719	14	0.0114		False
Cluster_7963	14	0.0114		False
Cluster_555	14	0.0114		False
Cluster_5987	14	0.0114		False
Cluster_22052	14	0.0114		False
Cluster_23471	14	0.0114		False
Cluster_11800	14	0.0114		False
Cluster_4342	14	0.0114		False
Cluster_7062	14	0.0114		False
Cluster_3193	14	0.0114		False
Cluster_9276	14	0.0114		False
Cluster_387	14	0.0114		False
Cluster_921	14	0.0114		False
Cluster_5534	14	0.0114		False
Cluster_12556	14	0.0114		False
Cluster_739	14	0.0114		False
Cluster_1496	14	0.0114		False
Cluster_19547	14	0.0114		False
Cluster_24585	14	0.0114		False
Cluster_3476	14	0.0114		False
Cluster_24216	14	0.0114		False
Cluster_10012	14	0.0114		False
Cluster_1305	14	0.0114		False
Cluster_13244	14	0.0114		False
Cluster_3403	14	0.0114		False
Cluster_1172	14	0.0114		False
Cluster_17091	14	0.0114		False
Cluster_25969	14	0.0114		False
Cluster_21779	14	0.0114		False
Cluster_25337	14	0.0114		False
Cluster_20959	14	0.0114		False
Cluster_13196	14	0.0114		False
Cluster_7310	14	0.0114		False
Cluster_6327	14	0.0114		False
Cluster_16995	14	0.0114		False
Cluster_15885	14	0.0114		False
Cluster_15741	14	0.0114		False
Cluster_19616	14	0.0114		False
Cluster_13569	14	0.0114		False
Cluster_6521	14	0.0114		False
Cluster_10332	14	0.0114		False
Cluster_14056	14	0.0114		False
Cluster_18742	14	0.0114		False
Cluster_1985	14	0.0114		False
Cluster_21500	14	0.0114		False
Cluster_3163	14	0.0114		False
Cluster_26067	13	0.0106		False
Cluster_3492	13	0.0106		False
Cluster_299	13	0.0106		False
Cluster_22765	13	0.0106		False
Cluster_25968	13	0.0106		False
Cluster_13351	13	0.0106		False
Cluster_5757	13	0.0106		False
Cluster_19186	13	0.0106		False
Cluster_10300	13	0.0106		False
Cluster_1841	13	0.0106		False
Cluster_9819	13	0.0106		False
Cluster_19255	13	0.0106		False
Cluster_12567	13	0.0106		False
Cluster_16342	13	0.0106		False
Cluster_725	13	0.0106		False
Cluster_8042	13	0.0106		False
Cluster_3178	13	0.0106		False
Cluster_874	13	0.0106		False
Cluster_5892	13	0.0106		False
Cluster_25790	13	0.0106		False
Cluster_10257	13	0.0106		False
Cluster_7443	13	0.0106		False
Cluster_14977	13	0.0106		False
Cluster_6949	13	0.0106		False
Cluster_9825	13	0.0106		False
Cluster_24536	13	0.0106		False
Cluster_17537	13	0.0106		False
Cluster_23078	13	0.0106		False
Cluster_24700	13	0.0106		False
Cluster_24777	13	0.0106		False
Cluster_21045	13	0.0106		False
Cluster_4331	13	0.0106		False
Cluster_9569	13	0.0106		False
Cluster_1934	13	0.0106		False
Cluster_458	13	0.0106		False
Cluster_9660	13	0.0106		False
Cluster_11302	13	0.0106		False
Cluster_14827	13	0.0106		False
Cluster_311	13	0.0106		False
Cluster_11398	13	0.0106		False
Cluster_8015	13	0.0106		False
Cluster_9501	13	0.0106		False
Cluster_5451	13	0.0106		False
Cluster_25908	13	0.0106		False
Cluster_20750	13	0.0106		False
Cluster_9702	13	0.0106		False
Cluster_5046	13	0.0106		False
Cluster_114	13	0.0106		False
Cluster_24100	13	0.0106		False
Cluster_13854	13	0.0106		False
Cluster_2034	13	0.0106		False
Cluster_20110	13	0.0106		False
Cluster_17956	13	0.0106		False
Cluster_24533	13	0.0106		False
Cluster_20899	13	0.0106		False
Cluster_24843	13	0.0106		False
Cluster_10040	13	0.0106		False
Cluster_6727	13	0.0106		False
Cluster_23667	13	0.0106		False
Cluster_22537	13	0.0106		False
Cluster_24963	13	0.0106		False
Cluster_2215	13	0.0106		False
Cluster_25789	13	0.0106		False
Cluster_24103	13	0.0106		False
Cluster_5798	13	0.0106		False
Cluster_14236	13	0.0106		False
Cluster_25292	13	0.0106		False
Cluster_4747	13	0.0106		False
Cluster_1723	13	0.0106		False
Cluster_12823	13	0.0106		False
Cluster_24472	13	0.0106		False
Cluster_5272	13	0.0106		False
Cluster_22998	13	0.0106		False
Cluster_2788	13	0.0106		False
Cluster_9347	13	0.0106		False
Cluster_15903	13	0.0106		False
Cluster_10524	13	0.0106		False
Cluster_10673	13	0.0106		False
Cluster_19655	13	0.0106		False
Cluster_25244	13	0.0106		False
Cluster_22436	13	0.0106		False
Cluster_561	13	0.0106		False
Cluster_7245	13	0.0106		False
Cluster_22900	13	0.0106		False
Cluster_9298	13	0.0106		False
Cluster_10162	13	0.0106		False
Cluster_15518	13	0.0106		False
Cluster_10574	13	0.0106		False
Cluster_1437	13	0.0106		False
Cluster_7405	13	0.0106		False
Cluster_5041	13	0.0106		False
Cluster_17273	13	0.0106		False
Cluster_1848	13	0.0106		False
Cluster_24948	13	0.0106		False
Cluster_15336	13	0.0106		False
Cluster_6938	13	0.0106		False
Cluster_12393	13	0.0106		False
Cluster_16830	13	0.0106		False
Cluster_6848	13	0.0106		False
Cluster_15796	13	0.0106		False
Cluster_4891	13	0.0106		False
Cluster_5230	13	0.0106		False
Cluster_8638	13	0.0106		False
Cluster_17885	13	0.0106		False
Cluster_24848	13	0.0106		False
Cluster_10114	13	0.0106		False
Cluster_13037	13	0.0106		False
Cluster_5846	13	0.0106		False
Cluster_5531	13	0.0106		False
Cluster_7326	12	0.0097		False
Cluster_2392	12	0.0097		False
Cluster_3513	12	0.0097		False
Cluster_17423	12	0.0097		False
Cluster_24204	12	0.0097		False
Cluster_14369	12	0.0097		False
Cluster_3932	12	0.0097		False
Cluster_14826	12	0.0097		False
Cluster_13089	12	0.0097		False
Cluster_19578	12	0.0097		False
Cluster_5988	12	0.0097		False
Cluster_3447	12	0.0097		False
Cluster_17988	12	0.0097		False
Cluster_20151	12	0.0097		False
Cluster_1931	12	0.0097		False
Cluster_22037	12	0.0097		False
Cluster_22344	12	0.0097		False
Cluster_22904	12	0.0097		False
Cluster_10013	12	0.0097		False
Cluster_4803	12	0.0097		False
Cluster_2102	12	0.0097		False
Cluster_13827	12	0.0097		False
Cluster_13371	12	0.0097		False
Cluster_23702	12	0.0097		False
Cluster_3645	12	0.0097		False
Cluster_16561	12	0.0097		False
Cluster_14003	12	0.0097		False
Cluster_3205	12	0.0097		False
Cluster_17953	12	0.0097		False
Cluster_13661	12	0.0097		False
Cluster_20641	12	0.0097		False
Cluster_7901	12	0.0097		False
Cluster_17100	12	0.0097		False
Cluster_25415	12	0.0097		False
Cluster_4768	12	0.0097		False
Cluster_3221	12	0.0097		False
Cluster_7190	12	0.0097		False
Cluster_22693	12	0.0097		False
Cluster_10972	12	0.0097		False
Cluster_4962	12	0.0097		False
Cluster_16688	12	0.0097		False
Cluster_22345	12	0.0097		False
Cluster_19740	12	0.0097		False
Cluster_711	12	0.0097		False
Cluster_12074	12	0.0097		False
Cluster_6149	12	0.0097		False
Cluster_24998	12	0.0097		False
Cluster_19730	12	0.0097		False
Cluster_17096	12	0.0097		False
Cluster_3329	12	0.0097		False
Cluster_3585	12	0.0097		False
Cluster_21871	12	0.0097		False
Cluster_22254	12	0.0097		False
Cluster_5592	12	0.0097		False
Cluster_3538	12	0.0097		False
Cluster_18209	12	0.0097		False
Cluster_15727	12	0.0097		False
Cluster_21237	12	0.0097		False
Cluster_527	12	0.0097		False
Cluster_11628	12	0.0097		False
Cluster_18860	12	0.0097		False
Cluster_621	12	0.0097		False
Cluster_25139	12	0.0097		False
Cluster_1025	12	0.0097		False
Cluster_16395	12	0.0097		False
Cluster_20806	12	0.0097		False
Cluster_12463	12	0.0097		False
Cluster_6562	12	0.0097		False
Cluster_5198	12	0.0097		False
Cluster_5443	12	0.0097		False
Cluster_18933	12	0.0097		False
Cluster_17746	12	0.0097		False
Cluster_4955	12	0.0097		False
Cluster_24222	12	0.0097		False
Cluster_1904	12	0.0097		False
Cluster_11255	12	0.0097		False
Cluster_182	12	0.0097		False
Cluster_10246	12	0.0097		False
Cluster_20172	12	0.0097		False
Cluster_19970	12	0.0097		False
Cluster_2728	12	0.0097		False
Cluster_11329	12	0.0097		False
Cluster_16328	12	0.0097		False
Cluster_14057	12	0.0097		False
Cluster_21961	12	0.0097		False
Cluster_2291	12	0.0097		False
Cluster_25871	12	0.0097		False
Cluster_22384	12	0.0097		False
Cluster_2721	12	0.0097		False
Cluster_19179	12	0.0097		False
Cluster_462	12	0.0097		False
Cluster_19480	12	0.0097		False
Cluster_13709	12	0.0097		False
Cluster_17186	12	0.0097		False
Cluster_6195	12	0.0097		False
Cluster_22937	12	0.0097		False
Cluster_10845	12	0.0097		False
Cluster_25172	12	0.0097		False
Cluster_23958	12	0.0097		False
Cluster_13317	12	0.0097		False
Cluster_567	12	0.0097		False
Cluster_17151	12	0.0097		False
Cluster_24036	12	0.0097		False
Cluster_18345	12	0.0097		False
Cluster_4443	12	0.0097		False
Cluster_2319	12	0.0097		False
Cluster_405	12	0.0097		False
Cluster_7805	12	0.0097		False
Cluster_3346	12	0.0097		False
Cluster_24785	12	0.0097		False
Cluster_8451	12	0.0097		False
Cluster_14002	12	0.0097		False
Cluster_8728	12	0.0097		False
Cluster_24985	12	0.0097		False
Cluster_2172	12	0.0097		False
Cluster_24951	12	0.0097		False
Cluster_5570	12	0.0097		False
Cluster_17033	12	0.0097		False
Cluster_4565	12	0.0097		False
Cluster_2206	12	0.0097		False
Cluster_22888	12	0.0097		False
Cluster_4066	12	0.0097		False
Cluster_18931	12	0.0097		False
Cluster_24620	12	0.0097		False
Cluster_17256	12	0.0097		False
Cluster_18407	12	0.0097		False
Cluster_10408	12	0.0097		False
Cluster_10084	12	0.0097		False
Cluster_18594	12	0.0097		False
Cluster_18098	12	0.0097		False
Cluster_5786	12	0.0097		False
Cluster_12702	12	0.0097		False
Cluster_918	12	0.0097		False
Cluster_7151	12	0.0097		False
Cluster_21701	12	0.0097		False
Cluster_19416	12	0.0097		False
Cluster_5899	12	0.0097		False
Cluster_20956	12	0.0097		False
Cluster_5194	12	0.0097		False
Cluster_6421	12	0.0097		False
Cluster_14669	12	0.0097		False
Cluster_14731	12	0.0097		False
Cluster_7332	12	0.0097		False
Cluster_16918	12	0.0097		False
Cluster_6331	12	0.0097		False
Cluster_18651	12	0.0097		False
Cluster_14610	12	0.0097		False
Cluster_11052	12	0.0097		False
Cluster_18409	12	0.0097		False
Cluster_8010	12	0.0097		False
Cluster_21399	12	0.0097		False
Cluster_23896	12	0.0097		False
Cluster_25249	12	0.0097		False
Cluster_21700	12	0.0097		False
Cluster_6955	12	0.0097		False
Cluster_10295	12	0.0097		False
Cluster_12829	12	0.0097		False
Cluster_210	12	0.0097		False
Cluster_2316	12	0.0097		False
Cluster_17497	12	0.0097		False
Cluster_25054	12	0.0097		False
Cluster_19856	12	0.0097		False
Cluster_3489	12	0.0097		False
Cluster_3558	12	0.0097		False
Cluster_8988	12	0.0097		False
Cluster_14273	12	0.0097		False
Cluster_1868	12	0.0097		False
Cluster_20287	12	0.0097		False
Cluster_14231	11	0.0089		False
Cluster_17145	11	0.0089		False
Cluster_22217	11	0.0089		False
Cluster_11678	11	0.0089		False
Cluster_4786	11	0.0089		False
Cluster_21766	11	0.0089		False
Cluster_3137	11	0.0089		False
Cluster_11666	11	0.0089		False
Cluster_17773	11	0.0089		False
Cluster_1078	11	0.0089		False
Cluster_19412	11	0.0089		False
Cluster_14560	11	0.0089		False
Cluster_17636	11	0.0089		False
Cluster_8610	11	0.0089		False
Cluster_6035	11	0.0089		False
Cluster_23516	11	0.0089		False
Cluster_820	11	0.0089		False
Cluster_3429	11	0.0089		False
Cluster_20347	11	0.0089		False
Cluster_3901	11	0.0089		False
Cluster_1960	11	0.0089		False
Cluster_23449	11	0.0089		False
Cluster_25959	11	0.0089		False
Cluster_17369	11	0.0089		False
Cluster_6463	11	0.0089		False
Cluster_5867	11	0.0089		False
Cluster_10518	11	0.0089		False
Cluster_20878	11	0.0089		False
Cluster_13242	11	0.0089		False
Cluster_17534	11	0.0089		False
Cluster_5677	11	0.0089		False
Cluster_7353	11	0.0089		False
Cluster_6893	11	0.0089		False
Cluster_13817	11	0.0089		False
Cluster_1923	11	0.0089		False
Cluster_6237	11	0.0089		False
Cluster_23725	11	0.0089		False
Cluster_11103	11	0.0089		False
Cluster_18714	11	0.0089		False
Cluster_16690	11	0.0089		False
Cluster_13514	11	0.0089		False
Cluster_21589	11	0.0089		False
Cluster_17634	11	0.0089		False
Cluster_12510	11	0.0089		False
Cluster_13423	11	0.0089		False
Cluster_14309	11	0.0089		False
Cluster_3806	11	0.0089		False
Cluster_2266	11	0.0089		False
Cluster_740	11	0.0089		False
Cluster_8975	11	0.0089		False
Cluster_13515	11	0.0089		False
Cluster_2713	11	0.0089		False
Cluster_3998	11	0.0089		False
Cluster_6742	11	0.0089		False
Cluster_6574	11	0.0089		False
Cluster_5330	11	0.0089		False
Cluster_21013	11	0.0089		False
Cluster_14064	11	0.0089		False
Cluster_8997	11	0.0089		False
Cluster_24847	11	0.0089		False
Cluster_16755	11	0.0089		False
Cluster_2547	11	0.0089		False
Cluster_22840	11	0.0089		False
Cluster_1793	11	0.0089		False
Cluster_847	11	0.0089		False
Cluster_23006	11	0.0089		False
Cluster_14370	11	0.0089		False
Cluster_12699	11	0.0089		False
Cluster_9510	11	0.0089		False
Cluster_2763	11	0.0089		False
Cluster_23063	11	0.0089		False
Cluster_10259	11	0.0089		False
Cluster_21253	11	0.0089		False
Cluster_20225	11	0.0089		False
Cluster_8263	11	0.0089		False
Cluster_19951	11	0.0089		False
Cluster_24853	11	0.0089		False
Cluster_6127	11	0.0089		False
Cluster_10801	11	0.0089		False
Cluster_14060	11	0.0089		False
Cluster_15511	11	0.0089		False
Cluster_19998	11	0.0089		False
Cluster_14373	11	0.0089		False
Cluster_25076	11	0.0089		False
Cluster_1388	11	0.0089		False
Cluster_4166	11	0.0089		False
Cluster_11790	11	0.0089		False
Cluster_86	11	0.0089		False
Cluster_2163	11	0.0089		False
Cluster_1153	11	0.0089		False
Cluster_22716	11	0.0089		False
Cluster_13863	11	0.0089		False
Cluster_6130	11	0.0089		False
Cluster_7154	11	0.0089		False
Cluster_2143	11	0.0089		False
Cluster_39	11	0.0089		False
Cluster_18863	11	0.0089		False
Cluster_23842	11	0.0089		False
Cluster_2015	11	0.0089		False
Cluster_11975	11	0.0089		False
Cluster_19974	11	0.0089		False
Cluster_25950	11	0.0089		False
Cluster_22843	11	0.0089		False
Cluster_9408	11	0.0089		False
Cluster_5533	11	0.0089		False
Cluster_9156	11	0.0089		False
Cluster_8034	11	0.0089		False
Cluster_4830	11	0.0089		False
Cluster_5323	11	0.0089		False
Cluster_17315	11	0.0089		False
Cluster_19537	11	0.0089		False
Cluster_5995	11	0.0089		False
Cluster_17016	11	0.0089		False
Cluster_3702	11	0.0089		False
Cluster_4893	11	0.0089		False
Cluster_1054	11	0.0089		False
Cluster_22690	11	0.0089		False
Cluster_21139	11	0.0089		False
Cluster_21303	11	0.0089		False
Cluster_22515	11	0.0089		False
Cluster_22588	11	0.0089		False
Cluster_5416	11	0.0089		False
Cluster_14512	11	0.0089		False
Cluster_24887	11	0.0089		False
Cluster_8367	11	0.0089		False
Cluster_6063	11	0.0089		False
Cluster_11394	11	0.0089		False
Cluster_10573	11	0.0089		False
Cluster_8626	11	0.0089		False
Cluster_8315	11	0.0089		False
Cluster_2073	11	0.0089		False
Cluster_11038	11	0.0089		False
Cluster_22939	11	0.0089		False
Cluster_12436	11	0.0089		False
Cluster_21945	11	0.0089		False
Cluster_19701	11	0.0089		False
Cluster_13866	11	0.0089		False
Cluster_24109	11	0.0089		False
Cluster_4685	11	0.0089		False
Cluster_16121	11	0.0089		False
Cluster_7404	11	0.0089		False
Cluster_18008	11	0.0089		False
Cluster_7566	11	0.0089		False
Cluster_20539	11	0.0089		False
Cluster_1939	11	0.0089		False
Cluster_15589	11	0.0089		False
Cluster_16107	11	0.0089		False
Cluster_20460	11	0.0089		False
Cluster_2602	11	0.0089		False
Cluster_12124	11	0.0089		False
Cluster_23197	11	0.0089		False
Cluster_15621	11	0.0089		False
Cluster_9767	11	0.0089		False
Cluster_22457	11	0.0089		False
Cluster_1213	11	0.0089		False
Cluster_2963	11	0.0089		False
Cluster_8829	11	0.0089		False
Cluster_17469	11	0.0089		False
Cluster_8306	11	0.0089		False
Cluster_12369	11	0.0089		False
Cluster_25742	11	0.0089		False
Cluster_21364	11	0.0089		False
Cluster_7498	11	0.0089		False
Cluster_19242	11	0.0089		False
Cluster_21425	11	0.0089		False
Cluster_1106	11	0.0089		False
Cluster_3302	11	0.0089		False
Cluster_6479	11	0.0089		False
Cluster_4336	11	0.0089		False
Cluster_10156	11	0.0089		False
Cluster_14840	11	0.0089		False
Cluster_16754	10	0.0081		False
Cluster_20686	10	0.0081		False
Cluster_23533	10	0.0081		False
Cluster_26050	10	0.0081		False
Cluster_4602	10	0.0081		False
Cluster_6300	10	0.0081		False
Cluster_6571	10	0.0081		False
Cluster_9646	10	0.0081		False
Cluster_993	10	0.0081		False
Cluster_25437	10	0.0081		False
Cluster_19887	10	0.0081		False
Cluster_7121	10	0.0081		False
Cluster_9666	10	0.0081		False
Cluster_20548	10	0.0081		False
Cluster_24040	10	0.0081		False
Cluster_26096	10	0.0081		False
Cluster_7728	10	0.0081		False
Cluster_25660	10	0.0081		False
Cluster_3383	10	0.0081		False
Cluster_2286	10	0.0081		False
Cluster_11709	10	0.0081		False
Cluster_10620	10	0.0081		False
Cluster_26051	10	0.0081		False
Cluster_4866	10	0.0081		False
Cluster_1204	10	0.0081		False
Cluster_13673	10	0.0081		False
Cluster_1190	10	0.0081		False
Cluster_1384	10	0.0081		False
Cluster_16973	10	0.0081		False
Cluster_13880	10	0.0081		False
Cluster_12528	10	0.0081		False
Cluster_16066	10	0.0081		False
Cluster_128	10	0.0081		False
Cluster_17668	10	0.0081		False
Cluster_16680	10	0.0081		False
Cluster_24031	10	0.0081		False
Cluster_9607	10	0.0081		False
Cluster_22504	10	0.0081		False
Cluster_18856	10	0.0081		False
Cluster_22148	10	0.0081		False
Cluster_6296	10	0.0081		False
Cluster_12707	10	0.0081		False
Cluster_23717	10	0.0081		False
Cluster_20851	10	0.0081		False
Cluster_2830	10	0.0081		False
Cluster_21081	10	0.0081		False
Cluster_14147	10	0.0081		False
Cluster_9184	10	0.0081		False
Cluster_3320	10	0.0081		False
Cluster_14608	10	0.0081		False
Cluster_13078	10	0.0081		False
Cluster_626	10	0.0081		False
Cluster_25561	10	0.0081		False
Cluster_5233	10	0.0081		False
Cluster_14823	10	0.0081		False
Cluster_1320	10	0.0081		False
Cluster_4666	10	0.0081		False
Cluster_12572	10	0.0081		False
Cluster_10993	10	0.0081		False
Cluster_3555	10	0.0081		False
Cluster_11019	10	0.0081		False
Cluster_16070	10	0.0081		False
Cluster_9316	10	0.0081		False
Cluster_9399	10	0.0081		False
Cluster_1806	10	0.0081		False
Cluster_7843	10	0.0081		False
Cluster_5137	10	0.0081		False
Cluster_17434	10	0.0081		False
Cluster_57	10	0.0081		False
Cluster_6306	10	0.0081		False
Cluster_13953	10	0.0081		False
Cluster_10711	10	0.0081		False
Cluster_7561	10	0.0081		False
Cluster_1597	10	0.0081		False
Cluster_19497	10	0.0081		False
Cluster_8789	10	0.0081		False
Cluster_16266	10	0.0081		False
Cluster_22465	10	0.0081		False
Cluster_12640	10	0.0081		False
Cluster_23433	10	0.0081		False
Cluster_9126	10	0.0081		False
Cluster_4939	10	0.0081		False
Cluster_5266	10	0.0081		False
Cluster_15555	10	0.0081		False
Cluster_11878	10	0.0081		False
Cluster_18476	10	0.0081		False
Cluster_132	10	0.0081		False
Cluster_7497	10	0.0081		False
Cluster_3260	10	0.0081		False
Cluster_12249	10	0.0081		False
Cluster_11140	10	0.0081		False
Cluster_24393	10	0.0081		False
Cluster_24032	10	0.0081		False
Cluster_10050	10	0.0081		False
Cluster_4341	10	0.0081		False
Cluster_11575	10	0.0081		False
Cluster_2680	10	0.0081		False
Cluster_2588	10	0.0081		False
Cluster_1601	10	0.0081		False
Cluster_23019	10	0.0081		False
Cluster_18740	10	0.0081		False
Cluster_9027	10	0.0081		False
Cluster_14044	10	0.0081		False
Cluster_23374	10	0.0081		False
Cluster_1898	10	0.0081		False
Cluster_19515	10	0.0081		False
Cluster_22042	10	0.0081		False
Cluster_13120	10	0.0081		False
Cluster_21659	10	0.0081		False
Cluster_17354	10	0.0081		False
Cluster_20829	10	0.0081		False
Cluster_483	10	0.0081		False
Cluster_23428	10	0.0081		False
Cluster_25059	10	0.0081		False
Cluster_6337	10	0.0081		False
Cluster_24000	10	0.0081		False
Cluster_20882	10	0.0081		False
Cluster_25039	10	0.0081		False
Cluster_21844	10	0.0081		False
Cluster_8377	10	0.0081		False
Cluster_4901	10	0.0081		False
Cluster_24941	10	0.0081		False
Cluster_12602	10	0.0081		False
Cluster_15015	10	0.0081		False
Cluster_8099	10	0.0081		False
Cluster_14784	10	0.0081		False
Cluster_14820	10	0.0081		False
Cluster_9060	10	0.0081		False
Cluster_15319	10	0.0081		False
Cluster_22097	10	0.0081		False
Cluster_12087	10	0.0081		False
Cluster_10191	10	0.0081		False
Cluster_3229	10	0.0081		False
Cluster_11837	10	0.0081		False
Cluster_19545	10	0.0081		False
Cluster_3028	10	0.0081		False
Cluster_24794	10	0.0081		False
Cluster_24784	10	0.0081		False
Cluster_19437	10	0.0081		False
Cluster_6876	10	0.0081		False
Cluster_18347	10	0.0081		False
Cluster_5525	10	0.0081		False
Cluster_4978	10	0.0081		False
Cluster_11468	10	0.0081		False
Cluster_10600	10	0.0081		False
Cluster_17540	10	0.0081		False
Cluster_15595	10	0.0081		False
Cluster_5378	10	0.0081		False
Cluster_10296	10	0.0081		False
Cluster_17611	10	0.0081		False
Cluster_15889	10	0.0081		False
Cluster_1498	10	0.0081		False
Cluster_23886	10	0.0081		False
Cluster_4785	10	0.0081		False
Cluster_17705	10	0.0081		False
Cluster_2399	10	0.0081		False
Cluster_17995	10	0.0081		False
Cluster_1689	10	0.0081		False
Cluster_3145	10	0.0081		False
Cluster_3616	10	0.0081		False
Cluster_17381	10	0.0081		False
Cluster_10058	10	0.0081		False
Cluster_24315	10	0.0081		False
Cluster_10837	10	0.0081		False
Cluster_19927	10	0.0081		False
Cluster_7407	10	0.0081		False
Cluster_4462	10	0.0081		False
Cluster_14506	10	0.0081		False
Cluster_5724	10	0.0081		False
Cluster_840	10	0.0081		False
Cluster_20868	10	0.0081		False
Cluster_20962	10	0.0081		False
Cluster_12519	10	0.0081		False
Cluster_20305	10	0.0081		False
Cluster_21153	10	0.0081		False
Cluster_10847	10	0.0081		False
Cluster_4625	9	0.0073		False
Cluster_4077	9	0.0073		False
Cluster_24099	9	0.0073		False
Cluster_23753	9	0.0073		False
Cluster_20948	9	0.0073		False
Cluster_11420	9	0.0073		False
Cluster_9505	9	0.0073		False
Cluster_8283	9	0.0073		False
Cluster_16114	9	0.0073		False
Cluster_20471	9	0.0073		False
Cluster_20224	9	0.0073		False
Cluster_18868	9	0.0073		False
Cluster_6692	9	0.0073		False
Cluster_4138	9	0.0073		False
Cluster_19507	9	0.0073		False
Cluster_6613	9	0.0073		False
Cluster_24297	9	0.0073		False
Cluster_1288	9	0.0073		False
Cluster_6927	9	0.0073		False
Cluster_12442	9	0.0073		False
Cluster_24776	9	0.0073		False
Cluster_11121	9	0.0073		False
Cluster_885	9	0.0073		False
Cluster_9659	9	0.0073		False
Cluster_23087	9	0.0073		False
Cluster_5587	9	0.0073		False
Cluster_22337	9	0.0073		False
Cluster_9705	9	0.0073		False
Cluster_19239	9	0.0073		False
Cluster_16413	9	0.0073		False
Cluster_3781	9	0.0073		False
Cluster_1375	9	0.0073		False
Cluster_25425	9	0.0073		False
Cluster_20098	9	0.0073		False
Cluster_22347	9	0.0073		False
Cluster_7617	9	0.0073		False
Cluster_17826	9	0.0073		False
Cluster_325	9	0.0073		False
Cluster_8888	9	0.0073		False
Cluster_23861	9	0.0073		False
Cluster_21308	9	0.0073		False
Cluster_16627	9	0.0073		False
Cluster_13085	9	0.0073		False
Cluster_10669	9	0.0073		False
Cluster_17837	9	0.0073		False
Cluster_7855	9	0.0073		False
Cluster_5132	9	0.0073		False
Cluster_20343	9	0.0073		False
Cluster_15846	9	0.0073		False
Cluster_3684	9	0.0073		False
Cluster_22928	9	0.0073		False
Cluster_22381	9	0.0073		False
Cluster_14677	9	0.0073		False
Cluster_20818	9	0.0073		False
Cluster_1708	9	0.0073		False
Cluster_8291	9	0.0073		False
Cluster_17040	9	0.0073		False
Cluster_21091	9	0.0073		False
Cluster_18352	9	0.0073		False
Cluster_8840	9	0.0073		False
Cluster_22585	9	0.0073		False
Cluster_7757	9	0.0073		False
Cluster_15839	9	0.0073		False
Cluster_18998	9	0.0073		False
Cluster_12904	9	0.0073		False
Cluster_3453	9	0.0073		False
Cluster_18598	9	0.0073		False
Cluster_24446	9	0.0073		False
Cluster_9380	9	0.0073		False
Cluster_1473	9	0.0073		False
Cluster_6454	9	0.0073		False
Cluster_16517	9	0.0073		False
Cluster_10186	9	0.0073		False
Cluster_124	9	0.0073		False
Cluster_2354	9	0.0073		False
Cluster_3140	9	0.0073		False
Cluster_5857	9	0.0073		False
Cluster_2645	9	0.0073		False
Cluster_22216	9	0.0073		False
Cluster_14813	9	0.0073		False
Cluster_13613	9	0.0073		False
Cluster_24267	9	0.0073		False
Cluster_7935	9	0.0073		False
Cluster_21075	9	0.0073		False
Cluster_10499	9	0.0073		False
Cluster_1661	9	0.0073		False
Cluster_21152	9	0.0073		False
Cluster_4164	9	0.0073		False
Cluster_858	9	0.0073		False
Cluster_14879	9	0.0073		False
Cluster_24854	9	0.0073		False
Cluster_16293	9	0.0073		False
Cluster_12280	9	0.0073		False
Cluster_20638	9	0.0073		False
Cluster_14067	9	0.0073		False
Cluster_12965	9	0.0073		False
Cluster_16269	9	0.0073		False
Cluster_9936	9	0.0073		False
Cluster_848	9	0.0073		False
Cluster_21494	9	0.0073		False
Cluster_22120	9	0.0073		False
Cluster_21770	9	0.0073		False
Cluster_2070	9	0.0073		False
Cluster_9701	9	0.0073		False
Cluster_23293	9	0.0073		False
Cluster_944	9	0.0073		False
Cluster_22277	9	0.0073		False
Cluster_12948	9	0.0073		False
Cluster_20091	9	0.0073		False
Cluster_7372	9	0.0073		False
Cluster_23845	9	0.0073		False
Cluster_17880	9	0.0073		False
Cluster_2647	9	0.0073		False
Cluster_9366	9	0.0073		False
Cluster_23086	9	0.0073		False
Cluster_7937	9	0.0073		False
Cluster_20863	9	0.0073		False
Cluster_17780	9	0.0073		False
Cluster_2840	9	0.0073		False
Cluster_1879	9	0.0073		False
Cluster_22734	9	0.0073		False
Cluster_10067	9	0.0073		False
Cluster_22943	9	0.0073		False
Cluster_1423	9	0.0073		False
Cluster_13324	9	0.0073		False
Cluster_4105	9	0.0073		False
Cluster_9495	9	0.0073		False
Cluster_21446	9	0.0073		False
Cluster_19093	9	0.0073		False
Cluster_5733	9	0.0073		False
Cluster_8394	9	0.0073		False
Cluster_4079	9	0.0073		False
Cluster_4931	9	0.0073		False
Cluster_21614	9	0.0073		False
Cluster_12437	9	0.0073		False
Cluster_17189	9	0.0073		False
Cluster_3448	9	0.0073		False
Cluster_5621	9	0.0073		False
Cluster_15214	9	0.0073		False
Cluster_7834	9	0.0073		False
Cluster_19961	9	0.0073		False
Cluster_7727	9	0.0073		False
Cluster_6087	9	0.0073		False
Cluster_19423	9	0.0073		False
Cluster_16057	9	0.0073		False
Cluster_418	9	0.0073		False
Cluster_20042	9	0.0073		False
Cluster_6768	9	0.0073		False
Cluster_12154	9	0.0073		False
Cluster_14507	9	0.0073		False
Cluster_5052	9	0.0073		False
Cluster_6724	9	0.0073		False
Cluster_23769	9	0.0073		False
Cluster_2318	9	0.0073		False
Cluster_10137	9	0.0073		False
Cluster_4772	9	0.0073		False
Cluster_12990	9	0.0073		False
Cluster_23778	9	0.0073		False
Cluster_10144	9	0.0073		False
Cluster_2243	9	0.0073		False
Cluster_11297	9	0.0073		False
Cluster_19285	9	0.0073		False
Cluster_22798	9	0.0073		False
Cluster_24512	9	0.0073		False
Cluster_25728	9	0.0073		False
Cluster_6631	9	0.0073		False
Cluster_24687	9	0.0073		False
Cluster_25254	9	0.0073		False
Cluster_7093	9	0.0073		False
Cluster_3053	9	0.0073		False
Cluster_10340	9	0.0073		False
Cluster_15612	9	0.0073		False
Cluster_6253	9	0.0073		False
Cluster_2422	9	0.0073		False
Cluster_20414	9	0.0073		False
Cluster_3065	9	0.0073		False
Cluster_6799	9	0.0073		False
Cluster_15013	9	0.0073		False
Cluster_8477	9	0.0073		False
Cluster_20875	9	0.0073		False
Cluster_25720	9	0.0073		False
Cluster_9861	9	0.0073		False
Cluster_19555	9	0.0073		False
Cluster_24797	9	0.0073		False
Cluster_8392	9	0.0073		False
Cluster_20602	9	0.0073		False
Cluster_14368	9	0.0073		False
Cluster_20474	9	0.0073		False
Cluster_2109	9	0.0073		False
Cluster_11146	9	0.0073		False
Cluster_10181	9	0.0073		False
Cluster_13628	9	0.0073		False
Cluster_6044	9	0.0073		False
Cluster_21086	9	0.0073		False
Cluster_24140	9	0.0073		False
Cluster_24171	9	0.0073		False
Cluster_14693	9	0.0073		False
Cluster_287	9	0.0073		False
Cluster_23362	9	0.0073		False
Cluster_22415	9	0.0073		False
Cluster_25333	9	0.0073		False
Cluster_1758	9	0.0073		False
Cluster_25569	9	0.0073		False
Cluster_9309	9	0.0073		False
Cluster_18281	9	0.0073		False
Cluster_6171	9	0.0073		False
Cluster_16687	9	0.0073		False
Cluster_14851	9	0.0073		False
Cluster_15693	9	0.0073		False
Cluster_18164	9	0.0073		False
Cluster_13972	9	0.0073		False
Cluster_16001	9	0.0073		False
Cluster_7434	9	0.0073		False
Cluster_10655	9	0.0073		False
Cluster_22115	9	0.0073		False
Cluster_88	9	0.0073		False
Cluster_20862	9	0.0073		False
Cluster_21759	9	0.0073		False
Cluster_16169	9	0.0073		False
Cluster_20370	9	0.0073		False
Cluster_13043	9	0.0073		False
Cluster_1145	9	0.0073		False
Cluster_3349	9	0.0073		False
Cluster_19367	9	0.0073		False
Cluster_15750	9	0.0073		False
Cluster_2834	9	0.0073		False
Cluster_15996	9	0.0073		False
Cluster_10516	9	0.0073		False
Cluster_22768	9	0.0073		False
Cluster_15327	9	0.0073		False
Cluster_513	9	0.0073		False
Cluster_7251	9	0.0073		False
Cluster_331	9	0.0073		False
Cluster_3559	9	0.0073		False
Cluster_18748	9	0.0073		False
Cluster_9237	9	0.0073		False
Cluster_18280	9	0.0073		False
Cluster_25060	9	0.0073		False
Cluster_7416	9	0.0073		False
Cluster_2944	9	0.0073		False
Cluster_10146	9	0.0073		False
Cluster_10462	9	0.0073		False
Cluster_4836	9	0.0073		False
Cluster_5970	8	0.0065		False
Cluster_20112	8	0.0065		False
Cluster_22236	8	0.0065		False
Cluster_15251	8	0.0065		False
Cluster_15729	8	0.0065		False
Cluster_49	8	0.0065		False
Cluster_19628	8	0.0065		False
Cluster_844	8	0.0065		False
Cluster_25444	8	0.0065		False
Cluster_9466	8	0.0065		False
Cluster_18855	8	0.0065		False
Cluster_7931	8	0.0065		False
Cluster_5485	8	0.0065		False
Cluster_10665	8	0.0065		False
Cluster_22026	8	0.0065		False
Cluster_14829	8	0.0065		False
Cluster_9327	8	0.0065		False
Cluster_21703	8	0.0065		False
Cluster_15519	8	0.0065		False
Cluster_18272	8	0.0065		False
Cluster_16553	8	0.0065		False
Cluster_18174	8	0.0065		False
Cluster_20671	8	0.0065		False
Cluster_19994	8	0.0065		False
Cluster_214	8	0.0065		False
Cluster_3667	8	0.0065		False
Cluster_15557	8	0.0065		False
Cluster_7976	8	0.0065		False
Cluster_25064	8	0.0065		False
Cluster_3918	8	0.0065		False
Cluster_13991	8	0.0065		False
Cluster_4026	8	0.0065		False
Cluster_23716	8	0.0065		False
Cluster_2852	8	0.0065		False
Cluster_22131	8	0.0065		False
Cluster_25426	8	0.0065		False
Cluster_24959	8	0.0065		False
Cluster_21302	8	0.0065		False
Cluster_11390	8	0.0065		False
Cluster_11740	8	0.0065		False
Cluster_10728	8	0.0065		False
Cluster_25780	8	0.0065		False
Cluster_13602	8	0.0065		False
Cluster_10705	8	0.0065		False
Cluster_4054	8	0.0065		False
Cluster_15680	8	0.0065		False
Cluster_1564	8	0.0065		False
Cluster_21838	8	0.0065		False
Cluster_1751	8	0.0065		False
Cluster_17726	8	0.0065		False
Cluster_5260	8	0.0065		False
Cluster_24688	8	0.0065		False
Cluster_11375	8	0.0065		False
Cluster_4197	8	0.0065		False
Cluster_23417	8	0.0065		False
Cluster_2757	8	0.0065		False
Cluster_1529	8	0.0065		False
Cluster_12805	8	0.0065		False
Cluster_8602	8	0.0065		False
Cluster_7792	8	0.0065		False
Cluster_8833	8	0.0065		False
Cluster_11589	8	0.0065		False
Cluster_6617	8	0.0065		False
Cluster_25746	8	0.0065		False
Cluster_11930	8	0.0065		False
Cluster_2344	8	0.0065		False
Cluster_22695	8	0.0065		False
Cluster_13473	8	0.0065		False
Cluster_17320	8	0.0065		False
Cluster_23352	8	0.0065		False
Cluster_3037	8	0.0065		False
Cluster_6664	8	0.0065		False
Cluster_975	8	0.0065		False
Cluster_9323	8	0.0065		False
Cluster_9036	8	0.0065		False
Cluster_8601	8	0.0065		False
Cluster_3246	8	0.0065		False
Cluster_16925	8	0.0065		False
Cluster_9650	8	0.0065		False
Cluster_12061	8	0.0065		False
Cluster_2445	8	0.0065		False
Cluster_18577	8	0.0065		False
Cluster_14265	8	0.0065		False
Cluster_15674	8	0.0065		False
Cluster_12778	8	0.0065		False
Cluster_562	8	0.0065		False
Cluster_13574	8	0.0065		False
Cluster_21035	8	0.0065		False
Cluster_5166	8	0.0065		False
Cluster_3742	8	0.0065		False
Cluster_16814	8	0.0065		False
Cluster_3124	8	0.0065		False
Cluster_20013	8	0.0065		False
Cluster_12354	8	0.0065		False
Cluster_1539	8	0.0065		False
Cluster_23425	8	0.0065		False
Cluster_24627	8	0.0065		False
Cluster_21767	8	0.0065		False
Cluster_24436	8	0.0065		False
Cluster_14688	8	0.0065		False
Cluster_19863	8	0.0065		False
Cluster_24135	8	0.0065		False
Cluster_16539	8	0.0065		False
Cluster_6276	8	0.0065		False
Cluster_3484	8	0.0065		False
Cluster_13	8	0.0065		False
Cluster_7708	8	0.0065		False
Cluster_14005	8	0.0065		False
Cluster_15367	8	0.0065		False
Cluster_6224	8	0.0065		False
Cluster_580	8	0.0065		False
Cluster_8758	8	0.0065		False
Cluster_25058	8	0.0065		False
Cluster_10511	8	0.0065		False
Cluster_21705	8	0.0065		False
Cluster_9821	8	0.0065		False
Cluster_301	8	0.0065		False
Cluster_10398	8	0.0065		False
Cluster_25744	8	0.0065		False
Cluster_6223	8	0.0065		False
Cluster_22107	8	0.0065		False
Cluster_6068	8	0.0065		False
Cluster_14619	8	0.0065		False
Cluster_4324	8	0.0065		False
Cluster_2720	8	0.0065		False
Cluster_19620	8	0.0065		False
Cluster_1392	8	0.0065		False
Cluster_966	8	0.0065		False
Cluster_992	8	0.0065		False
Cluster_3049	8	0.0065		False
Cluster_21138	8	0.0065		False
Cluster_2414	8	0.0065		False
Cluster_4067	8	0.0065		False
Cluster_17713	8	0.0065		False
Cluster_5506	8	0.0065		False
Cluster_21928	8	0.0065		False
Cluster_13526	8	0.0065		False
Cluster_4860	8	0.0065		False
Cluster_21250	8	0.0065		False
Cluster_641	8	0.0065		False
Cluster_4279	8	0.0065		False
Cluster_2340	8	0.0065		False
Cluster_25767	8	0.0065		False
Cluster_20139	8	0.0065		False
Cluster_9989	8	0.0065		False
Cluster_25963	8	0.0065		False
Cluster_19623	8	0.0065		False
Cluster_3138	8	0.0065		False
Cluster_10294	8	0.0065		False
Cluster_24967	8	0.0065		False
Cluster_18349	8	0.0065		False
Cluster_25081	8	0.0065		False
Cluster_3625	8	0.0065		False
Cluster_11402	8	0.0065		False
Cluster_12318	8	0.0065		False
Cluster_21774	8	0.0065		False
Cluster_8159	8	0.0065		False
Cluster_20113	8	0.0065		False
Cluster_85	8	0.0065		False
Cluster_23464	8	0.0065		False
Cluster_22947	8	0.0065		False
Cluster_1257	8	0.0065		False
Cluster_18930	8	0.0065		False
Cluster_19898	8	0.0065		False
Cluster_4861	8	0.0065		False
Cluster_4387	8	0.0065		False
Cluster_5588	8	0.0065		False
Cluster_9597	8	0.0065		False
Cluster_22877	8	0.0065		False
Cluster_15262	8	0.0065		False
Cluster_3212	8	0.0065		False
Cluster_25741	8	0.0065		False
Cluster_8436	8	0.0065		False
Cluster_8090	8	0.0065		False
Cluster_25253	8	0.0065		False
Cluster_9509	8	0.0065		False
Cluster_10549	8	0.0065		False
Cluster_21393	8	0.0065		False
Cluster_20659	8	0.0065		False
Cluster_22592	8	0.0065		False
Cluster_12746	8	0.0065		False
Cluster_4923	8	0.0065		False
Cluster_16772	8	0.0065		False
Cluster_13912	8	0.0065		False
Cluster_13046	8	0.0065		False
Cluster_7631	8	0.0065		False
Cluster_4373	8	0.0065		False
Cluster_18918	8	0.0065		False
Cluster_11182	8	0.0065		False
Cluster_20675	8	0.0065		False
Cluster_2646	8	0.0065		False
Cluster_18483	8	0.0065		False
Cluster_19127	8	0.0065		False
Cluster_639	8	0.0065		False
Cluster_10724	8	0.0065		False
Cluster_11801	8	0.0065		False
Cluster_7161	8	0.0065		False
Cluster_16810	8	0.0065		False
Cluster_8387	8	0.0065		False
Cluster_788	8	0.0065		False
Cluster_8910	8	0.0065		False
Cluster_24301	8	0.0065		False
Cluster_409	8	0.0065		False
Cluster_22680	8	0.0065		False
Cluster_18469	8	0.0065		False
Cluster_14276	8	0.0065		False
Cluster_19175	8	0.0065		False
Cluster_22206	8	0.0065		False
Cluster_21177	8	0.0065		False
Cluster_10	8	0.0065		False
Cluster_11519	8	0.0065		False
Cluster_4256	8	0.0065		False
Cluster_24787	8	0.0065		False
Cluster_16683	8	0.0065		False
Cluster_10982	8	0.0065		False
Cluster_9647	8	0.0065		False
Cluster_665	8	0.0065		False
Cluster_17789	8	0.0065		False
Cluster_25354	8	0.0065		False
Cluster_7832	8	0.0065		False
Cluster_7900	8	0.0065		False
Cluster_23381	8	0.0065		False
Cluster_1789	8	0.0065		False
Cluster_2161	8	0.0065		False
Cluster_13622	8	0.0065		False
Cluster_22119	8	0.0065		False
Cluster_21862	8	0.0065		False
Cluster_22990	8	0.0065		False
Cluster_10263	8	0.0065		False
Cluster_19955	8	0.0065		False
Cluster_10761	8	0.0065		False
Cluster_17840	8	0.0065		False
Cluster_19108	8	0.0065		False
Cluster_20745	8	0.0065		False
Cluster_20395	8	0.0065		False
Cluster_13236	8	0.0065		False
Cluster_17090	8	0.0065		False
Cluster_6360	8	0.0065		False
Cluster_15274	8	0.0065		False
Cluster_2640	8	0.0065		False
Cluster_25128	8	0.0065		False
Cluster_24214	8	0.0065		False
Cluster_18259	8	0.0065		False
Cluster_18361	8	0.0065		False
Cluster_10733	8	0.0065		False
Cluster_23438	8	0.0065		False
Cluster_5701	8	0.0065		False
Cluster_24532	8	0.0065		False
Cluster_5992	8	0.0065		False
Cluster_20801	8	0.0065		False
Cluster_6282	8	0.0065		False
Cluster_25758	8	0.0065		False
Cluster_2226	8	0.0065		False
Cluster_18118	8	0.0065		False
Cluster_20161	8	0.0065		False
Cluster_21474	8	0.0065		False
Cluster_19252	8	0.0065		False
Cluster_15989	8	0.0065		False
Cluster_14193	8	0.0065		False
Cluster_190	8	0.0065		False
Cluster_25434	7	0.0057		False
Cluster_4501	7	0.0057		False
Cluster_24591	7	0.0057		False
Cluster_12799	7	0.0057		False
Cluster_15843	7	0.0057		False
Cluster_3567	7	0.0057		False
Cluster_19966	7	0.0057		False
Cluster_194	7	0.0057		False
Cluster_11610	7	0.0057		False
Cluster_23691	7	0.0057		False
Cluster_26071	7	0.0057		False
Cluster_12035	7	0.0057		False
Cluster_20043	7	0.0057		False
Cluster_19503	7	0.0057		False
Cluster_6861	7	0.0057		False
Cluster_14378	7	0.0057		False
Cluster_14916	7	0.0057		False
Cluster_17094	7	0.0057		False
Cluster_24096	7	0.0057		False
Cluster_5411	7	0.0057		False
Cluster_4194	7	0.0057		False
Cluster_20663	7	0.0057		False
Cluster_12172	7	0.0057		False
Cluster_19418	7	0.0057		False
Cluster_16757	7	0.0057		False
Cluster_8951	7	0.0057		False
Cluster_1764	7	0.0057		False
Cluster_6729	7	0.0057		False
Cluster_8074	7	0.0057		False
Cluster_22214	7	0.0057		False
Cluster_18755	7	0.0057		False
Cluster_4008	7	0.0057		False
Cluster_13955	7	0.0057		False
Cluster_10540	7	0.0057		False
Cluster_21584	7	0.0057		False
Cluster_9192	7	0.0057		False
Cluster_16526	7	0.0057		False
Cluster_15676	7	0.0057		False
Cluster_17101	7	0.0057		False
Cluster_20558	7	0.0057		False
Cluster_16251	7	0.0057		False
Cluster_24203	7	0.0057		False
Cluster_16733	7	0.0057		False
Cluster_2642	7	0.0057		False
Cluster_947	7	0.0057		False
Cluster_945	7	0.0057		False
Cluster_11712	7	0.0057		False
Cluster_12867	7	0.0057		False
Cluster_22606	7	0.0057		False
Cluster_16231	7	0.0057		False
Cluster_4523	7	0.0057		False
Cluster_297	7	0.0057		False
Cluster_12166	7	0.0057		False
Cluster_18203	7	0.0057		False
Cluster_11169	7	0.0057		False
Cluster_3565	7	0.0057		False
Cluster_12234	7	0.0057		False
Cluster_17383	7	0.0057		False
Cluster_23802	7	0.0057		False
Cluster_9973	7	0.0057		False
Cluster_7312	7	0.0057		False
Cluster_19259	7	0.0057		False
Cluster_22887	7	0.0057		False
Cluster_21044	7	0.0057		False
Cluster_2539	7	0.0057		False
Cluster_24698	7	0.0057		False
Cluster_7237	7	0.0057		False
Cluster_4749	7	0.0057		False
Cluster_20186	7	0.0057		False
Cluster_4914	7	0.0057		False
Cluster_16617	7	0.0057		False
Cluster_8398	7	0.0057		False
Cluster_24513	7	0.0057		False
Cluster_13524	7	0.0057		False
Cluster_12493	7	0.0057		False
Cluster_444	7	0.0057		False
Cluster_15414	7	0.0057		False
Cluster_11638	7	0.0057		False
Cluster_3312	7	0.0057		False
Cluster_16977	7	0.0057		False
Cluster_10718	7	0.0057		False
Cluster_19758	7	0.0057		False
Cluster_10570	7	0.0057		False
Cluster_10014	7	0.0057		False
Cluster_19548	7	0.0057		False
Cluster_23424	7	0.0057		False
Cluster_8262	7	0.0057		False
Cluster_6606	7	0.0057		False
Cluster_19499	7	0.0057		False
Cluster_12795	7	0.0057		False
Cluster_11632	7	0.0057		False
Cluster_2685	7	0.0057		False
Cluster_20807	7	0.0057		False
Cluster_16798	7	0.0057		False
Cluster_24041	7	0.0057		False
Cluster_18160	7	0.0057		False
Cluster_18674	7	0.0057		False
Cluster_3393	7	0.0057		False
Cluster_15413	7	0.0057		False
Cluster_8174	7	0.0057		False
Cluster_18523	7	0.0057		False
Cluster_18800	7	0.0057		False
Cluster_8297	7	0.0057		False
Cluster_23083	7	0.0057		False
Cluster_13846	7	0.0057		False
Cluster_20866	7	0.0057		False
Cluster_941	7	0.0057		False
Cluster_15859	7	0.0057		False
Cluster_18761	7	0.0057		False
Cluster_2021	7	0.0057		False
Cluster_18176	7	0.0057		False
Cluster_14473	7	0.0057		False
Cluster_18101	7	0.0057		False
Cluster_8047	7	0.0057		False
Cluster_15041	7	0.0057		False
Cluster_2116	7	0.0057		False
Cluster_6219	7	0.0057		False
Cluster_14717	7	0.0057		False
Cluster_19550	7	0.0057		False
Cluster_17192	7	0.0057		False
Cluster_19750	7	0.0057		False
Cluster_19867	7	0.0057		False
Cluster_15692	7	0.0057		False
Cluster_20678	7	0.0057		False
Cluster_8272	7	0.0057		False
Cluster_15817	7	0.0057		False
Cluster_5278	7	0.0057		False
Cluster_7475	7	0.0057		False
Cluster_8072	7	0.0057		False
Cluster_11911	7	0.0057		False
Cluster_20595	7	0.0057		False
Cluster_5308	7	0.0057		False
Cluster_20607	7	0.0057		False
Cluster_17579	7	0.0057		False
Cluster_16990	7	0.0057		False
Cluster_20493	7	0.0057		False
Cluster_12787	7	0.0057		False
Cluster_9257	7	0.0057		False
Cluster_9277	7	0.0057		False
Cluster_21390	7	0.0057		False
Cluster_25873	7	0.0057		False
Cluster_21442	7	0.0057		False
Cluster_5492	7	0.0057		False
Cluster_4064	7	0.0057		False
Cluster_16846	7	0.0057		False
Cluster_20469	7	0.0057		False
Cluster_23959	7	0.0057		False
Cluster_6329	7	0.0057		False
Cluster_1484	7	0.0057		False
Cluster_24788	7	0.0057		False
Cluster_5647	7	0.0057		False
Cluster_14513	7	0.0057		False
Cluster_3364	7	0.0057		False
Cluster_4029	7	0.0057		False
Cluster_18003	7	0.0057		False
Cluster_20027	7	0.0057		False
Cluster_14568	7	0.0057		False
Cluster_4128	7	0.0057		False
Cluster_9768	7	0.0057		False
Cluster_22298	7	0.0057		False
Cluster_16210	7	0.0057		False
Cluster_6268	7	0.0057		False
Cluster_3497	7	0.0057		False
Cluster_6202	7	0.0057		False
Cluster_24534	7	0.0057		False
Cluster_19226	7	0.0057		False
Cluster_20658	7	0.0057		False
Cluster_19403	7	0.0057		False
Cluster_17849	7	0.0057		False
Cluster_22215	7	0.0057		False
Cluster_4282	7	0.0057		False
Cluster_25149	7	0.0057		False
Cluster_20864	7	0.0057		False
Cluster_17134	7	0.0057		False
Cluster_17990	7	0.0057		False
Cluster_262	7	0.0057		False
Cluster_25726	7	0.0057		False
Cluster_11262	7	0.0057		False
Cluster_23835	7	0.0057		False
Cluster_17946	7	0.0057		False
Cluster_15204	7	0.0057		False
Cluster_18113	7	0.0057		False
Cluster_23318	7	0.0057		False
Cluster_9822	7	0.0057		False
Cluster_16177	7	0.0057		False
Cluster_7712	7	0.0057		False
Cluster_16868	7	0.0057		False
Cluster_24960	7	0.0057		False
Cluster_5563	7	0.0057		False
Cluster_1367	7	0.0057		False
Cluster_15269	7	0.0057		False
Cluster_25691	7	0.0057		False
Cluster_21381	7	0.0057		False
Cluster_20300	7	0.0057		False
Cluster_10637	7	0.0057		False
Cluster_5622	7	0.0057		False
Cluster_1379	7	0.0057		False
Cluster_24313	7	0.0057		False
Cluster_22929	7	0.0057		False
Cluster_14290	7	0.0057		False
Cluster_9493	7	0.0057		False
Cluster_9018	7	0.0057		False
Cluster_2823	7	0.0057		False
Cluster_14185	7	0.0057		False
Cluster_7242	7	0.0057		False
Cluster_11258	7	0.0057		False
Cluster_2993	7	0.0057		False
Cluster_3184	7	0.0057		False
Cluster_4397	7	0.0057		False
Cluster_18809	7	0.0057		False
Cluster_7350	7	0.0057		False
Cluster_19101	7	0.0057		False
Cluster_18107	7	0.0057		False
Cluster_14965	7	0.0057		False
Cluster_6568	7	0.0057		False
Cluster_14511	7	0.0057		False
Cluster_22519	7	0.0057		False
Cluster_710	7	0.0057		False
Cluster_13571	7	0.0057		False
Cluster_8107	7	0.0057		False
Cluster_24107	7	0.0057		False
Cluster_8968	7	0.0057		False
Cluster_20100	7	0.0057		False
Cluster_2368	7	0.0057		False
Cluster_10434	7	0.0057		False
Cluster_84	7	0.0057		False
Cluster_1549	7	0.0057		False
Cluster_24035	7	0.0057		False
Cluster_6112	7	0.0057		False
Cluster_24458	7	0.0057		False
Cluster_18346	7	0.0057		False
Cluster_12341	7	0.0057		False
Cluster_10581	7	0.0057		False
Cluster_19624	7	0.0057		False
Cluster_20947	7	0.0057		False
Cluster_15128	7	0.0057		False
Cluster_4857	7	0.0057		False
Cluster_23361	7	0.0057		False
Cluster_18274	7	0.0057		False
Cluster_6756	7	0.0057		False
Cluster_13339	7	0.0057		False
Cluster_9411	7	0.0057		False
Cluster_19456	7	0.0057		False
Cluster_3917	7	0.0057		False
Cluster_12745	7	0.0057		False
Cluster_25596	7	0.0057		False
Cluster_21190	7	0.0057		False
Cluster_25570	7	0.0057		False
Cluster_24595	7	0.0057		False
Cluster_11881	7	0.0057		False
Cluster_4665	7	0.0057		False
Cluster_18928	7	0.0057		False
Cluster_8258	7	0.0057		False
Cluster_18420	7	0.0057		False
Cluster_3187	7	0.0057		False
Cluster_575	7	0.0057		False
Cluster_4107	7	0.0057		False
Cluster_26013	7	0.0057		False
Cluster_25243	7	0.0057		False
Cluster_9730	7	0.0057		False
Cluster_255	7	0.0057		False
Cluster_100	7	0.0057		False
Cluster_2421	7	0.0057		False
Cluster_18059	7	0.0057		False
Cluster_7586	7	0.0057		False
Cluster_8613	7	0.0057		False
Cluster_21231	7	0.0057		False
Cluster_23710	7	0.0057		False
Cluster_12085	7	0.0057		False
Cluster_11979	7	0.0057		False
Cluster_14245	7	0.0057		False
Cluster_14783	7	0.0057		False
Cluster_1610	7	0.0057		False
Cluster_20877	7	0.0057		False
Cluster_8289	7	0.0057		False
Cluster_16978	7	0.0057		False
Cluster_12608	7	0.0057		False
Cluster_25895	7	0.0057		False
Cluster_23983	7	0.0057		False
Cluster_20240	7	0.0057		False
Cluster_10880	7	0.0057		False
Cluster_18379	7	0.0057		False
Cluster_15196	7	0.0057		False
Cluster_1866	7	0.0057		False
Cluster_15199	7	0.0057		False
Cluster_20680	7	0.0057		False
Cluster_3456	7	0.0057		False
Cluster_16507	7	0.0057		False
Cluster_15887	7	0.0057		False
Cluster_25257	7	0.0057		False
Cluster_284	7	0.0057		False
Cluster_5911	7	0.0057		False
Cluster_23334	7	0.0057		False
Cluster_4874	7	0.0057		False
Cluster_3038	7	0.0057		False
Cluster_3274	7	0.0057		False
Cluster_22003	7	0.0057		False
Cluster_24705	7	0.0057		False
Cluster_7094	7	0.0057		False
Cluster_9877	7	0.0057		False
Cluster_10206	7	0.0057		False
Cluster_2273	7	0.0057		False
Cluster_17282	7	0.0057		False
Cluster_4907	7	0.0057		False
Cluster_2696	7	0.0057		False
Cluster_3386	7	0.0057		False
Cluster_24594	7	0.0057		False
Cluster_2075	7	0.0057		False
Cluster_15995	7	0.0057		False
Cluster_6404	7	0.0057		False
Cluster_3886	7	0.0057		False
Cluster_25872	7	0.0057		False
Cluster_10974	7	0.0057		False
Cluster_14528	7	0.0057		False
Cluster_16233	7	0.0057		False
Cluster_6217	7	0.0057		False
Cluster_13276	7	0.0057		False
Cluster_12020	7	0.0057		False
Cluster_13820	7	0.0057		False
Cluster_17317	7	0.0057		False
Cluster_3566	7	0.0057		False
Cluster_19976	7	0.0057		False
Cluster_12877	7	0.0057		False
Cluster_18984	7	0.0057		False
Cluster_7064	7	0.0057		False
Cluster_8224	7	0.0057		False
Cluster_440	7	0.0057		False
Cluster_20559	7	0.0057		False
Cluster_21643	7	0.0057		False
Cluster_20546	7	0.0057		False
Cluster_16368	7	0.0057		False
Cluster_6446	7	0.0057		False
Cluster_22232	7	0.0057		False
Cluster_801	7	0.0057		False
Cluster_9613	7	0.0057		False
Cluster_25140	7	0.0057		False
Cluster_5540	7	0.0057		False
Cluster_10480	7	0.0057		False
Cluster_22859	7	0.0057		False
Cluster_25428	7	0.0057		False
Cluster_13262	7	0.0057		False
Cluster_22523	7	0.0057		False
Cluster_20739	7	0.0057		False
Cluster_16410	7	0.0057		False
Cluster_16257	7	0.0057		False
Cluster_25593	7	0.0057		False
Cluster_1143	7	0.0057		False
Cluster_13392	7	0.0057		False
Cluster_13699	7	0.0057		False
Cluster_23950	7	0.0057		False
Cluster_19813	7	0.0057		False
Cluster_25256	7	0.0057		False
Cluster_21402	7	0.0057		False
Cluster_23184	7	0.0057		False
Cluster_8439	7	0.0057		False
Cluster_17951	7	0.0057		False
Cluster_19364	7	0.0057		False
Cluster_7590	7	0.0057		False
Cluster_20341	7	0.0057		False
Cluster_20976	7	0.0057		False
Cluster_12947	7	0.0057		False
Cluster_7589	7	0.0057		False
Cluster_18223	7	0.0057		False
Cluster_15359	7	0.0057		False
Cluster_24200	7	0.0057		False
Cluster_19759	7	0.0057		False
Cluster_13034	7	0.0057		False
Cluster_17731	7	0.0057		False
Cluster_24057	7	0.0057		False
Cluster_14324	7	0.0057		False
Cluster_16621	7	0.0057		False
Cluster_24290	7	0.0057		False
Cluster_19549	7	0.0057		False
Cluster_16187	7	0.0057		False
Cluster_17420	7	0.0057		False
Cluster_2660	7	0.0057		False
Cluster_15850	7	0.0057		False
Cluster_21133	7	0.0057		False
Cluster_6868	7	0.0057		False
Cluster_22443	7	0.0057		False
Cluster_25141	7	0.0057		False
Cluster_15313	7	0.0057		False
Cluster_16642	7	0.0057		False
Cluster_4642	7	0.0057		False
Cluster_25057	7	0.0057		False
Cluster_6340	7	0.0057		False
Cluster_12387	7	0.0057		False
Cluster_24463	7	0.0057		False
Cluster_4509	7	0.0057		False
Cluster_22040	7	0.0057		False
Cluster_20174	7	0.0057		False
Cluster_16458	7	0.0057		False
Cluster_10159	7	0.0057		False
Cluster_11741	6	0.0049		False
Cluster_20026	6	0.0049		False
Cluster_18437	6	0.0049		False
Cluster_21704	6	0.0049		False
Cluster_8804	6	0.0049		False
Cluster_9799	6	0.0049		False
Cluster_6800	6	0.0049		False
Cluster_10081	6	0.0049		False
Cluster_1415	6	0.0049		False
Cluster_10632	6	0.0049		False
Cluster_11585	6	0.0049		False
Cluster_9503	6	0.0049		False
Cluster_16716	6	0.0049		False
Cluster_7841	6	0.0049		False
Cluster_3050	6	0.0049		False
Cluster_1080	6	0.0049		False
Cluster_13979	6	0.0049		False
Cluster_9977	6	0.0049		False
Cluster_3764	6	0.0049		False
Cluster_14241	6	0.0049		False
Cluster_13862	6	0.0049		False
Cluster_6342	6	0.0049		False
Cluster_14190	6	0.0049		False
Cluster_21077	6	0.0049		False
Cluster_21167	6	0.0049		False
Cluster_11233	6	0.0049		False
Cluster_21507	6	0.0049		False
Cluster_11017	6	0.0049		False
Cluster_5978	6	0.0049		False
Cluster_25876	6	0.0049		False
Cluster_1745	6	0.0049		False
Cluster_12830	6	0.0049		False
Cluster_1826	6	0.0049		False
Cluster_14760	6	0.0049		False
Cluster_20463	6	0.0049		False
Cluster_6931	6	0.0049		False
Cluster_18657	6	0.0049		False
Cluster_20667	6	0.0049		False
Cluster_22664	6	0.0049		False
Cluster_1692	6	0.0049		False
Cluster_7956	6	0.0049		False
Cluster_7413	6	0.0049		False
Cluster_441	6	0.0049		False
Cluster_24876	6	0.0049		False
Cluster_8187	6	0.0049		False
Cluster_18654	6	0.0049		False
Cluster_3079	6	0.0049		False
Cluster_733	6	0.0049		False
Cluster_15747	6	0.0049		False
Cluster_17490	6	0.0049		False
Cluster_619	6	0.0049		False
Cluster_22213	6	0.0049		False
Cluster_77	6	0.0049		False
Cluster_18040	6	0.0049		False
Cluster_22572	6	0.0049		False
Cluster_3883	6	0.0049		False
Cluster_22587	6	0.0049		False
Cluster_15135	6	0.0049		False
Cluster_15191	6	0.0049		False
Cluster_17954	6	0.0049		False
Cluster_2168	6	0.0049		False
Cluster_9635	6	0.0049		False
Cluster_823	6	0.0049		False
Cluster_10466	6	0.0049		False
Cluster_16825	6	0.0049		False
Cluster_10080	6	0.0049		False
Cluster_23456	6	0.0049		False
Cluster_25133	6	0.0049		False
Cluster_19440	6	0.0049		False
Cluster_14097	6	0.0049		False
Cluster_8193	6	0.0049		False
Cluster_24724	6	0.0049		False
Cluster_18875	6	0.0049		False
Cluster_18477	6	0.0049		False
Cluster_12828	6	0.0049		False
Cluster_5626	6	0.0049		False
Cluster_23271	6	0.0049		False
Cluster_24615	6	0.0049		False
Cluster_14982	6	0.0049		False
Cluster_9507	6	0.0049		False
Cluster_8786	6	0.0049		False
Cluster_7940	6	0.0049		False
Cluster_19511	6	0.0049		False
Cluster_6969	6	0.0049		False
Cluster_2160	6	0.0049		False
Cluster_23332	6	0.0049		False
Cluster_16773	6	0.0049		False
Cluster_25856	6	0.0049		False
Cluster_13682	6	0.0049		False
Cluster_17159	6	0.0049		False
Cluster_13386	6	0.0049		False
Cluster_4177	6	0.0049		False
Cluster_16	6	0.0049		False
Cluster_10585	6	0.0049		False
Cluster_22235	6	0.0049		False
Cluster_13116	6	0.0049		False
Cluster_22291	6	0.0049		False
Cluster_15646	6	0.0049		False
Cluster_7222	6	0.0049		False
Cluster_4702	6	0.0049		False
Cluster_2493	6	0.0049		False
Cluster_3606	6	0.0049		False
Cluster_21663	6	0.0049		False
Cluster_18749	6	0.0049		False
Cluster_12785	6	0.0049		False
Cluster_25144	6	0.0049		False
Cluster_15639	6	0.0049		False
Cluster_6330	6	0.0049		False
Cluster_11796	6	0.0049		False
Cluster_22670	6	0.0049		False
Cluster_12335	6	0.0049		False
Cluster_20751	6	0.0049		False
Cluster_20229	6	0.0049		False
Cluster_7575	6	0.0049		False
Cluster_5088	6	0.0049		False
Cluster_19107	6	0.0049		False
Cluster_16813	6	0.0049		False
Cluster_6031	6	0.0049		False
Cluster_12329	6	0.0049		False
Cluster_9858	6	0.0049		False
Cluster_25078	6	0.0049		False
Cluster_10092	6	0.0049		False
Cluster_5572	6	0.0049		False
Cluster_19706	6	0.0049		False
Cluster_24636	6	0.0049		False
Cluster_1741	6	0.0049		False
Cluster_890	6	0.0049		False
Cluster_20666	6	0.0049		False
Cluster_5090	6	0.0049		False
Cluster_16890	6	0.0049		False
Cluster_17284	6	0.0049		False
Cluster_9379	6	0.0049		False
Cluster_18659	6	0.0049		False
Cluster_19298	6	0.0049		False
Cluster_24614	6	0.0049		False
Cluster_22049	6	0.0049		False
Cluster_15022	6	0.0049		False
Cluster_3762	6	0.0049		False
Cluster_7485	6	0.0049		False
Cluster_6345	6	0.0049		False
Cluster_5547	6	0.0049		False
Cluster_6019	6	0.0049		False
Cluster_15936	6	0.0049		False
Cluster_12594	6	0.0049		False
Cluster_25209	6	0.0049		False
Cluster_7019	6	0.0049		False
Cluster_9460	6	0.0049		False
Cluster_2883	6	0.0049		False
Cluster_18155	6	0.0049		False
Cluster_104	6	0.0049		False
Cluster_15482	6	0.0049		False
Cluster_22466	6	0.0049		False
Cluster_1998	6	0.0049		False
Cluster_3328	6	0.0049		False
Cluster_13873	6	0.0049		False
Cluster_1123	6	0.0049		False
Cluster_20694	6	0.0049		False
Cluster_14824	6	0.0049		False
Cluster_20506	6	0.0049		False
Cluster_10016	6	0.0049		False
Cluster_8603	6	0.0049		False
Cluster_24857	6	0.0049		False
Cluster_15991	6	0.0049		False
Cluster_9496	6	0.0049		False
Cluster_25136	6	0.0049		False
Cluster_7248	6	0.0049		False
Cluster_12921	6	0.0049		False
Cluster_3891	6	0.0049		False
Cluster_8446	6	0.0049		False
Cluster_11268	6	0.0049		False
Cluster_24228	6	0.0049		False
Cluster_670	6	0.0049		False
Cluster_2089	6	0.0049		False
Cluster_4047	6	0.0049		False
Cluster_25953	6	0.0049		False
Cluster_6426	6	0.0049		False
Cluster_1110	6	0.0049		False
Cluster_12195	6	0.0049		False
Cluster_3176	6	0.0049		False
Cluster_12858	6	0.0049		False
Cluster_21027	6	0.0049		False
Cluster_16341	6	0.0049		False
Cluster_8331	6	0.0049		False
Cluster_23009	6	0.0049		False
Cluster_21951	6	0.0049		False
Cluster_7641	6	0.0049		False
Cluster_9532	6	0.0049		False
Cluster_15562	6	0.0049		False
Cluster_12406	6	0.0049		False
Cluster_16991	6	0.0049		False
Cluster_9197	6	0.0049		False
Cluster_13533	6	0.0049		False
Cluster_7441	6	0.0049		False
Cluster_19254	6	0.0049		False
Cluster_5133	6	0.0049		False
Cluster_3577	6	0.0049		False
Cluster_18222	6	0.0049		False
Cluster_17143	6	0.0049		False
Cluster_12842	6	0.0049		False
Cluster_2080	6	0.0049		False
Cluster_10464	6	0.0049		False
Cluster_9432	6	0.0049		False
Cluster_20035	6	0.0049		False
Cluster_13826	6	0.0049		False
Cluster_9273	6	0.0049		False
Cluster_3457	6	0.0049		False
Cluster_12200	6	0.0049		False
Cluster_25733	6	0.0049		False
Cluster_8752	6	0.0049		False
Cluster_16430	6	0.0049		False
Cluster_2323	6	0.0049		False
Cluster_11364	6	0.0049		False
Cluster_18989	6	0.0049		False
Cluster_3525	6	0.0049		False
Cluster_21588	6	0.0049		False
Cluster_22462	6	0.0049		False
Cluster_9935	6	0.0049		False
Cluster_25079	6	0.0049		False
Cluster_2435	6	0.0049		False
Cluster_5171	6	0.0049		False
Cluster_4233	6	0.0049		False
Cluster_20757	6	0.0049		False
Cluster_22139	6	0.0049		False
Cluster_17262	6	0.0049		False
Cluster_9655	6	0.0049		False
Cluster_1468	6	0.0049		False
Cluster_21502	6	0.0049		False
Cluster_3727	6	0.0049		False
Cluster_16471	6	0.0049		False
Cluster_17883	6	0.0049		False
Cluster_24767	6	0.0049		False
Cluster_3402	6	0.0049		False
Cluster_19861	6	0.0049		False
Cluster_281	6	0.0049		False
Cluster_22516	6	0.0049		False
Cluster_1424	6	0.0049		False
Cluster_12177	6	0.0049		False
Cluster_23858	6	0.0049		False
Cluster_10660	6	0.0049		False
Cluster_25380	6	0.0049		False
Cluster_3668	6	0.0049		False
Cluster_9998	6	0.0049		False
Cluster_9485	6	0.0049		False
Cluster_2214	6	0.0049		False
Cluster_5957	6	0.0049		False
Cluster_19675	6	0.0049		False
Cluster_9612	6	0.0049		False
Cluster_15256	6	0.0049		False
Cluster_19003	6	0.0049		False
Cluster_22304	6	0.0049		False
Cluster_20753	6	0.0049		False
Cluster_9123	6	0.0049		False
Cluster_17794	6	0.0049		False
Cluster_22393	6	0.0049		False
Cluster_23721	6	0.0049		False
Cluster_8406	6	0.0049		False
Cluster_6077	6	0.0049		False
Cluster_12755	6	0.0049		False
Cluster_22529	6	0.0049		False
Cluster_21321	6	0.0049		False
Cluster_25796	6	0.0049		False
Cluster_3194	6	0.0049		False
Cluster_23593	6	0.0049		False
Cluster_23343	6	0.0049		False
Cluster_11102	6	0.0049		False
Cluster_26080	6	0.0049		False
Cluster_671	6	0.0049		False
Cluster_11562	6	0.0049		False
Cluster_428	6	0.0049		False
Cluster_11745	6	0.0049		False
Cluster_7432	6	0.0049		False
Cluster_20525	6	0.0049		False
Cluster_185	6	0.0049		False
Cluster_2734	6	0.0049		False
Cluster_10232	6	0.0049		False
Cluster_25049	6	0.0049		False
Cluster_24484	6	0.0049		False
Cluster_18531	6	0.0049		False
Cluster_23695	6	0.0049		False
Cluster_2622	6	0.0049		False
Cluster_21304	6	0.0049		False
Cluster_3821	6	0.0049		False
Cluster_14670	6	0.0049		False
Cluster_15150	6	0.0049		False
Cluster_2926	6	0.0049		False
Cluster_12514	6	0.0049		False
Cluster_16887	6	0.0049		False
Cluster_5824	6	0.0049		False
Cluster_13518	6	0.0049		False
Cluster_5825	6	0.0049		False
Cluster_7510	6	0.0049		False
Cluster_17711	6	0.0049		False
Cluster_6304	6	0.0049		False
Cluster_16578	6	0.0049		False
Cluster_17842	6	0.0049		False
Cluster_22348	6	0.0049		False
Cluster_8207	6	0.0049		False
Cluster_6914	6	0.0049		False
Cluster_9903	6	0.0049		False
Cluster_11203	6	0.0049		False
Cluster_13376	6	0.0049		False
Cluster_3486	6	0.0049		False
Cluster_14344	6	0.0049		False
Cluster_4949	6	0.0049		False
Cluster_18410	6	0.0049		False
Cluster_10875	6	0.0049		False
Cluster_24694	6	0.0049		False
Cluster_23360	6	0.0049		False
Cluster_9001	6	0.0049		False
Cluster_12477	6	0.0049		False
Cluster_3141	6	0.0049		False
Cluster_24368	6	0.0049		False
Cluster_1914	6	0.0049		False
Cluster_756	6	0.0049		False
Cluster_17259	6	0.0049		False
Cluster_4465	6	0.0049		False
Cluster_23584	6	0.0049		False
Cluster_8400	6	0.0049		False
Cluster_10675	6	0.0049		False
Cluster_16253	6	0.0049		False
Cluster_3900	6	0.0049		False
Cluster_7759	6	0.0049		False
Cluster_7437	6	0.0049		False
Cluster_20028	6	0.0049		False
Cluster_1356	6	0.0049		False
Cluster_3263	6	0.0049		False
Cluster_9216	6	0.0049		False
Cluster_25803	6	0.0049		False
Cluster_6263	6	0.0049		False
Cluster_19099	6	0.0049		False
Cluster_26061	6	0.0049		False
Cluster_25268	6	0.0049		False
Cluster_899	6	0.0049		False
Cluster_7666	6	0.0049		False
Cluster_32	6	0.0049		False
Cluster_24703	6	0.0049		False
Cluster_14219	6	0.0049		False
Cluster_11100	6	0.0049		False
Cluster_5401	6	0.0049		False
Cluster_4612	6	0.0049		False
Cluster_21429	6	0.0049		False
Cluster_9089	6	0.0049		False
Cluster_23111	6	0.0049		False
Cluster_20859	6	0.0049		False
Cluster_25255	6	0.0049		False
Cluster_7621	6	0.0049		False
Cluster_11366	6	0.0049		False
Cluster_17564	6	0.0049		False
Cluster_9452	6	0.0049		False
Cluster_18593	6	0.0049		False
Cluster_12093	6	0.0049		False
Cluster_13507	6	0.0049		False
Cluster_14148	6	0.0049		False
Cluster_5209	6	0.0049		False
Cluster_24984	6	0.0049		False
Cluster_19050	6	0.0049		False
Cluster_15000	6	0.0049		False
Cluster_11957	6	0.0049		False
Cluster_16407	6	0.0049		False
Cluster_4231	6	0.0049		False
Cluster_3733	6	0.0049		False
Cluster_23585	6	0.0049		False
Cluster_22556	6	0.0049		False
Cluster_5796	6	0.0049		False
Cluster_8391	6	0.0049		False
Cluster_2686	6	0.0049		False
Cluster_19426	6	0.0049		False
Cluster_7165	6	0.0049		False
Cluster_1516	6	0.0049		False
Cluster_9355	6	0.0049		False
Cluster_4892	6	0.0049		False
Cluster_929	6	0.0049		False
Cluster_4753	6	0.0049		False
Cluster_24033	6	0.0049		False
Cluster_24374	6	0.0049		False
Cluster_25259	6	0.0049		False
Cluster_25464	6	0.0049		False
Cluster_9179	6	0.0049		False
Cluster_24699	6	0.0049		False
Cluster_5285	6	0.0049		False
Cluster_12127	6	0.0049		False
Cluster_15035	6	0.0049		False
Cluster_17528	6	0.0049		False
Cluster_4461	6	0.0049		False
Cluster_5109	6	0.0049		False
Cluster_15323	6	0.0049		False
Cluster_2548	6	0.0049		False
Cluster_5532	6	0.0049		False
Cluster_12526	6	0.0049		False
Cluster_20293	6	0.0049		False
Cluster_1092	6	0.0049		False
Cluster_3213	6	0.0049		False
Cluster_18112	6	0.0049		False
Cluster_22086	6	0.0049		False
Cluster_9960	6	0.0049		False
Cluster_12455	6	0.0049		False
Cluster_21775	6	0.0049		False
Cluster_11	6	0.0049		False
Cluster_16889	6	0.0049		False
Cluster_2209	6	0.0049		False
Cluster_24118	6	0.0049		False
Cluster_19756	6	0.0049		False
Cluster_9246	6	0.0049		False
Cluster_20876	6	0.0049		False
Cluster_24373	6	0.0049		False
Cluster_24486	6	0.0049		False
Cluster_10754	6	0.0049		False
Cluster_19800	6	0.0049		False
Cluster_21824	6	0.0049		False
Cluster_18290	6	0.0049		False
Cluster_4661	6	0.0049		False
Cluster_24858	6	0.0049		False
Cluster_21602	6	0.0049		False
Cluster_19736	6	0.0049		False
Cluster_21956	6	0.0049		False
Cluster_18548	6	0.0049		False
Cluster_4526	6	0.0049		False
Cluster_21340	6	0.0049		False
Cluster_3324	6	0.0049		False
Cluster_13275	6	0.0049		False
Cluster_13606	6	0.0049		False
Cluster_9830	6	0.0049		False
Cluster_23867	6	0.0049		False
Cluster_23999	6	0.0049		False
Cluster_16554	5	0.0041		False
Cluster_16139	5	0.0041		False
Cluster_11226	5	0.0041		False
Cluster_10045	5	0.0041		False
Cluster_25283	5	0.0041		False
Cluster_16058	5	0.0041		False
Cluster_16491	5	0.0041		False
Cluster_12359	5	0.0041		False
Cluster_16837	5	0.0041		False
Cluster_15270	5	0.0041		False
Cluster_15369	5	0.0041		False
Cluster_2500	5	0.0041		False
Cluster_24454	5	0.0041		False
Cluster_17358	5	0.0041		False
Cluster_22128	5	0.0041		False
Cluster_23635	5	0.0041		False
Cluster_342	5	0.0041		False
Cluster_5584	5	0.0041		False
Cluster_4448	5	0.0041		False
Cluster_4880	5	0.0041		False
Cluster_3592	5	0.0041		False
Cluster_21235	5	0.0041		False
Cluster_9522	5	0.0041		False
Cluster_13447	5	0.0041		False
Cluster_1471	5	0.0041		False
Cluster_25370	5	0.0041		False
Cluster_10642	5	0.0041		False
Cluster_11111	5	0.0041		False
Cluster_4548	5	0.0041		False
Cluster_10550	5	0.0041		False
Cluster_11805	5	0.0041		False
Cluster_4731	5	0.0041		False
Cluster_6614	5	0.0041		False
Cluster_13429	5	0.0041		False
Cluster_18125	5	0.0041		False
Cluster_12178	5	0.0041		False
Cluster_7763	5	0.0041		False
Cluster_6278	5	0.0041		False
Cluster_17093	5	0.0041		False
Cluster_16934	5	0.0041		False
Cluster_22932	5	0.0041		False
Cluster_3996	5	0.0041		False
Cluster_21605	5	0.0041		False
Cluster_7250	5	0.0041		False
Cluster_5148	5	0.0041		False
Cluster_21189	5	0.0041		False
Cluster_2176	5	0.0041		False
Cluster_17708	5	0.0041		False
Cluster_1166	5	0.0041		False
Cluster_19793	5	0.0041		False
Cluster_21337	5	0.0041		False
Cluster_18161	5	0.0041		False
Cluster_17004	5	0.0041		False
Cluster_15320	5	0.0041		False
Cluster_8295	5	0.0041		False
Cluster_19140	5	0.0041		False
Cluster_17600	5	0.0041		False
Cluster_14058	5	0.0041		False
Cluster_5031	5	0.0041		False
Cluster_20738	5	0.0041		False
Cluster_11970	5	0.0041		False
Cluster_4378	5	0.0041		False
Cluster_14679	5	0.0041		False
Cluster_15961	5	0.0041		False
Cluster_5922	5	0.0041		False
Cluster_12918	5	0.0041		False
Cluster_24306	5	0.0041		False
Cluster_4432	5	0.0041		False
Cluster_20357	5	0.0041		False
Cluster_19721	5	0.0041		False
Cluster_17310	5	0.0041		False
Cluster_5711	5	0.0041		False
Cluster_4486	5	0.0041		False
Cluster_12247	5	0.0041		False
Cluster_21280	5	0.0041		False
Cluster_12712	5	0.0041		False
Cluster_24367	5	0.0041		False
Cluster_2256	5	0.0041		False
Cluster_17052	5	0.0041		False
Cluster_15715	5	0.0041		False
Cluster_19382	5	0.0041		False
Cluster_13133	5	0.0041		False
Cluster_8898	5	0.0041		False
Cluster_15155	5	0.0041		False
Cluster_10512	5	0.0041		False
Cluster_15992	5	0.0041		False
Cluster_12244	5	0.0041		False
Cluster_11530	5	0.0041		False
Cluster_3767	5	0.0041		False
Cluster_14250	5	0.0041		False
Cluster_20612	5	0.0041		False
Cluster_22520	5	0.0041		False
Cluster_17655	5	0.0041		False
Cluster_23977	5	0.0041		False
Cluster_1339	5	0.0041		False
Cluster_3135	5	0.0041		False
Cluster_16636	5	0.0041		False
Cluster_25949	5	0.0041		False
Cluster_17032	5	0.0041		False
Cluster_1179	5	0.0041		False
Cluster_13939	5	0.0041		False
Cluster_15087	5	0.0041		False
Cluster_7736	5	0.0041		False
Cluster_705	5	0.0041		False
Cluster_10694	5	0.0041		False
Cluster_707	5	0.0041		False
Cluster_1199	5	0.0041		False
Cluster_5921	5	0.0041		False
Cluster_24839	5	0.0041		False
Cluster_12928	5	0.0041		False
Cluster_18154	5	0.0041		False
Cluster_7565	5	0.0041		False
Cluster_15083	5	0.0041		False
Cluster_24144	5	0.0041		False
Cluster_1830	5	0.0041		False
Cluster_15525	5	0.0041		False
Cluster_16624	5	0.0041		False
Cluster_7158	5	0.0041		False
Cluster_6198	5	0.0041		False
Cluster_21043	5	0.0041		False
Cluster_18232	5	0.0041		False
Cluster_8890	5	0.0041		False
Cluster_10522	5	0.0041		False
Cluster_1443	5	0.0041		False
Cluster_9052	5	0.0041		False
Cluster_20566	5	0.0041		False
Cluster_21236	5	0.0041		False
Cluster_21765	5	0.0041		False
Cluster_10693	5	0.0041		False
Cluster_23623	5	0.0041		False
Cluster_25975	5	0.0041		False
Cluster_12487	5	0.0041		False
Cluster_598	5	0.0041		False
Cluster_24692	5	0.0041		False
Cluster_22583	5	0.0041		False
Cluster_15070	5	0.0041		False
Cluster_16615	5	0.0041		False
Cluster_15990	5	0.0041		False
Cluster_24296	5	0.0041		False
Cluster_9944	5	0.0041		False
Cluster_19509	5	0.0041		False
Cluster_6148	5	0.0041		False
Cluster_20870	5	0.0041		False
Cluster_18782	5	0.0041		False
Cluster_1709	5	0.0041		False
Cluster_8930	5	0.0041		False
Cluster_1685	5	0.0041		False
Cluster_8535	5	0.0041		False
Cluster_4734	5	0.0041		False
Cluster_23415	5	0.0041		False
Cluster_16364	5	0.0041		False
Cluster_24101	5	0.0041		False
Cluster_20841	5	0.0041		False
Cluster_19989	5	0.0041		False
Cluster_13646	5	0.0041		False
Cluster_25069	5	0.0041		False
Cluster_26087	5	0.0041		False
Cluster_2246	5	0.0041		False
Cluster_12092	5	0.0041		False
Cluster_5918	5	0.0041		False
Cluster_13649	5	0.0041		False
Cluster_4396	5	0.0041		False
Cluster_24592	5	0.0041		False
Cluster_13874	5	0.0041		False
Cluster_9440	5	0.0041		False
Cluster_16474	5	0.0041		False
Cluster_21642	5	0.0041		False
Cluster_3934	5	0.0041		False
Cluster_25439	5	0.0041		False
Cluster_17351	5	0.0041		False
Cluster_18798	5	0.0041		False
Cluster_22132	5	0.0041		False
Cluster_25588	5	0.0041		False
Cluster_9623	5	0.0041		False
Cluster_11016	5	0.0041		False
Cluster_25271	5	0.0041		False
Cluster_10820	5	0.0041		False
Cluster_17266	5	0.0041		False
Cluster_5763	5	0.0041		False
Cluster_25135	5	0.0041		False
Cluster_4646	5	0.0041		False
Cluster_8704	5	0.0041		False
Cluster_3363	5	0.0041		False
Cluster_19045	5	0.0041		False
Cluster_25977	5	0.0041		False
Cluster_11748	5	0.0041		False
Cluster_23340	5	0.0041		False
Cluster_1125	5	0.0041		False
Cluster_16498	5	0.0041		False
Cluster_21567	5	0.0041		False
Cluster_22244	5	0.0041		False
Cluster_4147	5	0.0041		False
Cluster_2751	5	0.0041		False
Cluster_10910	5	0.0041		False
Cluster_3474	5	0.0041		False
Cluster_11151	5	0.0041		False
Cluster_20985	5	0.0041		False
Cluster_26093	5	0.0041		False
Cluster_8292	5	0.0041		False
Cluster_6829	5	0.0041		False
Cluster_4063	5	0.0041		False
Cluster_23513	5	0.0041		False
Cluster_19035	5	0.0041		False
Cluster_2644	5	0.0041		False
Cluster_7530	5	0.0041		False
Cluster_21728	5	0.0041		False
Cluster_9686	5	0.0041		False
Cluster_15619	5	0.0041		False
Cluster_8819	5	0.0041		False
Cluster_18100	5	0.0041		False
Cluster_21931	5	0.0041		False
Cluster_3002	5	0.0041		False
Cluster_3068	5	0.0041		False
Cluster_24320	5	0.0041		False
Cluster_19683	5	0.0041		False
Cluster_7783	5	0.0041		False
Cluster_15220	5	0.0041		False
Cluster_21165	5	0.0041		False
Cluster_3562	5	0.0041		False
Cluster_15576	5	0.0041		False
Cluster_9419	5	0.0041		False
Cluster_14616	5	0.0041		False
Cluster_4698	5	0.0041		False
Cluster_11189	5	0.0041		False
Cluster_869	5	0.0041		False
Cluster_9100	5	0.0041		False
Cluster_17846	5	0.0041		False
Cluster_16419	5	0.0041		False
Cluster_18491	5	0.0041		False
Cluster_19895	5	0.0041		False
Cluster_1408	5	0.0041		False
Cluster_26065	5	0.0041		False
Cluster_4746	5	0.0041		False
Cluster_5663	5	0.0041		False
Cluster_6347	5	0.0041		False
Cluster_10185	5	0.0041		False
Cluster_14644	5	0.0041		False
Cluster_8790	5	0.0041		False
Cluster_20830	5	0.0041		False
Cluster_9972	5	0.0041		False
Cluster_6661	5	0.0041		False
Cluster_15272	5	0.0041		False
Cluster_17396	5	0.0041		False
Cluster_920	5	0.0041		False
Cluster_24124	5	0.0041		False
Cluster_1314	5	0.0041		False
Cluster_6367	5	0.0041		False
Cluster_21391	5	0.0041		False
Cluster_11783	5	0.0041		False
Cluster_4975	5	0.0041		False
Cluster_16701	5	0.0041		False
Cluster_13378	5	0.0041		False
Cluster_17949	5	0.0041		False
Cluster_10382	5	0.0041		False
Cluster_10689	5	0.0041		False
Cluster_12374	5	0.0041		False
Cluster_2121	5	0.0041		False
Cluster_24401	5	0.0041		False
Cluster_2099	5	0.0041		False
Cluster_9915	5	0.0041		False
Cluster_23791	5	0.0041		False
Cluster_23591	5	0.0041		False
Cluster_20336	5	0.0041		False
Cluster_19805	5	0.0041		False
Cluster_13295	5	0.0041		False
Cluster_20187	5	0.0041		False
Cluster_25476	5	0.0041		False
Cluster_21595	5	0.0041		False
Cluster_14881	5	0.0041		False
Cluster_14629	5	0.0041		False
Cluster_22889	5	0.0041		False
Cluster_4635	5	0.0041		False
Cluster_11769	5	0.0041		False
Cluster_12521	5	0.0041		False
Cluster_2986	5	0.0041		False
Cluster_14086	5	0.0041		False
Cluster_23781	5	0.0041		False
Cluster_2451	5	0.0041		False
Cluster_21233	5	0.0041		False
Cluster_14968	5	0.0041		False
Cluster_8310	5	0.0041		False
Cluster_2250	5	0.0041		False
Cluster_23545	5	0.0041		False
Cluster_25180	5	0.0041		False
Cluster_16443	5	0.0041		False
Cluster_21271	5	0.0041		False
Cluster_22149	5	0.0041		False
Cluster_5167	5	0.0041		False
Cluster_15195	5	0.0041		False
Cluster_18986	5	0.0041		False
Cluster_14932	5	0.0041		False
Cluster_1209	5	0.0041		False
Cluster_21515	5	0.0041		False
Cluster_2434	5	0.0041		False
Cluster_7965	5	0.0041		False
Cluster_25764	5	0.0041		False
Cluster_23748	5	0.0041		False
Cluster_11602	5	0.0041		False
Cluster_723	5	0.0041		False
Cluster_9101	5	0.0041		False
Cluster_15838	5	0.0041		False
Cluster_5220	5	0.0041		False
Cluster_5926	5	0.0041		False
Cluster_12616	5	0.0041		False
Cluster_6401	5	0.0041		False
Cluster_3602	5	0.0041		False
Cluster_10626	5	0.0041		False
Cluster_18652	5	0.0041		False
Cluster_12096	5	0.0041		False
Cluster_14467	5	0.0041		False
Cluster_15430	5	0.0041		False
Cluster_11749	5	0.0041		False
Cluster_14239	5	0.0041		False
Cluster_23865	5	0.0041		False
Cluster_98	5	0.0041		False
Cluster_15043	5	0.0041		False
Cluster_21808	5	0.0041		False
Cluster_13448	5	0.0041		False
Cluster_15532	5	0.0041		False
Cluster_8529	5	0.0041		False
Cluster_2953	5	0.0041		False
Cluster_452	5	0.0041		False
Cluster_1929	5	0.0041		False
Cluster_11119	5	0.0041		False
Cluster_17357	5	0.0041		False
Cluster_25563	5	0.0041		False
Cluster_20691	5	0.0041		False
Cluster_8853	5	0.0041		False
Cluster_19502	5	0.0041		False
Cluster_2092	5	0.0041		False
Cluster_24632	5	0.0041		False
Cluster_13786	5	0.0041		False
Cluster_16630	5	0.0041		False
Cluster_2849	5	0.0041		False
Cluster_20733	5	0.0041		False
Cluster_16141	5	0.0041		False
Cluster_1261	5	0.0041		False
Cluster_13789	5	0.0041		False
Cluster_21988	5	0.0041		False
Cluster_1906	5	0.0041		False
Cluster_21877	5	0.0041		False
Cluster_10523	5	0.0041		False
Cluster_17170	5	0.0041		False
Cluster_1337	5	0.0041		False
Cluster_18381	5	0.0041		False
Cluster_2759	5	0.0041		False
Cluster_491	5	0.0041		False
Cluster_14061	5	0.0041		False
Cluster_24895	5	0.0041		False
Cluster_17965	5	0.0041		False
Cluster_21635	5	0.0041		False
Cluster_12500	5	0.0041		False
Cluster_4752	5	0.0041		False
Cluster_2778	5	0.0041		False
Cluster_15082	5	0.0041		False
Cluster_15329	5	0.0041		False
Cluster_7618	5	0.0041		False
Cluster_10839	5	0.0041		False
Cluster_10022	5	0.0041		False
Cluster_19038	5	0.0041		False
Cluster_21383	5	0.0041		False
Cluster_13391	5	0.0041		False
Cluster_20761	5	0.0041		False
Cluster_10739	5	0.0041		False
Cluster_23504	5	0.0041		False
Cluster_24841	5	0.0041		False
Cluster_25497	5	0.0041		False
Cluster_16092	5	0.0041		False
Cluster_4022	5	0.0041		False
Cluster_24247	5	0.0041		False
Cluster_4158	5	0.0041		False
Cluster_9785	5	0.0041		False
Cluster_6915	5	0.0041		False
Cluster_1476	5	0.0041		False
Cluster_24121	5	0.0041		False
Cluster_1283	5	0.0041		False
Cluster_8299	5	0.0041		False
Cluster_25142	5	0.0041		False
Cluster_24027	5	0.0041		False
Cluster_15360	5	0.0041		False
Cluster_22446	5	0.0041		False
Cluster_17382	5	0.0041		False
Cluster_9587	5	0.0041		False
Cluster_4428	5	0.0041		False
Cluster_1749	5	0.0041		False
Cluster_18237	5	0.0041		False
Cluster_1631	5	0.0041		False
Cluster_502	5	0.0041		False
Cluster_249	5	0.0041		False
Cluster_14279	5	0.0041		False
Cluster_18013	5	0.0041		False
Cluster_10698	5	0.0041		False
Cluster_21455	5	0.0041		False
Cluster_9728	5	0.0041		False
Cluster_15216	5	0.0041		False
Cluster_17197	5	0.0041		False
Cluster_59	5	0.0041		False
Cluster_6566	5	0.0041		False
Cluster_17103	5	0.0041		False
Cluster_10135	5	0.0041		False
Cluster_25431	5	0.0041		False
Cluster_5087	5	0.0041		False
Cluster_16518	5	0.0041		False
Cluster_21501	5	0.0041		False
Cluster_22425	5	0.0041		False
Cluster_14672	5	0.0041		False
Cluster_17055	5	0.0041		False
Cluster_8783	5	0.0041		False
Cluster_20306	5	0.0041		False
Cluster_3404	5	0.0041		False
Cluster_17045	5	0.0041		False
Cluster_9016	5	0.0041		False
Cluster_17336	5	0.0041		False
Cluster_25794	5	0.0041		False
Cluster_7778	5	0.0041		False
Cluster_3942	5	0.0041		False
Cluster_11320	5	0.0041		False
Cluster_5195	5	0.0041		False
Cluster_11662	5	0.0041		False
Cluster_1020	5	0.0041		False
Cluster_10508	5	0.0041		False
Cluster_11251	5	0.0041		False
Cluster_19644	5	0.0041		False
Cluster_11853	5	0.0041		False
Cluster_17730	5	0.0041		False
Cluster_21204	5	0.0041		False
Cluster_20018	5	0.0041		False
Cluster_14345	5	0.0041		False
Cluster_22386	5	0.0041		False
Cluster_21581	5	0.0041		False
Cluster_5719	5	0.0041		False
Cluster_23243	5	0.0041		False
Cluster_9279	5	0.0041		False
Cluster_19305	5	0.0041		False
Cluster_22546	5	0.0041		False
Cluster_10066	5	0.0041		False
Cluster_19981	5	0.0041		False
Cluster_1243	5	0.0041		False
Cluster_22157	5	0.0041		False
Cluster_14841	5	0.0041		False
Cluster_20661	5	0.0041		False
Cluster_9826	5	0.0041		False
Cluster_22385	5	0.0041		False
Cluster_15045	5	0.0041		False
Cluster_9875	5	0.0041		False
Cluster_1975	5	0.0041		False
Cluster_9375	5	0.0041		False
Cluster_499	5	0.0041		False
Cluster_23356	5	0.0041		False
Cluster_14458	5	0.0041		False
Cluster_17712	5	0.0041		False
Cluster_16709	5	0.0041		False
Cluster_4662	5	0.0041		False
Cluster_16771	5	0.0041		False
Cluster_24450	5	0.0041		False
Cluster_23899	5	0.0041		False
Cluster_25732	5	0.0041		False
Cluster_2057	5	0.0041		False
Cluster_11792	5	0.0041		False
Cluster_24026	5	0.0041		False
Cluster_8102	5	0.0041		False
Cluster_19914	5	0.0041		False
Cluster_17728	5	0.0041		False
Cluster_22581	5	0.0041		False
Cluster_21031	5	0.0041		False
Cluster_13249	5	0.0041		False
Cluster_9528	5	0.0041		False
Cluster_9158	5	0.0041		False
Cluster_11179	5	0.0041		False
Cluster_5576	5	0.0041		False
Cluster_8555	5	0.0041		False
Cluster_622	5	0.0041		False
Cluster_9338	5	0.0041		False
Cluster_3953	5	0.0041		False
Cluster_21517	5	0.0041		False
Cluster_5239	5	0.0041		False
Cluster_1014	5	0.0041		False
Cluster_302	5	0.0041		False
Cluster_3634	5	0.0041		False
Cluster_18486	5	0.0041		False
Cluster_8708	5	0.0041		False
Cluster_19749	5	0.0041		False
Cluster_11961	5	0.0041		False
Cluster_907	5	0.0041		False
Cluster_21875	5	0.0041		False
Cluster_20701	5	0.0041		False
Cluster_19859	5	0.0041		False
Cluster_7975	5	0.0041		False
Cluster_24738	5	0.0041		False
Cluster_17148	5	0.0041		False
Cluster_5187	5	0.0041		False
Cluster_10816	5	0.0041		False
Cluster_3272	5	0.0041		False
Cluster_8149	5	0.0041		False
Cluster_390	5	0.0041		False
Cluster_24496	5	0.0041		False
Cluster_1589	5	0.0041		False
Cluster_13463	5	0.0041		False
Cluster_23193	5	0.0041		False
Cluster_3579	5	0.0041		False
Cluster_16300	5	0.0041		False
Cluster_24609	5	0.0041		False
Cluster_16899	5	0.0041		False
Cluster_8096	5	0.0041		False
Cluster_18952	5	0.0041		False
Cluster_9180	5	0.0041		False
Cluster_1117	5	0.0041		False
Cluster_22312	5	0.0041		False
Cluster_3824	5	0.0041		False
Cluster_20426	5	0.0041		False
Cluster_3458	5	0.0041		False
Cluster_24548	5	0.0041		False
Cluster_20294	5	0.0041		False
Cluster_14113	4	0.0032		False
Cluster_10789	4	0.0032		False
Cluster_21245	4	0.0032		False
Cluster_8532	4	0.0032		False
Cluster_19431	4	0.0032		False
Cluster_4710	4	0.0032		False
Cluster_25745	4	0.0032		False
Cluster_15726	4	0.0032		False
Cluster_15934	4	0.0032		False
Cluster_3146	4	0.0032		False
Cluster_19199	4	0.0032		False
Cluster_3581	4	0.0032		False
Cluster_1551	4	0.0032		False
Cluster_11551	4	0.0032		False
Cluster_10208	4	0.0032		False
Cluster_22471	4	0.0032		False
Cluster_21008	4	0.0032		False
Cluster_20029	4	0.0032		False
Cluster_20249	4	0.0032		False
Cluster_10339	4	0.0032		False
Cluster_19797	4	0.0032		False
Cluster_25581	4	0.0032		False
Cluster_24293	4	0.0032		False
Cluster_7681	4	0.0032		False
Cluster_21883	4	0.0032		False
Cluster_9405	4	0.0032		False
Cluster_19820	4	0.0032		False
Cluster_1729	4	0.0032		False
Cluster_18188	4	0.0032		False
Cluster_19703	4	0.0032		False
Cluster_11059	4	0.0032		False
Cluster_25901	4	0.0032		False
Cluster_21109	4	0.0032		False
Cluster_13278	4	0.0032		False
Cluster_2867	4	0.0032		False
Cluster_58	4	0.0032		False
Cluster_216	4	0.0032		False
Cluster_12964	4	0.0032		False
Cluster_17	4	0.0032		False
Cluster_15954	4	0.0032		False
Cluster_4130	4	0.0032		False
Cluster_15476	4	0.0032		False
Cluster_8253	4	0.0032		False
Cluster_4669	4	0.0032		False
Cluster_13968	4	0.0032		False
Cluster_9217	4	0.0032		False
Cluster_25976	4	0.0032		False
Cluster_4287	4	0.0032		False
Cluster_12062	4	0.0032		False
Cluster_2371	4	0.0032		False
Cluster_12789	4	0.0032		False
Cluster_16860	4	0.0032		False
Cluster_7233	4	0.0032		False
Cluster_24845	4	0.0032		False
Cluster_23369	4	0.0032		False
Cluster_9900	4	0.0032		False
Cluster_16668	4	0.0032		False
Cluster_7436	4	0.0032		False
Cluster_23843	4	0.0032		False
Cluster_20742	4	0.0032		False
Cluster_3728	4	0.0032		False
Cluster_20606	4	0.0032		False
Cluster_21503	4	0.0032		False
Cluster_15854	4	0.0032		False
Cluster_1309	4	0.0032		False
Cluster_4335	4	0.0032		False
Cluster_2391	4	0.0032		False
Cluster_3582	4	0.0032		False
Cluster_21628	4	0.0032		False
Cluster_912	4	0.0032		False
Cluster_23320	4	0.0032		False
Cluster_25297	4	0.0032		False
Cluster_14114	4	0.0032		False
Cluster_15716	4	0.0032		False
Cluster_10288	4	0.0032		False
Cluster_18294	4	0.0032		False
Cluster_23455	4	0.0032		False
Cluster_10506	4	0.0032		False
Cluster_15844	4	0.0032		False
Cluster_19504	4	0.0032		False
Cluster_12375	4	0.0032		False
Cluster_8142	4	0.0032		False
Cluster_17882	4	0.0032		False
Cluster_11142	4	0.0032		False
Cluster_22047	4	0.0032		False
Cluster_24660	4	0.0032		False
Cluster_15679	4	0.0032		False
Cluster_7706	4	0.0032		False
Cluster_21612	4	0.0032		False
Cluster_6681	4	0.0032		False
Cluster_15943	4	0.0032		False
Cluster_2882	4	0.0032		False
Cluster_12327	4	0.0032		False
Cluster_12648	4	0.0032		False
Cluster_25981	4	0.0032		False
Cluster_7387	4	0.0032		False
Cluster_6667	4	0.0032		False
Cluster_8837	4	0.0032		False
Cluster_16916	4	0.0032		False
Cluster_13182	4	0.0032		False
Cluster_6671	4	0.0032		False
Cluster_19695	4	0.0032		False
Cluster_1034	4	0.0032		False
Cluster_9437	4	0.0032		False
Cluster_15038	4	0.0032		False
Cluster_15445	4	0.0032		False
Cluster_21098	4	0.0032		False
Cluster_6397	4	0.0032		False
Cluster_17792	4	0.0032		False
Cluster_21441	4	0.0032		False
Cluster_9634	4	0.0032		False
Cluster_15788	4	0.0032		False
Cluster_17479	4	0.0032		False
Cluster_8880	4	0.0032		False
Cluster_15624	4	0.0032		False
Cluster_12812	4	0.0032		False
Cluster_21037	4	0.0032		False
Cluster_21671	4	0.0032		False
Cluster_22787	4	0.0032		False
Cluster_13238	4	0.0032		False
Cluster_11550	4	0.0032		False
Cluster_19246	4	0.0032		False
Cluster_21640	4	0.0032		False
Cluster_25461	4	0.0032		False
Cluster_17295	4	0.0032		False
Cluster_10368	4	0.0032		False
Cluster_17042	4	0.0032		False
Cluster_2453	4	0.0032		False
Cluster_553	4	0.0032		False
Cluster_19026	4	0.0032		False
Cluster_14798	4	0.0032		False
Cluster_454	4	0.0032		False
Cluster_2693	4	0.0032		False
Cluster_13129	4	0.0032		False
Cluster_18425	4	0.0032		False
Cluster_11327	4	0.0032		False
Cluster_18492	4	0.0032		False
Cluster_21463	4	0.0032		False
Cluster_1311	4	0.0032		False
Cluster_6159	4	0.0032		False
Cluster_2970	4	0.0032		False
Cluster_1643	4	0.0032		False
Cluster_23925	4	0.0032		False
Cluster_12478	4	0.0032		False
Cluster_4304	4	0.0032		False
Cluster_9051	4	0.0032		False
Cluster_20887	4	0.0032		False
Cluster_16639	4	0.0032		False
Cluster_20872	4	0.0032		False
Cluster_22605	4	0.0032		False
Cluster_12705	4	0.0032		False
Cluster_23888	4	0.0032		False
Cluster_15264	4	0.0032		False
Cluster_3464	4	0.0032		False
Cluster_7037	4	0.0032		False
Cluster_9658	4	0.0032		False
Cluster_15802	4	0.0032		False
Cluster_10483	4	0.0032		False
Cluster_19128	4	0.0032		False
Cluster_15908	4	0.0032		False
Cluster_22784	4	0.0032		False
Cluster_21034	4	0.0032		False
Cluster_6960	4	0.0032		False
Cluster_12024	4	0.0032		False
Cluster_21185	4	0.0032		False
Cluster_16915	4	0.0032		False
Cluster_25367	4	0.0032		False
Cluster_24133	4	0.0032		False
Cluster_23961	4	0.0032		False
Cluster_2328	4	0.0032		False
Cluster_20470	4	0.0032		False
Cluster_12219	4	0.0032		False
Cluster_24477	4	0.0032		False
Cluster_5313	4	0.0032		False
Cluster_21373	4	0.0032		False
Cluster_17393	4	0.0032		False
Cluster_6429	4	0.0032		False
Cluster_7311	4	0.0032		False
Cluster_7564	4	0.0032		False
Cluster_21112	4	0.0032		False
Cluster_25363	4	0.0032		False
Cluster_15825	4	0.0032		False
Cluster_15427	4	0.0032		False
Cluster_446	4	0.0032		False
Cluster_10770	4	0.0032		False
Cluster_14480	4	0.0032		False
Cluster_23882	4	0.0032		False
Cluster_5661	4	0.0032		False
Cluster_10226	4	0.0032		False
Cluster_22866	4	0.0032		False
Cluster_9282	4	0.0032		False
Cluster_20092	4	0.0032		False
Cluster_13677	4	0.0032		False
Cluster_3199	4	0.0032		False
Cluster_15792	4	0.0032		False
Cluster_19496	4	0.0032		False
Cluster_7373	4	0.0032		False
Cluster_16206	4	0.0032		False
Cluster_19131	4	0.0032		False
Cluster_8878	4	0.0032		False
Cluster_3150	4	0.0032		False
Cluster_16135	4	0.0032		False
Cluster_130	4	0.0032		False
Cluster_18119	4	0.0032		False
Cluster_20412	4	0.0032		False
Cluster_226	4	0.0032		False
Cluster_9163	4	0.0032		False
Cluster_23777	4	0.0032		False
Cluster_10056	4	0.0032		False
Cluster_9252	4	0.0032		False
Cluster_6747	4	0.0032		False
Cluster_25137	4	0.0032		False
Cluster_9489	4	0.0032		False
Cluster_24051	4	0.0032		False
Cluster_21128	4	0.0032		False
Cluster_628	4	0.0032		False
Cluster_595	4	0.0032		False
Cluster_15973	4	0.0032		False
Cluster_24546	4	0.0032		False
Cluster_24134	4	0.0032		False
Cluster_17744	4	0.0032		False
Cluster_11596	4	0.0032		False
Cluster_9737	4	0.0032		False
Cluster_15882	4	0.0032		False
Cluster_10039	4	0.0032		False
Cluster_24399	4	0.0032		False
Cluster_2320	4	0.0032		False
Cluster_7839	4	0.0032		False
Cluster_2148	4	0.0032		False
Cluster_11821	4	0.0032		False
Cluster_24861	4	0.0032		False
Cluster_19001	4	0.0032		False
Cluster_17108	4	0.0032		False
Cluster_9097	4	0.0032		False
Cluster_5289	4	0.0032		False
Cluster_1674	4	0.0032		False
Cluster_140	4	0.0032		False
Cluster_18988	4	0.0032		False
Cluster_10583	4	0.0032		False
Cluster_22233	4	0.0032		False
Cluster_10618	4	0.0032		False
Cluster_14119	4	0.0032		False
Cluster_15498	4	0.0032		False
Cluster_18179	4	0.0032		False
Cluster_2924	4	0.0032		False
Cluster_16824	4	0.0032		False
Cluster_5279	4	0.0032		False
Cluster_24988	4	0.0032		False
Cluster_24561	4	0.0032		False
Cluster_3593	4	0.0032		False
Cluster_24882	4	0.0032		False
Cluster_3430	4	0.0032		False
Cluster_2894	4	0.0032		False
Cluster_1027	4	0.0032		False
Cluster_20046	4	0.0032		False
Cluster_486	4	0.0032		False
Cluster_2628	4	0.0032		False
Cluster_25490	4	0.0032		False
Cluster_12326	4	0.0032		False
Cluster_23817	4	0.0032		False
Cluster_14154	4	0.0032		False
Cluster_23386	4	0.0032		False
Cluster_23473	4	0.0032		False
Cluster_17433	4	0.0032		False
Cluster_24874	4	0.0032		False
Cluster_25582	4	0.0032		False
Cluster_21314	4	0.0032		False
Cluster_21411	4	0.0032		False
Cluster_3343	4	0.0032		False
Cluster_4909	4	0.0032		False
Cluster_4327	4	0.0032		False
Cluster_15473	4	0.0032		False
Cluster_78	4	0.0032		False
Cluster_18808	4	0.0032		False
Cluster_20355	4	0.0032		False
Cluster_24623	4	0.0032		False
Cluster_21103	4	0.0032		False
Cluster_17050	4	0.0032		False
Cluster_11852	4	0.0032		False
Cluster_9943	4	0.0032		False
Cluster_8650	4	0.0032		False
Cluster_13623	4	0.0032		False
Cluster_16012	4	0.0032		False
Cluster_18004	4	0.0032		False
Cluster_7076	4	0.0032		False
Cluster_20036	4	0.0032		False
Cluster_16129	4	0.0032		False
Cluster_15736	4	0.0032		False
Cluster_6344	4	0.0032		False
Cluster_14085	4	0.0032		False
Cluster_14399	4	0.0032		False
Cluster_23714	4	0.0032		False
Cluster_9389	4	0.0032		False
Cluster_23018	4	0.0032		False
Cluster_20158	4	0.0032		False
Cluster_7787	4	0.0032		False
Cluster_23363	4	0.0032		False
Cluster_6027	4	0.0032		False
Cluster_1363	4	0.0032		False
Cluster_16559	4	0.0032		False
Cluster_23698	4	0.0032		False
Cluster_17188	4	0.0032		False
Cluster_16500	4	0.0032		False
Cluster_16625	4	0.0032		False
Cluster_18414	4	0.0032		False
Cluster_2022	4	0.0032		False
Cluster_8635	4	0.0032		False
Cluster_24459	4	0.0032		False
Cluster_22672	4	0.0032		False
Cluster_21771	4	0.0032		False
Cluster_15580	4	0.0032		False
Cluster_16363	4	0.0032		False
Cluster_20466	4	0.0032		False
Cluster_16523	4	0.0032		False
Cluster_1575	4	0.0032		False
Cluster_15211	4	0.0032		False
Cluster_11711	4	0.0032		False
Cluster_4403	4	0.0032		False
Cluster_24624	4	0.0032		False
Cluster_3694	4	0.0032		False
Cluster_12884	4	0.0032		False
Cluster_11664	4	0.0032		False
Cluster_20512	4	0.0032		False
Cluster_2375	4	0.0032		False
Cluster_14917	4	0.0032		False
Cluster_19642	4	0.0032		False
Cluster_518	4	0.0032		False
Cluster_15949	4	0.0032		False
Cluster_17331	4	0.0032		False
Cluster_12201	4	0.0032		False
Cluster_15425	4	0.0032		False
Cluster_16913	4	0.0032		False
Cluster_11630	4	0.0032		False
Cluster_21183	4	0.0032		False
Cluster_18773	4	0.0032		False
Cluster_9732	4	0.0032		False
Cluster_14724	4	0.0032		False
Cluster_14461	4	0.0032		False
Cluster_25798	4	0.0032		False
Cluster_16116	4	0.0032		False
Cluster_6806	4	0.0032		False
Cluster_13003	4	0.0032		False
Cluster_8067	4	0.0032		False
Cluster_7227	4	0.0032		False
Cluster_20404	4	0.0032		False
Cluster_22697	4	0.0032		False
Cluster_25181	4	0.0032		False
Cluster_22528	4	0.0032		False
Cluster_22219	4	0.0032		False
Cluster_15527	4	0.0032		False
Cluster_6473	4	0.0032		False
Cluster_7762	4	0.0032		False
Cluster_13734	4	0.0032		False
Cluster_13100	4	0.0032		False
Cluster_2919	4	0.0032		False
Cluster_24860	4	0.0032		False
Cluster_20867	4	0.0032		False
Cluster_13149	4	0.0032		False
Cluster_4840	4	0.0032		False
Cluster_15006	4	0.0032		False
Cluster_24834	4	0.0032		False
Cluster_21603	4	0.0032		False
Cluster_19678	4	0.0032		False
Cluster_3687	4	0.0032		False
Cluster_15876	4	0.0032		False
Cluster_21216	4	0.0032		False
Cluster_5894	4	0.0032		False
Cluster_19551	4	0.0032		False
Cluster_22183	4	0.0032		False
Cluster_4533	4	0.0032		False
Cluster_21080	4	0.0032		False
Cluster_19335	4	0.0032		False
Cluster_7904	4	0.0032		False
Cluster_12838	4	0.0032		False
Cluster_16626	4	0.0032		False
Cluster_4721	4	0.0032		False
Cluster_22767	4	0.0032		False
Cluster_20764	4	0.0032		False
Cluster_25943	4	0.0032		False
Cluster_11186	4	0.0032		False
Cluster_22611	4	0.0032		False
Cluster_11337	4	0.0032		False
Cluster_18394	4	0.0032		False
Cluster_21512	4	0.0032		False
Cluster_7351	4	0.0032		False
Cluster_845	4	0.0032		False
Cluster_17859	4	0.0032		False
Cluster_21694	4	0.0032		False
Cluster_4534	4	0.0032		False
Cluster_8908	4	0.0032		False
Cluster_22999	4	0.0032		False
Cluster_24011	4	0.0032		False
Cluster_17700	4	0.0032		False
Cluster_24544	4	0.0032		False
Cluster_15426	4	0.0032		False
Cluster_9527	4	0.0032		False
Cluster_19244	4	0.0032		False
Cluster_22950	4	0.0032		False
Cluster_11994	4	0.0032		False
Cluster_5429	4	0.0032		False
Cluster_18065	4	0.0032		False
Cluster_8637	4	0.0032		False
Cluster_5004	4	0.0032		False
Cluster_6903	4	0.0032		False
Cluster_23115	4	0.0032		False
Cluster_9992	4	0.0032		False
Cluster_23351	4	0.0032		False
Cluster_23188	4	0.0032		False
Cluster_23976	4	0.0032		False
Cluster_13635	4	0.0032		False
Cluster_16071	4	0.0032		False
Cluster_770	4	0.0032		False
Cluster_10249	4	0.0032		False
Cluster_12958	4	0.0032		False
Cluster_14437	4	0.0032		False
Cluster_7946	4	0.0032		False
Cluster_3500	4	0.0032		False
Cluster_25829	4	0.0032		False
Cluster_6626	4	0.0032		False
Cluster_20967	4	0.0032		False
Cluster_5644	4	0.0032		False
Cluster_10958	4	0.0032		False
Cluster_14102	4	0.0032		False
Cluster_7040	4	0.0032		False
Cluster_5159	4	0.0032		False
Cluster_8466	4	0.0032		False
Cluster_9108	4	0.0032		False
Cluster_21607	4	0.0032		False
Cluster_24543	4	0.0032		False
Cluster_17133	4	0.0032		False
Cluster_20120	4	0.0032		False
Cluster_10552	4	0.0032		False
Cluster_5855	4	0.0032		False
Cluster_18526	4	0.0032		False
Cluster_14781	4	0.0032		False
Cluster_4849	4	0.0032		False
Cluster_3784	4	0.0032		False
Cluster_24681	4	0.0032		False
Cluster_15419	4	0.0032		False
Cluster_2956	4	0.0032		False
Cluster_10236	4	0.0032		False
Cluster_4015	4	0.0032		False
Cluster_22586	4	0.0032		False
Cluster_14855	4	0.0032		False
Cluster_3813	4	0.0032		False
Cluster_25378	4	0.0032		False
Cluster_24307	4	0.0032		False
Cluster_18251	4	0.0032		False
Cluster_16249	4	0.0032		False
Cluster_3389	4	0.0032		False
Cluster_906	4	0.0032		False
Cluster_2869	4	0.0032		False
Cluster_10876	4	0.0032		False
Cluster_17329	4	0.0032		False
Cluster_9031	4	0.0032		False
Cluster_277	4	0.0032		False
Cluster_25740	4	0.0032		False
Cluster_1649	4	0.0032		False
Cluster_17343	4	0.0032		False
Cluster_10779	4	0.0032		False
Cluster_22757	4	0.0032		False
Cluster_24989	4	0.0032		False
Cluster_18432	4	0.0032		False
Cluster_14486	4	0.0032		False
Cluster_6540	4	0.0032		False
Cluster_7732	4	0.0032		False
Cluster_2825	4	0.0032		False
Cluster_12220	4	0.0032		False
Cluster_21459	4	0.0032		False
Cluster_4288	4	0.0032		False
Cluster_5192	4	0.0032		False
Cluster_19639	4	0.0032		False
Cluster_9654	4	0.0032		False
Cluster_8199	4	0.0032		False
Cluster_14609	4	0.0032		False
Cluster_16325	4	0.0032		False
Cluster_1111	4	0.0032		False
Cluster_12654	4	0.0032		False
Cluster_22679	4	0.0032		False
Cluster_1540	4	0.0032		False
Cluster_15060	4	0.0032		False
Cluster_11408	4	0.0032		False
Cluster_15373	4	0.0032		False
Cluster_2272	4	0.0032		False
Cluster_2252	4	0.0032		False
Cluster_20455	4	0.0032		False
Cluster_24611	4	0.0032		False
Cluster_1858	4	0.0032		False
Cluster_10125	4	0.0032		False
Cluster_2516	4	0.0032		False
Cluster_12173	4	0.0032		False
Cluster_10762	4	0.0032		False
Cluster_18356	4	0.0032		False
Cluster_11498	4	0.0032		False
Cluster_24899	4	0.0032		False
Cluster_4050	4	0.0032		False
Cluster_18359	4	0.0032		False
Cluster_1242	4	0.0032		False
Cluster_4016	4	0.0032		False
Cluster_3057	4	0.0032		False
Cluster_23239	4	0.0032		False
Cluster_10755	4	0.0032		False
Cluster_7920	4	0.0032		False
Cluster_559	4	0.0032		False
Cluster_12419	4	0.0032		False
Cluster_13971	4	0.0032		False
Cluster_16280	4	0.0032		False
Cluster_2550	4	0.0032		False
Cluster_9140	4	0.0032		False
Cluster_24909	4	0.0032		False
Cluster_13277	4	0.0032		False
Cluster_14033	4	0.0032		False
Cluster_1448	4	0.0032		False
Cluster_5172	4	0.0032		False
Cluster_8645	4	0.0032		False
Cluster_17098	4	0.0032		False
Cluster_20553	4	0.0032		False
Cluster_14565	4	0.0032		False
Cluster_21656	4	0.0032		False
Cluster_19873	4	0.0032		False
Cluster_2498	4	0.0032		False
Cluster_20021	4	0.0032		False
Cluster_2580	4	0.0032		False
Cluster_14374	4	0.0032		False
Cluster_15852	4	0.0032		False
Cluster_11137	4	0.0032		False
Cluster_8528	4	0.0032		False
Cluster_25458	4	0.0032		False
Cluster_1963	4	0.0032		False
Cluster_18292	4	0.0032		False
Cluster_10173	4	0.0032		False
Cluster_1399	4	0.0032		False
Cluster_5147	4	0.0032		False
Cluster_21179	4	0.0032		False
Cluster_3401	4	0.0032		False
Cluster_22218	4	0.0032		False
Cluster_16170	4	0.0032		False
Cluster_5566	4	0.0032		False
Cluster_16838	4	0.0032		False
Cluster_24292	4	0.0032		False
Cluster_17276	4	0.0032		False
Cluster_13045	4	0.0032		False
Cluster_17196	4	0.0032		False
Cluster_22475	4	0.0032		False
Cluster_10147	4	0.0032		False
Cluster_14106	4	0.0032		False
Cluster_13381	4	0.0032		False
Cluster_22296	4	0.0032		False
Cluster_10051	4	0.0032		False
Cluster_20708	4	0.0032		False
Cluster_22882	4	0.0032		False
Cluster_23353	4	0.0032		False
Cluster_14893	4	0.0032		False
Cluster_17141	4	0.0032		False
Cluster_23707	4	0.0032		False
Cluster_9526	4	0.0032		False
Cluster_14235	4	0.0032		False
Cluster_2043	4	0.0032		False
Cluster_5607	4	0.0032		False
Cluster_16628	4	0.0032		False
Cluster_1157	4	0.0032		False
Cluster_18355	4	0.0032		False
Cluster_25870	4	0.0032		False
Cluster_236	4	0.0032		False
Cluster_1230	4	0.0032		False
Cluster_9372	4	0.0032		False
Cluster_23140	4	0.0032		False
Cluster_9872	4	0.0032		False
Cluster_2331	4	0.0032		False
Cluster_12389	4	0.0032		False
Cluster_12031	4	0.0032		False
Cluster_9186	4	0.0032		False
Cluster_15333	4	0.0032		False
Cluster_10625	4	0.0032		False
Cluster_17185	4	0.0032		False
Cluster_17650	4	0.0032		False
Cluster_22792	4	0.0032		False
Cluster_15807	4	0.0032		False
Cluster_11351	4	0.0032		False
Cluster_23333	4	0.0032		False
Cluster_15893	4	0.0032		False
Cluster_12674	4	0.0032		False
Cluster_13253	4	0.0032		False
Cluster_5868	4	0.0032		False
Cluster_8309	4	0.0032		False
Cluster_18049	4	0.0032		False
Cluster_13059	4	0.0032		False
Cluster_635	4	0.0032		False
Cluster_13541	4	0.0032		False
Cluster_8651	4	0.0032		False
Cluster_14578	4	0.0032		False
Cluster_15507	4	0.0032		False
Cluster_22874	4	0.0032		False
Cluster_13335	4	0.0032		False
Cluster_23618	4	0.0032		False
Cluster_13885	4	0.0032		False
Cluster_12714	4	0.0032		False
Cluster_7304	4	0.0032		False
Cluster_25158	4	0.0032		False
Cluster_11437	4	0.0032		False
Cluster_1676	4	0.0032		False
Cluster_25607	4	0.0032		False
Cluster_16268	4	0.0032		False
Cluster_17948	4	0.0032		False
Cluster_24090	4	0.0032		False
Cluster_1162	4	0.0032		False
Cluster_6576	4	0.0032		False
Cluster_9367	4	0.0032		False
Cluster_8280	4	0.0032		False
Cluster_20439	4	0.0032		False
Cluster_6274	4	0.0032		False
Cluster_6083	4	0.0032		False
Cluster_23441	4	0.0032		False
Cluster_3055	4	0.0032		False
Cluster_26056	4	0.0032		False
Cluster_16878	4	0.0032		False
Cluster_8956	4	0.0032		False
Cluster_21744	4	0.0032		False
Cluster_24234	4	0.0032		False
Cluster_7431	4	0.0032		False
Cluster_8300	4	0.0032		False
Cluster_8467	4	0.0032		False
Cluster_25995	4	0.0032		False
Cluster_22162	4	0.0032		False
Cluster_17029	4	0.0032		False
Cluster_11443	4	0.0032		False
Cluster_21547	4	0.0032		False
Cluster_10371	4	0.0032		False
Cluster_14503	4	0.0032		False
Cluster_4771	4	0.0032		False
Cluster_9314	4	0.0032		False
Cluster_1576	4	0.0032		False
Cluster_14897	4	0.0032		False
Cluster_21159	4	0.0032		False
Cluster_23703	4	0.0032		False
Cluster_9608	4	0.0032		False
Cluster_16807	4	0.0032		False
Cluster_6486	4	0.0032		False
Cluster_14334	4	0.0032		False
Cluster_20087	4	0.0032		False
Cluster_16077	4	0.0032		False
Cluster_12330	4	0.0032		False
Cluster_7095	4	0.0032		False
Cluster_4563	4	0.0032		False
Cluster_21320	4	0.0032		False
Cluster_10367	4	0.0032		False
Cluster_18368	4	0.0032		False
Cluster_7531	4	0.0032		False
Cluster_18794	4	0.0032		False
Cluster_6147	4	0.0032		False
Cluster_16138	4	0.0032		False
Cluster_25584	4	0.0032		False
Cluster_8881	4	0.0032		False
Cluster_18344	4	0.0032		False
Cluster_10788	4	0.0032		False
Cluster_12802	4	0.0032		False
Cluster_5668	4	0.0032		False
Cluster_411	4	0.0032		False
Cluster_13787	4	0.0032		False
Cluster_22527	4	0.0032		False
Cluster_23376	4	0.0032		False
Cluster_10271	4	0.0032		False
Cluster_21050	4	0.0032		False
Cluster_23951	4	0.0032		False
Cluster_22946	4	0.0032		False
Cluster_4232	4	0.0032		False
Cluster_16570	4	0.0032		False
Cluster_4575	4	0.0032		False
Cluster_8697	4	0.0032		False
Cluster_1403	4	0.0032		False
Cluster_19762	4	0.0032		False
Cluster_13887	4	0.0032		False
Cluster_22949	4	0.0032		False
Cluster_2486	4	0.0032		False
Cluster_254	4	0.0032		False
Cluster_13872	4	0.0032		False
Cluster_7604	4	0.0032		False
Cluster_7789	4	0.0032		False
Cluster_9467	4	0.0032		False
Cluster_4124	4	0.0032		False
Cluster_17799	4	0.0032		False
Cluster_20005	4	0.0032		False
Cluster_24983	4	0.0032		False
Cluster_24451	4	0.0032		False
Cluster_9515	4	0.0032		False
Cluster_24907	4	0.0032		False
Cluster_25186	4	0.0032		False
Cluster_16017	4	0.0032		False
Cluster_2804	4	0.0032		False
Cluster_24584	4	0.0032		False
Cluster_5287	4	0.0032		False
Cluster_13720	4	0.0032		False
Cluster_25316	4	0.0032		False
Cluster_12515	4	0.0032		False
Cluster_20309	4	0.0032		False
Cluster_2126	4	0.0032		False
Cluster_20371	4	0.0032		False
Cluster_1942	4	0.0032		False
Cluster_10798	4	0.0032		False
Cluster_25587	4	0.0032		False
Cluster_24276	4	0.0032		False
Cluster_13357	4	0.0032		False
Cluster_24897	4	0.0032		False
Cluster_5880	4	0.0032		False
Cluster_10423	4	0.0032		False
Cluster_6376	4	0.0032		False
Cluster_22688	4	0.0032		False
Cluster_17889	4	0.0032		False
Cluster_13784	4	0.0032		False
Cluster_659	4	0.0032		False
Cluster_17621	4	0.0032		False
Cluster_18820	4	0.0032		False
Cluster_9672	4	0.0032		False
Cluster_11560	4	0.0032		False
Cluster_25470	4	0.0032		False
Cluster_20367	4	0.0032		False
Cluster_15672	4	0.0032		False
Cluster_23607	4	0.0032		False
Cluster_5139	4	0.0032		False
Cluster_3818	4	0.0032		False
Cluster_5175	4	0.0032		False
Cluster_14531	4	0.0032		False
Cluster_20608	4	0.0032		False
Cluster_16705	4	0.0032		False
Cluster_5834	4	0.0032		False
Cluster_19801	4	0.0032		False
Cluster_7886	4	0.0032		False
Cluster_6243	4	0.0032		False
Cluster_285	4	0.0032		False
Cluster_345	4	0.0032		False
Cluster_2527	4	0.0032		False
Cluster_12263	4	0.0032		False
Cluster_10656	4	0.0032		False
Cluster_25804	4	0.0032		False
Cluster_7136	4	0.0032		False
Cluster_25883	4	0.0032		False
Cluster_20160	4	0.0032		False
Cluster_11743	4	0.0032		False
Cluster_16684	4	0.0032		False
Cluster_14895	4	0.0032		False
Cluster_20549	4	0.0032		False
Cluster_14928	4	0.0032		False
Cluster_17169	4	0.0032		False
Cluster_15420	4	0.0032		False
Cluster_25769	4	0.0032		False
Cluster_12574	4	0.0032		False
Cluster_23610	4	0.0032		False
Cluster_17506	4	0.0032		False
Cluster_8508	4	0.0032		False
Cluster_11304	4	0.0032		False
Cluster_24130	4	0.0032		False
Cluster_19287	4	0.0032		False
Cluster_2991	4	0.0032		False
Cluster_14391	4	0.0032		False
Cluster_21901	4	0.0032		False
Cluster_22363	4	0.0032		False
Cluster_17963	4	0.0032		False
Cluster_18994	4	0.0032		False
Cluster_25353	4	0.0032		False
Cluster_22147	4	0.0032		False
Cluster_25343	4	0.0032		False
Cluster_13008	4	0.0032		False
Cluster_24883	4	0.0032		False
Cluster_23518	4	0.0032		False
Cluster_22608	4	0.0032		False
Cluster_14448	4	0.0032		False
Cluster_6450	4	0.0032		False
Cluster_4500	4	0.0032		False
Cluster_10526	4	0.0032		False
Cluster_18752	4	0.0032		False
Cluster_4392	4	0.0032		False
Cluster_23799	4	0.0032		False
Cluster_14896	4	0.0032		False
Cluster_25382	4	0.0032		False
Cluster_15208	4	0.0032		False
Cluster_10190	4	0.0032		False
Cluster_7616	4	0.0032		False
Cluster_8787	4	0.0032		False
Cluster_14197	4	0.0032		False
Cluster_18542	4	0.0032		False
Cluster_5283	4	0.0032		False
Cluster_22591	4	0.0032		False
Cluster_3939	4	0.0032		False
Cluster_17260	4	0.0032		False
Cluster_2668	4	0.0032		False
Cluster_24552	4	0.0032		False
Cluster_12113	4	0.0032		False
Cluster_23103	4	0.0032		False
Cluster_17483	4	0.0032		False
Cluster_21396	4	0.0032		False
Cluster_16452	4	0.0032		False
Cluster_15886	4	0.0032		False
Cluster_21546	4	0.0032		False
Cluster_5410	4	0.0032		False
Cluster_1658	4	0.0032		False
Cluster_13721	4	0.0032		False
Cluster_15899	4	0.0032		False
Cluster_9406	4	0.0032		False
Cluster_14589	4	0.0032		False
Cluster_11973	4	0.0032		False
Cluster_14789	4	0.0032		False
Cluster_10479	4	0.0032		False
Cluster_24223	4	0.0032		False
Cluster_9178	4	0.0032		False
Cluster_12468	4	0.0032		False
Cluster_102	4	0.0032		False
Cluster_22855	4	0.0032		False
Cluster_10635	4	0.0032		False
Cluster_23632	4	0.0032		False
Cluster_22283	4	0.0032		False
Cluster_15665	4	0.0032		False
Cluster_7325	4	0.0032		False
Cluster_25440	4	0.0032		False
Cluster_22089	4	0.0032		False
Cluster_26057	4	0.0032		False
Cluster_21975	4	0.0032		False
Cluster_23045	4	0.0032		False
Cluster_14274	4	0.0032		False
Cluster_17142	4	0.0032		False
Cluster_11561	4	0.0032		False
Cluster_12853	4	0.0032		False
Cluster_25565	4	0.0032		False
Cluster_16202	4	0.0032		False
Cluster_3247	4	0.0032		False
Cluster_11873	4	0.0032		False
Cluster_4223	4	0.0032		False
Cluster_12320	4	0.0032		False
Cluster_12146	4	0.0032		False
Cluster_4712	4	0.0032		False
Cluster_11439	4	0.0032		False
Cluster_14530	4	0.0032		False
Cluster_14202	4	0.0032		False
Cluster_3490	4	0.0032		False
Cluster_9545	4	0.0032		False
Cluster_13060	4	0.0032		False
Cluster_9940	4	0.0032		False
Cluster_11773	4	0.0032		False
Cluster_4409	4	0.0032		False
Cluster_22064	4	0.0032		False
Cluster_25511	4	0.0032		False
Cluster_10136	4	0.0032		False
Cluster_2297	4	0.0032		False
Cluster_18170	4	0.0032		False
Cluster_23432	4	0.0032		False
Cluster_1490	4	0.0032		False
Cluster_17403	4	0.0032		False
Cluster_10394	4	0.0032		False
Cluster_14166	4	0.0032		False
Cluster_24811	4	0.0032		False
Cluster_19488	4	0.0032		False
Cluster_9445	4	0.0032		False
Cluster_6459	4	0.0032		False
Cluster_5686	4	0.0032		False
Cluster_18811	4	0.0032		False
Cluster_1236	4	0.0032		False
Cluster_10149	4	0.0032		False
Cluster_7470	4	0.0032		False
Cluster_19980	4	0.0032		False
Cluster_22284	4	0.0032		False
Cluster_1368	4	0.0032		False
Cluster_6082	4	0.0032		False
Cluster_497	4	0.0032		False
Cluster_22876	4	0.0032		False
Cluster_6471	3	0.0024		False
Cluster_19196	3	0.0024		False
Cluster_18385	3	0.0024		False
Cluster_18891	3	0.0024		False
Cluster_8304	3	0.0024		False
Cluster_2815	3	0.0024		False
Cluster_9006	3	0.0024		False
Cluster_7651	3	0.0024		False
Cluster_21583	3	0.0024		False
Cluster_15645	3	0.0024		False
Cluster_968	3	0.0024		False
Cluster_12300	3	0.0024		False
Cluster_2587	3	0.0024		False
Cluster_22699	3	0.0024		False
Cluster_2905	3	0.0024		False
Cluster_16372	3	0.0024		False
Cluster_12596	3	0.0024		False
Cluster_25460	3	0.0024		False
Cluster_4398	3	0.0024		False
Cluster_3414	3	0.0024		False
Cluster_3016	3	0.0024		False
Cluster_7745	3	0.0024		False
Cluster_24115	3	0.0024		False
Cluster_3706	3	0.0024		False
Cluster_21412	3	0.0024		False
Cluster_25781	3	0.0024		False
Cluster_6765	3	0.0024		False
Cluster_19163	3	0.0024		False
Cluster_461	3	0.0024		False
Cluster_1567	3	0.0024		False
Cluster_5286	3	0.0024		False
Cluster_7572	3	0.0024		False
Cluster_15468	3	0.0024		False
Cluster_3551	3	0.0024		False
Cluster_15947	3	0.0024		False
Cluster_9707	3	0.0024		False
Cluster_20361	3	0.0024		False
Cluster_22948	3	0.0024		False
Cluster_5363	3	0.0024		False
Cluster_23954	3	0.0024		False
Cluster_21893	3	0.0024		False
Cluster_13643	3	0.0024		False
Cluster_24881	3	0.0024		False
Cluster_11905	3	0.0024		False
Cluster_8913	3	0.0024		False
Cluster_3647	3	0.0024		False
Cluster_762	3	0.0024		False
Cluster_25735	3	0.0024		False
Cluster_14960	3	0.0024		False
Cluster_15944	3	0.0024		False
Cluster_9028	3	0.0024		False
Cluster_243	3	0.0024		False
Cluster_16445	3	0.0024		False
Cluster_19354	3	0.0024		False
Cluster_12336	3	0.0024		False
Cluster_12274	3	0.0024		False
Cluster_10314	3	0.0024		False
Cluster_1877	3	0.0024		False
Cluster_17588	3	0.0024		False
Cluster_20467	3	0.0024		False
Cluster_2609	3	0.0024		False
Cluster_10282	3	0.0024		False
Cluster_22521	3	0.0024		False
Cluster_18762	3	0.0024		False
Cluster_24653	3	0.0024		False
Cluster_6513	3	0.0024		False
Cluster_25891	3	0.0024		False
Cluster_18562	3	0.0024		False
Cluster_17020	3	0.0024		False
Cluster_4399	3	0.0024		False
Cluster_1137	3	0.0024		False
Cluster_20236	3	0.0024		False
Cluster_5700	3	0.0024		False
Cluster_7615	3	0.0024		False
Cluster_16123	3	0.0024		False
Cluster_25096	3	0.0024		False
Cluster_23726	3	0.0024		False
Cluster_5511	3	0.0024		False
Cluster_22689	3	0.0024		False
Cluster_11148	3	0.0024		False
Cluster_22832	3	0.0024		False
Cluster_1098	3	0.0024		False
Cluster_22185	3	0.0024		False
Cluster_8768	3	0.0024		False
Cluster_21993	3	0.0024		False
Cluster_16957	3	0.0024		False
Cluster_25182	3	0.0024		False
Cluster_24108	3	0.0024		False
Cluster_23857	3	0.0024		False
Cluster_8846	3	0.0024		False
Cluster_18426	3	0.0024		False
Cluster_11493	3	0.0024		False
Cluster_5218	3	0.0024		False
Cluster_14156	3	0.0024		False
Cluster_23397	3	0.0024		False
Cluster_12324	3	0.0024		False
Cluster_5495	3	0.0024		False
Cluster_21073	3	0.0024		False
Cluster_19008	3	0.0024		False
Cluster_19651	3	0.0024		False
Cluster_6308	3	0.0024		False
Cluster_20748	3	0.0024		False
Cluster_15601	3	0.0024		False
Cluster_15744	3	0.0024		False
Cluster_19583	3	0.0024		False
Cluster_5430	3	0.0024		False
Cluster_4525	3	0.0024		False
Cluster_8724	3	0.0024		False
Cluster_24050	3	0.0024		False
Cluster_12871	3	0.0024		False
Cluster_18501	3	0.0024		False
Cluster_9605	3	0.0024		False
Cluster_20141	3	0.0024		False
Cluster_23679	3	0.0024		False
Cluster_19997	3	0.0024		False
Cluster_14228	3	0.0024		False
Cluster_8161	3	0.0024		False
Cluster_2	3	0.0024		False
Cluster_4097	3	0.0024		False
Cluster_7300	3	0.0024		False
Cluster_2793	3	0.0024		False
Cluster_13935	3	0.0024		False
Cluster_24619	3	0.0024		False
Cluster_17825	3	0.0024		False
Cluster_16310	3	0.0024		False
Cluster_24312	3	0.0024		False
Cluster_6572	3	0.0024		False
Cluster_6235	3	0.0024		False
Cluster_21186	3	0.0024		False
Cluster_15926	3	0.0024		False
Cluster_21470	3	0.0024		False
Cluster_4208	3	0.0024		False
Cluster_2541	3	0.0024		False
Cluster_20486	3	0.0024		False
Cluster_13284	3	0.0024		False
Cluster_25868	3	0.0024		False
Cluster_22858	3	0.0024		False
Cluster_9167	3	0.0024		False
Cluster_19769	3	0.0024		False
Cluster_4569	3	0.0024		False
Cluster_18006	3	0.0024		False
Cluster_10110	3	0.0024		False
Cluster_22302	3	0.0024		False
Cluster_19109	3	0.0024		False
Cluster_22609	3	0.0024		False
Cluster_221	3	0.0024		False
Cluster_18177	3	0.0024		False
Cluster_9734	3	0.0024		False
Cluster_19920	3	0.0024		False
Cluster_7330	3	0.0024		False
Cluster_16656	3	0.0024		False
Cluster_11288	3	0.0024		False
Cluster_8194	3	0.0024		False
Cluster_309	3	0.0024		False
Cluster_12672	3	0.0024		False
Cluster_1373	3	0.0024		False
Cluster_23908	3	0.0024		False
Cluster_6428	3	0.0024		False
Cluster_24956	3	0.0024		False
Cluster_20703	3	0.0024		False
Cluster_18367	3	0.0024		False
Cluster_25775	3	0.0024		False
Cluster_21952	3	0.0024		False
Cluster_24309	3	0.0024		False
Cluster_14400	3	0.0024		False
Cluster_18527	3	0.0024		False
Cluster_12404	3	0.0024		False
Cluster_22002	3	0.0024		False
Cluster_15977	3	0.0024		False
Cluster_13126	3	0.0024		False
Cluster_24923	3	0.0024		False
Cluster_1429	3	0.0024		False
Cluster_13309	3	0.0024		False
Cluster_20884	3	0.0024		False
Cluster_25482	3	0.0024		False
Cluster_4074	3	0.0024		False
Cluster_20966	3	0.0024		False
Cluster_9983	3	0.0024		False
Cluster_18956	3	0.0024		False
Cluster_1792	3	0.0024		False
Cluster_11001	3	0.0024		False
Cluster_10152	3	0.0024		False
Cluster_21151	3	0.0024		False
Cluster_17190	3	0.0024		False
Cluster_8501	3	0.0024		False
Cluster_15925	3	0.0024		False
Cluster_23515	3	0.0024		False
Cluster_15898	3	0.0024		False
Cluster_24880	3	0.0024		False
Cluster_8710	3	0.0024		False
Cluster_3529	3	0.0024		False
Cluster_9975	3	0.0024		False
Cluster_5871	3	0.0024		False
Cluster_9215	3	0.0024		False
Cluster_8965	3	0.0024		False
Cluster_18813	3	0.0024		False
Cluster_3885	3	0.0024		False
Cluster_9954	3	0.0024		False
Cluster_13248	3	0.0024		False
Cluster_4038	3	0.0024		False
Cluster_4992	3	0.0024		False
Cluster_25350	3	0.0024		False
Cluster_17960	3	0.0024		False
Cluster_22360	3	0.0024		False
Cluster_18482	3	0.0024		False
Cluster_2056	3	0.0024		False
Cluster_24775	3	0.0024		False
Cluster_12152	3	0.0024		False
Cluster_21738	3	0.0024		False
Cluster_22797	3	0.0024		False
Cluster_22597	3	0.0024		False
Cluster_1645	3	0.0024		False
Cluster_3839	3	0.0024		False
Cluster_1781	3	0.0024		False
Cluster_17553	3	0.0024		False
Cluster_16582	3	0.0024		False
Cluster_20772	3	0.0024		False
Cluster_15798	3	0.0024		False
Cluster_10234	3	0.0024		False
Cluster_6564	3	0.0024		False
Cluster_17543	3	0.0024		False
Cluster_6811	3	0.0024		False
Cluster_9984	3	0.0024		False
Cluster_20983	3	0.0024		False
Cluster_25527	3	0.0024		False
Cluster_14773	3	0.0024		False
Cluster_13330	3	0.0024		False
Cluster_6883	3	0.0024		False
Cluster_1464	3	0.0024		False
Cluster_4322	3	0.0024		False
Cluster_20418	3	0.0024		False
Cluster_25523	3	0.0024		False
Cluster_17834	3	0.0024		False
Cluster_8138	3	0.0024		False
Cluster_3830	3	0.0024		False
Cluster_563	3	0.0024		False
Cluster_15286	3	0.0024		False
Cluster_23093	3	0.0024		False
Cluster_20810	3	0.0024		False
Cluster_1170	3	0.0024		False
Cluster_14782	3	0.0024		False
Cluster_6545	3	0.0024		False
Cluster_26005	3	0.0024		False
Cluster_7188	3	0.0024		False
Cluster_7133	3	0.0024		False
Cluster_2675	3	0.0024		False
Cluster_12607	3	0.0024		False
Cluster_22343	3	0.0024		False
Cluster_13717	3	0.0024		False
Cluster_5562	3	0.0024		False
Cluster_435	3	0.0024		False
Cluster_25700	3	0.0024		False
Cluster_11886	3	0.0024		False
Cluster_5891	3	0.0024		False
Cluster_8173	3	0.0024		False
Cluster_17038	3	0.0024		False
Cluster_21464	3	0.0024		False
Cluster_15010	3	0.0024		False
Cluster_9117	3	0.0024		False
Cluster_12420	3	0.0024		False
Cluster_14296	3	0.0024		False
Cluster_24913	3	0.0024		False
Cluster_19942	3	0.0024		False
Cluster_16003	3	0.0024		False
Cluster_13137	3	0.0024		False
Cluster_12595	3	0.0024		False
Cluster_15600	3	0.0024		False
Cluster_7528	3	0.0024		False
Cluster_14636	3	0.0024		False
Cluster_4936	3	0.0024		False
Cluster_23782	3	0.0024		False
Cluster_25980	3	0.0024		False
Cluster_24846	3	0.0024		False
Cluster_24363	3	0.0024		False
Cluster_14825	3	0.0024		False
Cluster_3893	3	0.0024		False
Cluster_25473	3	0.0024		False
Cluster_13674	3	0.0024		False
Cluster_14004	3	0.0024		False
Cluster_9578	3	0.0024		False
Cluster_24714	3	0.0024		False
Cluster_5372	3	0.0024		False
Cluster_24070	3	0.0024		False
Cluster_5352	3	0.0024		False
Cluster_9680	3	0.0024		False
Cluster_11197	3	0.0024		False
Cluster_24859	3	0.0024		False
Cluster_3198	3	0.0024		False
Cluster_471	3	0.0024		False
Cluster_18556	3	0.0024		False
Cluster_2595	3	0.0024		False
Cluster_4846	3	0.0024		False
Cluster_24157	3	0.0024		False
Cluster_25736	3	0.0024		False
Cluster_25536	3	0.0024		False
Cluster_5462	3	0.0024		False
Cluster_24746	3	0.0024		False
Cluster_23614	3	0.0024		False
Cluster_22704	3	0.0024		False
Cluster_21471	3	0.0024		False
Cluster_7374	3	0.0024		False
Cluster_16898	3	0.0024		False
Cluster_24232	3	0.0024		False
Cluster_14902	3	0.0024		False
Cluster_14774	3	0.0024		False
Cluster_21542	3	0.0024		False
Cluster_25242	3	0.0024		False
Cluster_24559	3	0.0024		False
Cluster_21440	3	0.0024		False
Cluster_18927	3	0.0024		False
Cluster_16264	3	0.0024		False
Cluster_8440	3	0.0024		False
Cluster_23892	3	0.0024		False
Cluster_7204	3	0.0024		False
Cluster_5	3	0.0024		False
Cluster_18608	3	0.0024		False
Cluster_11950	3	0.0024		False
Cluster_5156	3	0.0024		False
Cluster_17754	3	0.0024		False
Cluster_4947	3	0.0024		False
Cluster_12869	3	0.0024		False
Cluster_15051	3	0.0024		False
Cluster_14415	3	0.0024		False
Cluster_12353	3	0.0024		False
Cluster_16248	3	0.0024		False
Cluster_18424	3	0.0024		False
Cluster_19327	3	0.0024		False
Cluster_17657	3	0.0024		False
Cluster_19079	3	0.0024		False
Cluster_15157	3	0.0024		False
Cluster_2664	3	0.0024		False
Cluster_23242	3	0.0024		False
Cluster_16133	3	0.0024		False
Cluster_14022	3	0.0024		False
Cluster_22039	3	0.0024		False
Cluster_10651	3	0.0024		False
Cluster_10670	3	0.0024		False
Cluster_9719	3	0.0024		False
Cluster_25010	3	0.0024		False
Cluster_15700	3	0.0024		False
Cluster_2791	3	0.0024		False
Cluster_4908	3	0.0024		False
Cluster_8488	3	0.0024		False
Cluster_1684	3	0.0024		False
Cluster_19999	3	0.0024		False
Cluster_17429	3	0.0024		False
Cluster_16939	3	0.0024		False
Cluster_12171	3	0.0024		False
Cluster_16575	3	0.0024		False
Cluster_15085	3	0.0024		False
Cluster_19996	3	0.0024		False
Cluster_19390	3	0.0024		False
Cluster_10695	3	0.0024		False
Cluster_23692	3	0.0024		False
Cluster_11308	3	0.0024		False
Cluster_3820	3	0.0024		False
Cluster_22253	3	0.0024		False
Cluster_18342	3	0.0024		False
Cluster_9718	3	0.0024		False
Cluster_760	3	0.0024		False
Cluster_13774	3	0.0024		False
Cluster_7777	3	0.0024		False
Cluster_14041	3	0.0024		False
Cluster_4421	3	0.0024		False
Cluster_1990	3	0.0024		False
Cluster_9835	3	0.0024		False
Cluster_24808	3	0.0024		False
Cluster_24649	3	0.0024		False
Cluster_19313	3	0.0024		False
Cluster_3031	3	0.0024		False
Cluster_16590	3	0.0024		False
Cluster_8699	3	0.0024		False
Cluster_4926	3	0.0024		False
Cluster_12618	3	0.0024		False
Cluster_22335	3	0.0024		False
Cluster_1843	3	0.0024		False
Cluster_16827	3	0.0024		False
Cluster_23800	3	0.0024		False
Cluster_13004	3	0.0024		False
Cluster_23523	3	0.0024		False
Cluster_8616	3	0.0024		False
Cluster_10163	3	0.0024		False
Cluster_10584	3	0.0024		False
Cluster_24898	3	0.0024		False
Cluster_8213	3	0.0024		False
Cluster_25206	3	0.0024		False
Cluster_1817	3	0.0024		False
Cluster_10088	3	0.0024		False
Cluster_17269	3	0.0024		False
Cluster_11848	3	0.0024		False
Cluster_5146	3	0.0024		False
Cluster_13072	3	0.0024		False
Cluster_6865	3	0.0024		False
Cluster_21509	3	0.0024		False
Cluster_22941	3	0.0024		False
Cluster_23890	3	0.0024		False
Cluster_10897	3	0.0024		False
Cluster_24094	3	0.0024		False
Cluster_6695	3	0.0024		False
Cluster_6328	3	0.0024		False
Cluster_14238	3	0.0024		False
Cluster_20152	3	0.0024		False
Cluster_7797	3	0.0024		False
Cluster_25515	3	0.0024		False
Cluster_12189	3	0.0024		False
Cluster_13230	3	0.0024		False
Cluster_22985	3	0.0024		False
Cluster_17835	3	0.0024		False
Cluster_4504	3	0.0024		False
Cluster_14367	3	0.0024		False
Cluster_13974	3	0.0024		False
Cluster_16849	3	0.0024		False
Cluster_3863	3	0.0024		False
Cluster_1999	3	0.0024		False
Cluster_23790	3	0.0024		False
Cluster_10978	3	0.0024		False
Cluster_17204	3	0.0024		False
Cluster_8550	3	0.0024		False
Cluster_14936	3	0.0024		False
Cluster_19120	3	0.0024		False
Cluster_17102	3	0.0024		False
Cluster_17881	3	0.0024		False
Cluster_8939	3	0.0024		False
Cluster_24003	3	0.0024		False
Cluster_8516	3	0.0024		False
Cluster_21986	3	0.0024		False
Cluster_2884	3	0.0024		False
Cluster_12088	3	0.0024		False
Cluster_515	3	0.0024		False
Cluster_20121	3	0.0024		False
Cluster_25094	3	0.0024		False
Cluster_2190	3	0.0024		False
Cluster_2134	3	0.0024		False
Cluster_10594	3	0.0024		False
Cluster_12797	3	0.0024		False
Cluster_4191	3	0.0024		False
Cluster_22368	3	0.0024		False
Cluster_19896	3	0.0024		False
Cluster_11373	3	0.0024		False
Cluster_4017	3	0.0024		False
Cluster_17447	3	0.0024		False
Cluster_20379	3	0.0024		False
Cluster_10451	3	0.0024		False
Cluster_2885	3	0.0024		False
Cluster_16389	3	0.0024		False
Cluster_17653	3	0.0024		False
Cluster_17389	3	0.0024		False
Cluster_1426	3	0.0024		False
Cluster_4291	3	0.0024		False
Cluster_1712	3	0.0024		False
Cluster_2235	3	0.0024		False
Cluster_23955	3	0.0024		False
Cluster_4680	3	0.0024		False
Cluster_16447	3	0.0024		False
Cluster_24303	3	0.0024		False
Cluster_20442	3	0.0024		False
Cluster_24212	3	0.0024		False
Cluster_23962	3	0.0024		False
Cluster_20540	3	0.0024		False
Cluster_23868	3	0.0024		False
Cluster_24481	3	0.0024		False
Cluster_11347	3	0.0024		False
Cluster_20996	3	0.0024		False
Cluster_18734	3	0.0024		False
Cluster_855	3	0.0024		False
Cluster_5664	3	0.0024		False
Cluster_19770	3	0.0024		False
Cluster_13834	3	0.0024		False
Cluster_7738	3	0.0024		False
Cluster_11520	3	0.0024		False
Cluster_9321	3	0.0024		False
Cluster_3240	3	0.0024		False
Cluster_19494	3	0.0024		False
Cluster_20107	3	0.0024		False
Cluster_14287	3	0.0024		False
Cluster_19391	3	0.0024		False
Cluster_11605	3	0.0024		False
Cluster_219	3	0.0024		False
Cluster_24734	3	0.0024		False
Cluster_23647	3	0.0024		False
Cluster_18834	3	0.0024		False
Cluster_17717	3	0.0024		False
Cluster_18747	3	0.0024		False
Cluster_18953	3	0.0024		False
Cluster_11196	3	0.0024		False
Cluster_3508	3	0.0024		False
Cluster_16416	3	0.0024		False
Cluster_2472	3	0.0024		False
Cluster_13544	3	0.0024		False
Cluster_3268	3	0.0024		False
Cluster_25860	3	0.0024		False
Cluster_20183	3	0.0024		False
Cluster_13117	3	0.0024		False
Cluster_20432	3	0.0024		False
Cluster_20324	3	0.0024		False
Cluster_2615	3	0.0024		False
Cluster_9982	3	0.0024		False
Cluster_13676	3	0.0024		False
Cluster_10664	3	0.0024		False
Cluster_7260	3	0.0024		False
Cluster_18048	3	0.0024		False
Cluster_12044	3	0.0024		False
Cluster_17147	3	0.0024		False
Cluster_18601	3	0.0024		False
Cluster_14876	3	0.0024		False
Cluster_23644	3	0.0024		False
Cluster_10921	3	0.0024		False
Cluster_3225	3	0.0024		False
Cluster_5544	3	0.0024		False
Cluster_3526	3	0.0024		False
Cluster_1040	3	0.0024		False
Cluster_23182	3	0.0024		False
Cluster_22867	3	0.0024		False
Cluster_25320	3	0.0024		False
Cluster_23177	3	0.0024		False
Cluster_26113	3	0.0024		False
Cluster_16976	3	0.0024		False
Cluster_11904	3	0.0024		False
Cluster_23637	3	0.0024		False
Cluster_716	3	0.0024		False
Cluster_24117	3	0.0024		False
Cluster_2090	3	0.0024		False
Cluster_6400	3	0.0024		False
Cluster_5005	3	0.0024		False
Cluster_5311	3	0.0024		False
Cluster_14979	3	0.0024		False
Cluster_22599	3	0.0024		False
Cluster_7024	3	0.0024		False
Cluster_22799	3	0.0024		False
Cluster_20045	3	0.0024		False
Cluster_7347	3	0.0024		False
Cluster_12752	3	0.0024		False
Cluster_12440	3	0.0024		False
Cluster_10821	3	0.0024		False
Cluster_9239	3	0.0024		False
Cluster_18180	3	0.0024		False
Cluster_17959	3	0.0024		False
Cluster_22359	3	0.0024		False
Cluster_25369	3	0.0024		False
Cluster_2842	3	0.0024		False
Cluster_1587	3	0.0024		False
Cluster_12325	3	0.0024		False
Cluster_14318	3	0.0024		False
Cluster_26048	3	0.0024		False
Cluster_989	3	0.0024		False
Cluster_16161	3	0.0024		False
Cluster_16576	3	0.0024		False
Cluster_18310	3	0.0024		False
Cluster_11883	3	0.0024		False
Cluster_24919	3	0.0024		False
Cluster_3314	3	0.0024		False
Cluster_16009	3	0.0024		False
Cluster_5406	3	0.0024		False
Cluster_25393	3	0.0024		False
Cluster_20889	3	0.0024		False
Cluster_5853	3	0.0024		False
Cluster_21851	3	0.0024		False
Cluster_8707	3	0.0024		False
Cluster_11074	3	0.0024		False
Cluster_18635	3	0.0024		False
Cluster_16006	3	0.0024		False
Cluster_1662	3	0.0024		False
Cluster_867	3	0.0024		False
Cluster_10200	3	0.0024		False
Cluster_6755	3	0.0024		False
Cluster_16433	3	0.0024		False
Cluster_8522	3	0.0024		False
Cluster_12043	3	0.0024		False
Cluster_27	3	0.0024		False
Cluster_23457	3	0.0024		False
Cluster_20103	3	0.0024		False
Cluster_24726	3	0.0024		False
Cluster_5222	3	0.0024		False
Cluster_21722	3	0.0024		False
Cluster_7509	3	0.0024		False
Cluster_3755	3	0.0024		False
Cluster_2357	3	0.0024		False
Cluster_3249	3	0.0024		False
Cluster_6561	3	0.0024		False
Cluster_23653	3	0.0024		False
Cluster_20184	3	0.0024		False
Cluster_25944	3	0.0024		False
Cluster_16294	3	0.0024		False
Cluster_25304	3	0.0024		False
Cluster_22930	3	0.0024		False
Cluster_16174	3	0.0024		False
Cluster_7110	3	0.0024		False
Cluster_21111	3	0.0024		False
Cluster_19247	3	0.0024		False
Cluster_11167	3	0.0024		False
Cluster_18241	3	0.0024		False
Cluster_54	3	0.0024		False
Cluster_17258	3	0.0024		False
Cluster_14862	3	0.0024		False
Cluster_21831	3	0.0024		False
Cluster_25916	3	0.0024		False
Cluster_3609	3	0.0024		False
Cluster_2098	3	0.0024		False
Cluster_12377	3	0.0024		False
Cluster_1697	3	0.0024		False
Cluster_23283	3	0.0024		False
Cluster_9866	3	0.0024		False
Cluster_24829	3	0.0024		False
Cluster_22208	3	0.0024		False
Cluster_4938	3	0.0024		False
Cluster_4983	3	0.0024		False
Cluster_21036	3	0.0024		False
Cluster_3131	3	0.0024		False
Cluster_19985	3	0.0024		False
Cluster_18369	3	0.0024		False
Cluster_2299	3	0.0024		False
Cluster_22786	3	0.0024		False
Cluster_5962	3	0.0024		False
Cluster_22320	3	0.0024		False
Cluster_15019	3	0.0024		False
Cluster_5331	3	0.0024		False
Cluster_5908	3	0.0024		False
Cluster_9512	3	0.0024		False
Cluster_20228	3	0.0024		False
Cluster_1568	3	0.0024		False
Cluster_21815	3	0.0024		False
Cluster_2369	3	0.0024		False
Cluster_548	3	0.0024		False
Cluster_7448	3	0.0024		False
Cluster_24202	3	0.0024		False
Cluster_19352	3	0.0024		False
Cluster_3423	3	0.0024		False
Cluster_7602	3	0.0024		False
Cluster_5759	3	0.0024		False
Cluster_4447	3	0.0024		False
Cluster_19490	3	0.0024		False
Cluster_6026	3	0.0024		False
Cluster_7710	3	0.0024		False
Cluster_10701	3	0.0024		False
Cluster_18421	3	0.0024		False
Cluster_1155	3	0.0024		False
Cluster_12453	3	0.0024		False
Cluster_7501	3	0.0024		False
Cluster_21982	3	0.0024		False
Cluster_2165	3	0.0024		False
Cluster_20048	3	0.0024		False
Cluster_3859	3	0.0024		False
Cluster_5789	3	0.0024		False
Cluster_14489	3	0.0024		False
Cluster_22212	3	0.0024		False
Cluster_16689	3	0.0024		False
Cluster_16214	3	0.0024		False
Cluster_20744	3	0.0024		False
Cluster_16382	3	0.0024		False
Cluster_3335	3	0.0024		False
Cluster_25432	3	0.0024		False
Cluster_2324	3	0.0024		False
Cluster_11371	3	0.0024		False
Cluster_15630	3	0.0024		False
Cluster_19988	3	0.0024		False
Cluster_8444	3	0.0024		False
Cluster_22676	3	0.0024		False
Cluster_7850	3	0.0024		False
Cluster_5997	3	0.0024		False
Cluster_11309	3	0.0024		False
Cluster_15151	3	0.0024		False
Cluster_13871	3	0.0024		False
Cluster_5537	3	0.0024		False
Cluster_20114	3	0.0024		False
Cluster_24996	3	0.0024		False
Cluster_11129	3	0.0024		False
Cluster_21974	3	0.0024		False
Cluster_21702	3	0.0024		False
Cluster_20212	3	0.0024		False
Cluster_20123	3	0.0024		False
Cluster_4472	3	0.0024		False
Cluster_3009	3	0.0024		False
Cluster_141	3	0.0024		False
Cluster_11698	3	0.0024		False
Cluster_14054	3	0.0024		False
Cluster_9978	3	0.0024		False
Cluster_22854	3	0.0024		False
Cluster_18999	3	0.0024		False
Cluster_6139	3	0.0024		False
Cluster_8895	3	0.0024		False
Cluster_21423	3	0.0024		False
Cluster_4808	3	0.0024		False
Cluster_21094	3	0.0024		False
Cluster_5396	3	0.0024		False
Cluster_12297	3	0.0024		False
Cluster_14280	3	0.0024		False
Cluster_10272	3	0.0024		False
Cluster_12619	3	0.0024		False
Cluster_15489	3	0.0024		False
Cluster_12040	3	0.0024		False
Cluster_11608	3	0.0024		False
Cluster_19338	3	0.0024		False
Cluster_1756	3	0.0024		False
Cluster_10629	3	0.0024		False
Cluster_10204	3	0.0024		False
Cluster_10555	3	0.0024		False
Cluster_11846	3	0.0024		False
Cluster_8854	3	0.0024		False
Cluster_20190	3	0.0024		False
Cluster_25208	3	0.0024		False
Cluster_20369	3	0.0024		False
Cluster_21874	3	0.0024		False
Cluster_16496	3	0.0024		False
Cluster_4729	3	0.0024		False
Cluster_25621	3	0.0024		False
Cluster_19588	3	0.0024		False
Cluster_14105	3	0.0024		False
Cluster_2067	3	0.0024		False
Cluster_20543	3	0.0024		False
Cluster_7859	3	0.0024		False
Cluster_23852	3	0.0024		False
Cluster_10278	3	0.0024		False
Cluster_10855	3	0.0024		False
Cluster_9573	3	0.0024		False
Cluster_7835	3	0.0024		False
Cluster_20681	3	0.0024		False
Cluster_11759	3	0.0024		False
Cluster_20222	3	0.0024		False
Cluster_417	3	0.0024		False
Cluster_16185	3	0.0024		False
Cluster_1112	3	0.0024		False
Cluster_7944	3	0.0024		False
Cluster_1449	3	0.0024		False
Cluster_13292	3	0.0024		False
Cluster_4280	3	0.0024		False
Cluster_16373	3	0.0024		False
Cluster_20954	3	0.0024		False
Cluster_5404	3	0.0024		False
Cluster_7041	3	0.0024		False
Cluster_11386	3	0.0024		False
Cluster_17907	3	0.0024		False
Cluster_14112	3	0.0024		False
Cluster_5017	3	0.0024		False
Cluster_10351	3	0.0024		False
Cluster_17597	3	0.0024		False
Cluster_23043	3	0.0024		False
Cluster_24208	3	0.0024		False
Cluster_22241	3	0.0024		False
Cluster_3195	3	0.0024		False
Cluster_23112	3	0.0024		False
Cluster_25665	3	0.0024		False
Cluster_18062	3	0.0024		False
Cluster_20533	3	0.0024		False
Cluster_11154	3	0.0024		False
Cluster_15409	3	0.0024		False
Cluster_8949	3	0.0024		False
Cluster_279	3	0.0024		False
Cluster_310	3	0.0024		False
Cluster_15236	3	0.0024		False
Cluster_2251	3	0.0024		False
Cluster_10633	3	0.0024		False
Cluster_5265	3	0.0024		False
Cluster_17897	3	0.0024		False
Cluster_10096	3	0.0024		False
Cluster_23026	3	0.0024		False
Cluster_1200	3	0.0024		False
Cluster_21645	3	0.0024		False
Cluster_8166	3	0.0024		False
Cluster_20004	3	0.0024		False
Cluster_15972	3	0.0024		False
Cluster_10846	3	0.0024		False
Cluster_15130	3	0.0024		False
Cluster_21853	3	0.0024		False
Cluster_21251	3	0.0024		False
Cluster_17388	3	0.0024		False
Cluster_21270	3	0.0024		False
Cluster_269	3	0.0024		False
Cluster_18036	3	0.0024		False
Cluster_10041	3	0.0024		False
Cluster_8615	3	0.0024		False
Cluster_337	3	0.0024		False
Cluster_15670	3	0.0024		False
Cluster_13036	3	0.0024		False
Cluster_24731	3	0.0024		False
Cluster_25472	3	0.0024		False
Cluster_11395	3	0.0024		False
Cluster_4445	3	0.0024		False
Cluster_9937	3	0.0024		False
Cluster_16279	3	0.0024		False
Cluster_25885	3	0.0024		False
Cluster_14150	3	0.0024		False
Cluster_21960	3	0.0024		False
Cluster_14566	3	0.0024		False
Cluster_18158	3	0.0024		False
Cluster_25391	3	0.0024		False
Cluster_15685	3	0.0024		False
Cluster_20365	3	0.0024		False
Cluster_10221	3	0.0024		False
Cluster_3100	3	0.0024		False
Cluster_2908	3	0.0024		False
Cluster_10692	3	0.0024		False
Cluster_24607	3	0.0024		False
Cluster_10399	3	0.0024		False
Cluster_18731	3	0.0024		False
Cluster_16993	3	0.0024		False
Cluster_2167	3	0.0024		False
Cluster_18362	3	0.0024		False
Cluster_15106	3	0.0024		False
Cluster_10415	3	0.0024		False
Cluster_21401	3	0.0024		False
Cluster_24023	3	0.0024		False
Cluster_11063	3	0.0024		False
Cluster_25666	3	0.0024		False
Cluster_23883	3	0.0024		False
Cluster_24770	3	0.0024		False
Cluster_11188	3	0.0024		False
Cluster_22342	3	0.0024		False
Cluster_25420	3	0.0024		False
Cluster_18678	3	0.0024		False
Cluster_25362	3	0.0024		False
Cluster_17122	3	0.0024		False
Cluster_613	3	0.0024		False
Cluster_1991	3	0.0024		False
Cluster_21124	3	0.0024		False
Cluster_12402	3	0.0024		False
Cluster_1142	3	0.0024		False
Cluster_21378	3	0.0024		False
Cluster_3531	3	0.0024		False
Cluster_17667	3	0.0024		False
Cluster_25403	3	0.0024		False
Cluster_13604	3	0.0024		False
Cluster_10517	3	0.0024		False
Cluster_7701	3	0.0024		False
Cluster_23130	3	0.0024		False
Cluster_1321	3	0.0024		False
Cluster_3095	3	0.0024		False
Cluster_6177	3	0.0024		False
Cluster_23878	3	0.0024		False
Cluster_1656	3	0.0024		False
Cluster_19953	3	0.0024		False
Cluster_7254	3	0.0024		False
Cluster_5047	3	0.0024		False
Cluster_6936	3	0.0024		False
Cluster_18472	3	0.0024		False
Cluster_15866	3	0.0024		False
Cluster_9441	3	0.0024		False
Cluster_26000	3	0.0024		False
Cluster_18812	3	0.0024		False
Cluster_8471	3	0.0024		False
Cluster_11312	3	0.0024		False
Cluster_15784	3	0.0024		False
Cluster_21737	3	0.0024		False
Cluster_3748	3	0.0024		False
Cluster_20191	3	0.0024		False
Cluster_5984	3	0.0024		False
Cluster_19553	3	0.0024		False
Cluster_6239	3	0.0024		False
Cluster_1085	3	0.0024		False
Cluster_916	3	0.0024		False
Cluster_25368	3	0.0024		False
Cluster_25075	3	0.0024		False
Cluster_8481	3	0.0024		False
Cluster_13410	3	0.0024		False
Cluster_3619	3	0.0024		False
Cluster_1074	3	0.0024		False
Cluster_12129	3	0.0024		False
Cluster_16130	3	0.0024		False
Cluster_10248	3	0.0024		False
Cluster_5550	3	0.0024		False
Cluster_5348	3	0.0024		False
Cluster_19645	3	0.0024		False
Cluster_23485	3	0.0024		False
Cluster_16651	3	0.0024		False
Cluster_2832	3	0.0024		False
Cluster_9371	3	0.0024		False
Cluster_8764	3	0.0024		False
Cluster_25152	3	0.0024		False
Cluster_6303	3	0.0024		False
Cluster_15316	3	0.0024		False
Cluster_4855	3	0.0024		False
Cluster_3631	3	0.0024		False
Cluster_1510	3	0.0024		False
Cluster_9315	3	0.0024		False
Cluster_19052	3	0.0024		False
Cluster_8070	3	0.0024		False
Cluster_5704	3	0.0024		False
Cluster_24493	3	0.0024		False
Cluster_13828	3	0.0024		False
Cluster_9783	3	0.0024		False
Cluster_1239	3	0.0024		False
Cluster_24219	3	0.0024		False
Cluster_10474	3	0.0024		False
Cluster_6410	3	0.0024		False
Cluster_5092	3	0.0024		False
Cluster_11328	3	0.0024		False
Cluster_429	3	0.0024		False
Cluster_1126	3	0.0024		False
Cluster_23884	3	0.0024		False
Cluster_9248	3	0.0024		False
Cluster_1532	3	0.0024		False
Cluster_24142	3	0.0024		False
Cluster_5281	3	0.0024		False
Cluster_4885	3	0.0024		False
Cluster_20908	3	0.0024		False
Cluster_3804	3	0.0024		False
Cluster_16569	3	0.0024		False
Cluster_22439	3	0.0024		False
Cluster_23628	3	0.0024		False
Cluster_18075	3	0.0024		False
Cluster_5722	3	0.0024		False
Cluster_11634	3	0.0024		False
Cluster_18697	3	0.0024		False
Cluster_1141	3	0.0024		False
Cluster_25694	3	0.0024		False
Cluster_700	3	0.0024		False
Cluster_21149	3	0.0024		False
Cluster_12798	3	0.0024		False
Cluster_14247	3	0.0024		False
Cluster_10240	3	0.0024		False
Cluster_7908	3	0.0024		False
Cluster_25088	3	0.0024		False
Cluster_22238	3	0.0024		False
Cluster_7622	3	0.0024		False
Cluster_843	3	0.0024		False
Cluster_24316	3	0.0024		False
Cluster_22890	3	0.0024		False
Cluster_23027	3	0.0024		False
Cluster_19581	3	0.0024		False
Cluster_4411	3	0.0024		False
Cluster_15368	3	0.0024		False
Cluster_1522	3	0.0024		False
Cluster_13344	3	0.0024		False
Cluster_6750	3	0.0024		False
Cluster_393	3	0.0024		False
Cluster_11679	3	0.0024		False
Cluster_21654	3	0.0024		False
Cluster_5964	3	0.0024		False
Cluster_2211	3	0.0024		False
Cluster_17346	3	0.0024		False
Cluster_18894	3	0.0024		False
Cluster_17906	3	0.0024		False
Cluster_23257	3	0.0024		False
Cluster_503	3	0.0024		False
Cluster_25276	3	0.0024		False
Cluster_17796	3	0.0024		False
Cluster_1798	3	0.0024		False
Cluster_10977	3	0.0024		False
Cluster_12400	3	0.0024		False
Cluster_11058	3	0.0024		False
Cluster_10515	3	0.0024		False
Cluster_30	3	0.0024		False
Cluster_25360	3	0.0024		False
Cluster_21935	3	0.0024		False
Cluster_4453	3	0.0024		False
Cluster_3977	3	0.0024		False
Cluster_10267	3	0.0024		False
Cluster_19626	3	0.0024		False
Cluster_25978	3	0.0024		False
Cluster_7192	3	0.0024		False
Cluster_10155	3	0.0024		False
Cluster_18422	3	0.0024		False
Cluster_20129	3	0.0024		False
Cluster_289	3	0.0024		False
Cluster_12338	3	0.0024		False
Cluster_2254	3	0.0024		False
Cluster_13199	3	0.0024		False
Cluster_2576	3	0.0024		False
Cluster_22875	3	0.0024		False
Cluster_10690	3	0.0024		False
Cluster_21955	3	0.0024		False
Cluster_10627	3	0.0024		False
Cluster_6064	3	0.0024		False
Cluster_10087	3	0.0024		False
Cluster_10598	3	0.0024		False
Cluster_24884	3	0.0024		False
Cluster_14466	3	0.0024		False
Cluster_167	3	0.0024		False
Cluster_24196	3	0.0024		False
Cluster_15121	3	0.0024		False
Cluster_8662	3	0.0024		False
Cluster_24969	3	0.0024		False
Cluster_15376	3	0.0024		False
Cluster_22917	3	0.0024		False
Cluster_2586	3	0.0024		False
Cluster_22461	3	0.0024		False
Cluster_15379	3	0.0024		False
Cluster_24360	3	0.0024		False
Cluster_15751	3	0.0024		False
Cluster_16080	3	0.0024		False
Cluster_8597	3	0.0024		False
Cluster_15014	3	0.0024		False
Cluster_25987	3	0.0024		False
Cluster_22536	3	0.0024		False
Cluster_5174	3	0.0024		False
Cluster_25878	3	0.0024		False
Cluster_24807	3	0.0024		False
Cluster_9472	3	0.0024		False
Cluster_25583	3	0.0024		False
Cluster_18793	3	0.0024		False
Cluster_16828	3	0.0024		False
Cluster_25262	3	0.0024		False
Cluster_13984	3	0.0024		False
Cluster_20498	3	0.0024		False
Cluster_21322	3	0.0024		False
Cluster_9743	3	0.0024		False
Cluster_23036	3	0.0024		False
Cluster_3020	3	0.0024		False
Cluster_12782	3	0.0024		False
Cluster_20814	3	0.0024		False
Cluster_821	3	0.0024		False
Cluster_17178	3	0.0024		False
Cluster_19879	3	0.0024		False
Cluster_3151	3	0.0024		False
Cluster_2519	3	0.0024		False
Cluster_3789	3	0.0024		False
Cluster_19203	3	0.0024		False
Cluster_20756	3	0.0024		False
Cluster_14484	3	0.0024		False
Cluster_21781	3	0.0024		False
Cluster_16024	3	0.0024		False
Cluster_6537	3	0.0024		False
Cluster_22839	3	0.0024		False
Cluster_8497	3	0.0024		False
Cluster_17390	3	0.0024		False
Cluster_10582	3	0.0024		False
Cluster_72	3	0.0024		False
Cluster_11944	3	0.0024		False
Cluster_21318	3	0.0024		False
Cluster_3666	3	0.0024		False
Cluster_18510	3	0.0024		False
Cluster_24618	3	0.0024		False
Cluster_25920	3	0.0024		False
Cluster_22399	3	0.0024		False
Cluster_22692	3	0.0024		False
Cluster_9572	3	0.0024		False
Cluster_7503	3	0.0024		False
Cluster_20095	3	0.0024		False
Cluster_15731	3	0.0024		False
Cluster_10915	3	0.0024		False
Cluster_7191	3	0.0024		False
Cluster_25893	3	0.0024		False
Cluster_5358	3	0.0024		False
Cluster_5945	3	0.0024		False
Cluster_15531	3	0.0024		False
Cluster_23253	3	0.0024		False
Cluster_13778	3	0.0024		False
Cluster_23335	3	0.0024		False
Cluster_3819	3	0.0024		False
Cluster_22051	3	0.0024		False
Cluster_4148	3	0.0024		False
Cluster_12998	3	0.0024		False
Cluster_3396	3	0.0024		False
Cluster_9088	3	0.0024		False
Cluster_9671	3	0.0024		False
Cluster_14253	3	0.0024		False
Cluster_5026	3	0.0024		False
Cluster_3044	3	0.0024		False
Cluster_22927	3	0.0024		False
Cluster_13878	3	0.0024		False
Cluster_24412	3	0.0024		False
Cluster_6779	3	0.0024		False
Cluster_10843	3	0.0024		False
Cluster_17257	3	0.0024		False
Cluster_21157	3	0.0024		False
Cluster_12919	3	0.0024		False
Cluster_9506	3	0.0024		False
Cluster_13542	3	0.0024		False
Cluster_10960	3	0.0024		False
Cluster_6634	3	0.0024		False
Cluster_453	3	0.0024		False
Cluster_20562	3	0.0024		False
Cluster_2756	3	0.0024		False
Cluster_25214	3	0.0024		False
Cluster_14282	3	0.0024		False
Cluster_16076	3	0.0024		False
Cluster_21147	3	0.0024		False
Cluster_1071	3	0.0024		False
Cluster_12065	3	0.0024		False
Cluster_9644	3	0.0024		False
Cluster_23277	3	0.0024		False
Cluster_13467	3	0.0024		False
Cluster_7128	3	0.0024		False
Cluster_14349	3	0.0024		False
Cluster_12175	3	0.0024		False
Cluster_6251	3	0.0024		False
Cluster_7291	3	0.0024		False
Cluster_25521	3	0.0024		False
Cluster_9529	3	0.0024		False
Cluster_9159	3	0.0024		False
Cluster_1703	3	0.0024		False
Cluster_14796	3	0.0024		False
Cluster_25721	3	0.0024		False
Cluster_2077	3	0.0024		False
Cluster_9134	3	0.0024		False
Cluster_22318	3	0.0024		False
Cluster_122	3	0.0024		False
Cluster_860	3	0.0024		False
Cluster_3860	3	0.0024		False
Cluster_14438	3	0.0024		False
Cluster_566	3	0.0024		False
Cluster_23274	3	0.0024		False
Cluster_25663	3	0.0024		False
Cluster_24686	3	0.0024		False
Cluster_8329	3	0.0024		False
Cluster_10954	3	0.0024		False
Cluster_4487	3	0.0024		False
Cluster_6633	3	0.0024		False
Cluster_17407	3	0.0024		False
Cluster_2112	3	0.0024		False
Cluster_21095	3	0.0024		False
Cluster_10113	3	0.0024		False
Cluster_14062	3	0.0024		False
Cluster_10231	3	0.0024		False
Cluster_416	3	0.0024		False
Cluster_20188	3	0.0024		False
Cluster_25308	3	0.0024		False
Cluster_10944	3	0.0024		False
Cluster_12753	3	0.0024		False
Cluster_7535	3	0.0024		False
Cluster_1690	3	0.0024		False
Cluster_13938	3	0.0024		False
Cluster_19946	3	0.0024		False
Cluster_9564	3	0.0024		False
Cluster_15950	3	0.0024		False
Cluster_6678	3	0.0024		False
Cluster_1704	3	0.0024		False
Cluster_8742	3	0.0024		False
Cluster_19309	3	0.0024		False
Cluster_25450	3	0.0024		False
Cluster_4775	3	0.0024		False
Cluster_9949	3	0.0024		False
Cluster_10065	3	0.0024		False
Cluster_25409	3	0.0024		False
Cluster_24141	3	0.0024		False
Cluster_11209	3	0.0024		False
Cluster_23830	3	0.0024		False
Cluster_13489	3	0.0024		False
Cluster_25496	3	0.0024		False
Cluster_21524	3	0.0024		False
Cluster_19746	3	0.0024		False
Cluster_9629	3	0.0024		False
Cluster_19160	3	0.0024		False
Cluster_12462	3	0.0024		False
Cluster_22272	3	0.0024		False
Cluster_177	3	0.0024		False
Cluster_19692	3	0.0024		False
Cluster_23989	3	0.0024		False
Cluster_3588	3	0.0024		False
Cluster_23864	3	0.0024		False
Cluster_1164	3	0.0024		False
Cluster_17895	3	0.0024		False
Cluster_2155	3	0.0024		False
Cluster_10139	3	0.0024		False
Cluster_24227	3	0.0024		False
Cluster_6912	3	0.0024		False
Cluster_5982	3	0.0024		False
Cluster_24489	3	0.0024		False
Cluster_17036	3	0.0024		False
Cluster_17017	3	0.0024		False
Cluster_1165	3	0.0024		False
Cluster_4921	3	0.0024		False
Cluster_19517	3	0.0024		False
Cluster_12139	3	0.0024		False
Cluster_23611	3	0.0024		False
Cluster_22701	3	0.0024		False
Cluster_17604	3	0.0024		False
Cluster_8160	3	0.0024		False
Cluster_17226	3	0.0024		False
Cluster_4110	3	0.0024		False
Cluster_22991	3	0.0024		False
Cluster_6607	3	0.0024		False
Cluster_12136	3	0.0024		False
Cluster_6052	3	0.0024		False
Cluster_14540	3	0.0024		False
Cluster_23001	3	0.0024		False
Cluster_23215	3	0.0024		False
Cluster_3433	3	0.0024		False
Cluster_18044	3	0.0024		False
Cluster_12394	3	0.0024		False
Cluster_6323	3	0.0024		False
Cluster_16091	3	0.0024		False
Cluster_7450	3	0.0024		False
Cluster_5012	3	0.0024		False
Cluster_22637	3	0.0024		False
Cluster_25185	3	0.0024		False
Cluster_19119	3	0.0024		False
Cluster_13122	3	0.0024		False
Cluster_6435	3	0.0024		False
Cluster_23509	3	0.0024		False
Cluster_17912	3	0.0024		False
Cluster_10038	3	0.0024		False
Cluster_19677	3	0.0024		False
Cluster_12716	3	0.0024		False
Cluster_7144	3	0.0024		False
Cluster_18650	3	0.0024		False
Cluster_181	3	0.0024		False
Cluster_9312	3	0.0024		False
Cluster_25762	2	0.0016		False
Cluster_14295	2	0.0016		False
Cluster_4898	2	0.0016		False
Cluster_23180	2	0.0016		False
Cluster_17162	2	0.0016		False
Cluster_22239	2	0.0016		False
Cluster_11541	2	0.0016		False
Cluster_12909	2	0.0016		False
Cluster_9942	2	0.0016		False
Cluster_12642	2	0.0016		False
Cluster_16819	2	0.0016		False
Cluster_25629	2	0.0016		False
Cluster_4242	2	0.0016		False
Cluster_7289	2	0.0016		False
Cluster_11885	2	0.0016		False
Cluster_12950	2	0.0016		False
Cluster_21783	2	0.0016		False
Cluster_504	2	0.0016		False
Cluster_8556	2	0.0016		False
Cluster_18173	2	0.0016		False
Cluster_8126	2	0.0016		False
Cluster_8760	2	0.0016		False
Cluster_15655	2	0.0016		False
Cluster_15960	2	0.0016		False
Cluster_24535	2	0.0016		False
Cluster_2248	2	0.0016		False
Cluster_6691	2	0.0016		False
Cluster_8254	2	0.0016		False
Cluster_17992	2	0.0016		False
Cluster_10055	2	0.0016		False
Cluster_3729	2	0.0016		False
Cluster_11023	2	0.0016		False
Cluster_8038	2	0.0016		False
Cluster_1571	2	0.0016		False
Cluster_21255	2	0.0016		False
Cluster_19360	2	0.0016		False
Cluster_13293	2	0.0016		False
Cluster_21130	2	0.0016		False
Cluster_3007	2	0.0016		False
Cluster_889	2	0.0016		False
Cluster_4732	2	0.0016		False
Cluster_22450	2	0.0016		False
Cluster_23733	2	0.0016		False
Cluster_15529	2	0.0016		False
Cluster_24370	2	0.0016		False
Cluster_11229	2	0.0016		False
Cluster_12652	2	0.0016		False
Cluster_16679	2	0.0016		False
Cluster_11770	2	0.0016		False
Cluster_18535	2	0.0016		False
Cluster_3342	2	0.0016		False
Cluster_6481	2	0.0016		False
Cluster_13318	2	0.0016		False
Cluster_6299	2	0.0016		False
Cluster_6098	2	0.0016		False
Cluster_7290	2	0.0016		False
Cluster_5102	2	0.0016		False
Cluster_7809	2	0.0016		False
Cluster_14919	2	0.0016		False
Cluster_6361	2	0.0016		False
Cluster_12899	2	0.0016		False
Cluster_18269	2	0.0016		False
Cluster_12323	2	0.0016		False
Cluster_24633	2	0.0016		False
Cluster_22865	2	0.0016		False
Cluster_25278	2	0.0016		False
Cluster_1146	2	0.0016		False
Cluster_13444	2	0.0016		False
Cluster_23113	2	0.0016		False
Cluster_14065	2	0.0016		False
Cluster_21778	2	0.0016		False
Cluster_10194	2	0.0016		False
Cluster_12896	2	0.0016		False
Cluster_19993	2	0.0016		False
Cluster_9029	2	0.0016		False
Cluster_10317	2	0.0016		False
Cluster_24562	2	0.0016		False
Cluster_6121	2	0.0016		False
Cluster_23553	2	0.0016		False
Cluster_12339	2	0.0016		False
Cluster_24322	2	0.0016		False
Cluster_13198	2	0.0016		False
Cluster_333	2	0.0016		False
Cluster_18653	2	0.0016		False
Cluster_7034	2	0.0016		False
Cluster_694	2	0.0016		False
Cluster_10448	2	0.0016		False
Cluster_19572	2	0.0016		False
Cluster_7103	2	0.0016		False
Cluster_25979	2	0.0016		False
Cluster_13210	2	0.0016		False
Cluster_15383	2	0.0016		False
Cluster_10091	2	0.0016		False
Cluster_152	2	0.0016		False
Cluster_115	2	0.0016		False
Cluster_15304	2	0.0016		False
Cluster_16929	2	0.0016		False
Cluster_15401	2	0.0016		False
Cluster_17240	2	0.0016		False
Cluster_12930	2	0.0016		False
Cluster_19470	2	0.0016		False
Cluster_21140	2	0.0016		False
Cluster_8627	2	0.0016		False
Cluster_23393	2	0.0016		False
Cluster_25063	2	0.0016		False
Cluster_22053	2	0.0016		False
Cluster_22246	2	0.0016		False
Cluster_12886	2	0.0016		False
Cluster_8619	2	0.0016		False
Cluster_22732	2	0.0016		False
Cluster_22464	2	0.0016		False
Cluster_2367	2	0.0016		False
Cluster_22721	2	0.0016		False
Cluster_14529	2	0.0016		False
Cluster_2118	2	0.0016		False
Cluster_24460	2	0.0016		False
Cluster_21769	2	0.0016		False
Cluster_26125	2	0.0016		False
Cluster_1857	2	0.0016		False
Cluster_21329	2	0.0016		False
Cluster_8971	2	0.0016		False
Cluster_11484	2	0.0016		False
Cluster_1387	2	0.0016		False
Cluster_24781	2	0.0016		False
Cluster_11381	2	0.0016		False
Cluster_13204	2	0.0016		False
Cluster_1647	2	0.0016		False
Cluster_19337	2	0.0016		False
Cluster_14127	2	0.0016		False
Cluster_15733	2	0.0016		False
Cluster_23190	2	0.0016		False
Cluster_20105	2	0.0016		False
Cluster_14285	2	0.0016		False
Cluster_13102	2	0.0016		False
Cluster_24643	2	0.0016		False
Cluster_13395	2	0.0016		False
Cluster_9504	2	0.0016		False
Cluster_9798	2	0.0016		False
Cluster_7547	2	0.0016		False
Cluster_20699	2	0.0016		False
Cluster_1800	2	0.0016		False
Cluster_13331	2	0.0016		False
Cluster_23241	2	0.0016		False
Cluster_20765	2	0.0016		False
Cluster_4261	2	0.0016		False
Cluster_18626	2	0.0016		False
Cluster_2697	2	0.0016		False
Cluster_21997	2	0.0016		False
Cluster_21061	2	0.0016		False
Cluster_3691	2	0.0016		False
Cluster_23366	2	0.0016		False
Cluster_6567	2	0.0016		False
Cluster_17888	2	0.0016		False
Cluster_20374	2	0.0016		False
Cluster_1514	2	0.0016		False
Cluster_19189	2	0.0016		False
Cluster_9810	2	0.0016		False
Cluster_24210	2	0.0016		False
Cluster_17977	2	0.0016		False
Cluster_1765	2	0.0016		False
Cluster_5787	2	0.0016		False
Cluster_13426	2	0.0016		False
Cluster_5741	2	0.0016		False
Cluster_23929	2	0.0016		False
Cluster_22060	2	0.0016		False
Cluster_1927	2	0.0016		False
Cluster_14943	2	0.0016		False
Cluster_11684	2	0.0016		False
Cluster_7414	2	0.0016		False
Cluster_11219	2	0.0016		False
Cluster_11407	2	0.0016		False
Cluster_15228	2	0.0016		False
Cluster_2712	2	0.0016		False
Cluster_22486	2	0.0016		False
Cluster_16743	2	0.0016		False
Cluster_856	2	0.0016		False
Cluster_9044	2	0.0016		False
Cluster_22315	2	0.0016		False
Cluster_1447	2	0.0016		False
Cluster_3397	2	0.0016		False
Cluster_20302	2	0.0016		False
Cluster_10169	2	0.0016		False
Cluster_9421	2	0.0016		False
Cluster_800	2	0.0016		False
Cluster_11216	2	0.0016		False
Cluster_21597	2	0.0016		False
Cluster_17861	2	0.0016		False
Cluster_5709	2	0.0016		False
Cluster_1681	2	0.0016		False
Cluster_5684	2	0.0016		False
Cluster_957	2	0.0016		False
Cluster_2657	2	0.0016		False
Cluster_25006	2	0.0016		False
Cluster_16681	2	0.0016		False
Cluster_1279	2	0.0016		False
Cluster_14384	2	0.0016		False
Cluster_5344	2	0.0016		False
Cluster_19883	2	0.0016		False
Cluster_319	2	0.0016		False
Cluster_13962	2	0.0016		False
Cluster_25284	2	0.0016		False
Cluster_4423	2	0.0016		False
Cluster_15754	2	0.0016		False
Cluster_4601	2	0.0016		False
Cluster_18453	2	0.0016		False
Cluster_19972	2	0.0016		False
Cluster_662	2	0.0016		False
Cluster_11254	2	0.0016		False
Cluster_19130	2	0.0016		False
Cluster_24429	2	0.0016		False
Cluster_6103	2	0.0016		False
Cluster_10850	2	0.0016		False
Cluster_6090	2	0.0016		False
Cluster_10871	2	0.0016		False
Cluster_7099	2	0.0016		False
Cluster_22141	2	0.0016		False
Cluster_18647	2	0.0016		False
Cluster_11995	2	0.0016		False
Cluster_25501	2	0.0016		False
Cluster_16366	2	0.0016		False
Cluster_8632	2	0.0016		False
Cluster_3122	2	0.0016		False
Cluster_7551	2	0.0016		False
Cluster_5797	2	0.0016		False
Cluster_16218	2	0.0016		False
Cluster_263	2	0.0016		False
Cluster_21969	2	0.0016		False
Cluster_15117	2	0.0016		False
Cluster_22838	2	0.0016		False
Cluster_18108	2	0.0016		False
Cluster_22118	2	0.0016		False
Cluster_3613	2	0.0016		False
Cluster_24192	2	0.0016		False
Cluster_16529	2	0.0016		False
Cluster_4389	2	0.0016		False
Cluster_6482	2	0.0016		False
Cluster_14734	2	0.0016		False
Cluster_3259	2	0.0016		False
Cluster_24272	2	0.0016		False
Cluster_23117	2	0.0016		False
Cluster_16052	2	0.0016		False
Cluster_24637	2	0.0016		False
Cluster_26115	2	0.0016		False
Cluster_4111	2	0.0016		False
Cluster_2526	2	0.0016		False
Cluster_22463	2	0.0016		False
Cluster_3482	2	0.0016		False
Cluster_6341	2	0.0016		False
Cluster_9043	2	0.0016		False
Cluster_12215	2	0.0016		False
Cluster_17289	2	0.0016		False
Cluster_23837	2	0.0016		False
Cluster_21268	2	0.0016		False
Cluster_24616	2	0.0016		False
Cluster_12076	2	0.0016		False
Cluster_23205	2	0.0016		False
Cluster_9789	2	0.0016		False
Cluster_21894	2	0.0016		False
Cluster_13779	2	0.0016		False
Cluster_13220	2	0.0016		False
Cluster_20838	2	0.0016		False
Cluster_14737	2	0.0016		False
Cluster_15212	2	0.0016		False
Cluster_12806	2	0.0016		False
Cluster_11247	2	0.0016		False
Cluster_15481	2	0.0016		False
Cluster_20664	2	0.0016		False
Cluster_6309	2	0.0016		False
Cluster_23139	2	0.0016		False
Cluster_15384	2	0.0016		False
Cluster_17892	2	0.0016		False
Cluster_12107	2	0.0016		False
Cluster_8100	2	0.0016		False
Cluster_2040	2	0.0016		False
Cluster_9331	2	0.0016		False
Cluster_4262	2	0.0016		False
Cluster_11672	2	0.0016		False
Cluster_14011	2	0.0016		False
Cluster_16222	2	0.0016		False
Cluster_21983	2	0.0016		False
Cluster_6651	2	0.0016		False
Cluster_16113	2	0.0016		False
Cluster_22640	2	0.0016		False
Cluster_15156	2	0.0016		False
Cluster_13876	2	0.0016		False
Cluster_6033	2	0.0016		False
Cluster_5990	2	0.0016		False
Cluster_19807	2	0.0016		False
Cluster_715	2	0.0016		False
Cluster_4878	2	0.0016		False
Cluster_3452	2	0.0016		False
Cluster_2268	2	0.0016		False
Cluster_19631	2	0.0016		False
Cluster_13619	2	0.0016		False
Cluster_24701	2	0.0016		False
Cluster_14676	2	0.0016		False
Cluster_19082	2	0.0016		False
Cluster_20315	2	0.0016		False
Cluster_22275	2	0.0016		False
Cluster_18879	2	0.0016		False
Cluster_2023	2	0.0016		False
Cluster_3166	2	0.0016		False
Cluster_12169	2	0.0016		False
Cluster_14435	2	0.0016		False
Cluster_21594	2	0.0016		False
Cluster_9818	2	0.0016		False
Cluster_550	2	0.0016		False
Cluster_20538	2	0.0016		False
Cluster_14816	2	0.0016		False
Cluster_26063	2	0.0016		False
Cluster_13009	2	0.0016		False
Cluster_15847	2	0.0016		False
Cluster_3614	2	0.0016		False
Cluster_15100	2	0.0016		False
Cluster_18876	2	0.0016		False
Cluster_14136	2	0.0016		False
Cluster_19766	2	0.0016		False
Cluster_6105	2	0.0016		False
Cluster_11918	2	0.0016		False
Cluster_21344	2	0.0016		False
Cluster_19566	2	0.0016		False
Cluster_17592	2	0.0016		False
Cluster_8294	2	0.0016		False
Cluster_20489	2	0.0016		False
Cluster_2372	2	0.0016		False
Cluster_21904	2	0.0016		False
Cluster_22594	2	0.0016		False
Cluster_19249	2	0.0016		False
Cluster_1203	2	0.0016		False
Cluster_5662	2	0.0016		False
Cluster_2817	2	0.0016		False
Cluster_2438	2	0.0016		False
Cluster_21848	2	0.0016		False
Cluster_2829	2	0.0016		False
Cluster_3960	2	0.0016		False
Cluster_7812	2	0.0016		False
Cluster_2411	2	0.0016		False
Cluster_16574	2	0.0016		False
Cluster_14230	2	0.0016		False
Cluster_24340	2	0.0016		False
Cluster_3417	2	0.0016		False
Cluster_5753	2	0.0016		False
Cluster_6205	2	0.0016		False
Cluster_11706	2	0.0016		False
Cluster_76	2	0.0016		False
Cluster_6339	2	0.0016		False
Cluster_7968	2	0.0016		False
Cluster_15003	2	0.0016		False
Cluster_14264	2	0.0016		False
Cluster_15417	2	0.0016		False
Cluster_2863	2	0.0016		False
Cluster_9953	2	0.0016		False
Cluster_13914	2	0.0016		False
Cluster_15250	2	0.0016		False
Cluster_22451	2	0.0016		False
Cluster_6066	2	0.0016		False
Cluster_25364	2	0.0016		False
Cluster_23094	2	0.0016		False
Cluster_9416	2	0.0016		False
Cluster_12379	2	0.0016		False
Cluster_22470	2	0.0016		False
Cluster_10805	2	0.0016		False
Cluster_2329	2	0.0016		False
Cluster_12694	2	0.0016		False
Cluster_13153	2	0.0016		False
Cluster_629	2	0.0016		False
Cluster_23798	2	0.0016		False
Cluster_1406	2	0.0016		False
Cluster_17222	2	0.0016		False
Cluster_15209	2	0.0016		False
Cluster_23598	2	0.0016		False
Cluster_20276	2	0.0016		False
Cluster_23264	2	0.0016		False
Cluster_9407	2	0.0016		False
Cluster_22316	2	0.0016		False
Cluster_3203	2	0.0016		False
Cluster_24914	2	0.0016		False
Cluster_4951	2	0.0016		False
Cluster_5315	2	0.0016		False
Cluster_20969	2	0.0016		False
Cluster_25248	2	0.0016		False
Cluster_1714	2	0.0016		False
Cluster_25615	2	0.0016		False
Cluster_8316	2	0.0016		False
Cluster_13492	2	0.0016		False
Cluster_3853	2	0.0016		False
Cluster_21667	2	0.0016		False
Cluster_16508	2	0.0016		False
Cluster_14627	2	0.0016		False
Cluster_11806	2	0.0016		False
Cluster_13425	2	0.0016		False
Cluster_8200	2	0.0016		False
Cluster_20422	2	0.0016		False
Cluster_109	2	0.0016		False
Cluster_21711	2	0.0016		False
Cluster_3373	2	0.0016		False
Cluster_22612	2	0.0016		False
Cluster_20803	2	0.0016		False
Cluster_18602	2	0.0016		False
Cluster_25477	2	0.0016		False
Cluster_9938	2	0.0016		False
Cluster_5904	2	0.0016		False
Cluster_20360	2	0.0016		False
Cluster_7445	2	0.0016		False
Cluster_15573	2	0.0016		False
Cluster_4211	2	0.0016		False
Cluster_20073	2	0.0016		False
Cluster_3406	2	0.0016		False
Cluster_25258	2	0.0016		False
Cluster_6884	2	0.0016		False
Cluster_8261	2	0.0016		False
Cluster_11648	2	0.0016		False
Cluster_6179	2	0.0016		False
Cluster_7021	2	0.0016		False
Cluster_19696	2	0.0016		False
Cluster_9071	2	0.0016		False
Cluster_2700	2	0.0016		False
Cluster_13005	2	0.0016		False
Cluster_3003	2	0.0016		False
Cluster_25590	2	0.0016		False
Cluster_20894	2	0.0016		False
Cluster_1066	2	0.0016		False
Cluster_13482	2	0.0016		False
Cluster_3713	2	0.0016		False
Cluster_6373	2	0.0016		False
Cluster_21388	2	0.0016		False
Cluster_20910	2	0.0016		False
Cluster_10247	2	0.0016		False
Cluster_9348	2	0.0016		False
Cluster_8964	2	0.0016		False
Cluster_4576	2	0.0016		False
Cluster_14439	2	0.0016		False
Cluster_24330	2	0.0016		False
Cluster_18248	2	0.0016		False
Cluster_10712	2	0.0016		False
Cluster_9550	2	0.0016		False
Cluster_4760	2	0.0016		False
Cluster_4126	2	0.0016		False
Cluster_4556	2	0.0016		False
Cluster_17843	2	0.0016		False
Cluster_14	2	0.0016		False
Cluster_13615	2	0.0016		False
Cluster_15145	2	0.0016		False
Cluster_19565	2	0.0016		False
Cluster_2864	2	0.0016		False
Cluster_4083	2	0.0016		False
Cluster_10985	2	0.0016		False
Cluster_10410	2	0.0016		False
Cluster_11183	2	0.0016		False
Cluster_20319	2	0.0016		False
Cluster_22073	2	0.0016		False
Cluster_21141	2	0.0016		False
Cluster_12995	2	0.0016		False
Cluster_20189	2	0.0016		False
Cluster_18133	2	0.0016		False
Cluster_3222	2	0.0016		False
Cluster_2485	2	0.0016		False
Cluster_16299	2	0.0016		False
Cluster_18005	2	0.0016		False
Cluster_2123	2	0.0016		False
Cluster_3204	2	0.0016		False
Cluster_13724	2	0.0016		False
Cluster_7663	2	0.0016		False
Cluster_14338	2	0.0016		False
Cluster_16263	2	0.0016		False
Cluster_10132	2	0.0016		False
Cluster_5813	2	0.0016		False
Cluster_17681	2	0.0016		False
Cluster_21538	2	0.0016		False
Cluster_20587	2	0.0016		False
Cluster_9013	2	0.0016		False
Cluster_7923	2	0.0016		False
Cluster_10812	2	0.0016		False
Cluster_3375	2	0.0016		False
Cluster_3751	2	0.0016		False
Cluster_16777	2	0.0016		False
Cluster_861	2	0.0016		False
Cluster_9580	2	0.0016		False
Cluster_2694	2	0.0016		False
Cluster_3355	2	0.0016		False
Cluster_17753	2	0.0016		False
Cluster_24005	2	0.0016		False
Cluster_3374	2	0.0016		False
Cluster_4073	2	0.0016		False
Cluster_8928	2	0.0016		False
Cluster_14680	2	0.0016		False
Cluster_19865	2	0.0016		False
Cluster_7420	2	0.0016		False
Cluster_11864	2	0.0016		False
Cluster_20451	2	0.0016		False
Cluster_8668	2	0.0016		False
Cluster_24258	2	0.0016		False
Cluster_18524	2	0.0016		False
Cluster_4618	2	0.0016		False
Cluster_5641	2	0.0016		False
Cluster_2455	2	0.0016		False
Cluster_516	2	0.0016		False
Cluster_10404	2	0.0016		False
Cluster_12368	2	0.0016		False
Cluster_14263	2	0.0016		False
Cluster_24415	2	0.0016		False
Cluster_20972	2	0.0016		False
Cluster_17212	2	0.0016		False
Cluster_7643	2	0.0016		False
Cluster_19054	2	0.0016		False
Cluster_22061	2	0.0016		False
Cluster_18265	2	0.0016		False
Cluster_21214	2	0.0016		False
Cluster_464	2	0.0016		False
Cluster_12693	2	0.0016		False
Cluster_25859	2	0.0016		False
Cluster_6663	2	0.0016		False
Cluster_21821	2	0.0016		False
Cluster_14777	2	0.0016		False
Cluster_20994	2	0.0016		False
Cluster_12017	2	0.0016		False
Cluster_9698	2	0.0016		False
Cluster_23007	2	0.0016		False
Cluster_4187	2	0.0016		False
Cluster_20651	2	0.0016		False
Cluster_12831	2	0.0016		False
Cluster_12484	2	0.0016		False
Cluster_20670	2	0.0016		False
Cluster_20262	2	0.0016		False
Cluster_11789	2	0.0016		False
Cluster_14915	2	0.0016		False
Cluster_10472	2	0.0016		False
Cluster_9324	2	0.0016		False
Cluster_12895	2	0.0016		False
Cluster_22793	2	0.0016		False
Cluster_15168	2	0.0016		False
Cluster_17860	2	0.0016		False
Cluster_10335	2	0.0016		False
Cluster_2655	2	0.0016		False
Cluster_15623	2	0.0016		False
Cluster_391	2	0.0016		False
Cluster_18539	2	0.0016		False
Cluster_23639	2	0.0016		False
Cluster_6420	2	0.0016		False
Cluster_21686	2	0.0016		False
Cluster_3812	2	0.0016		False
Cluster_23176	2	0.0016		False
Cluster_20804	2	0.0016		False
Cluster_14413	2	0.0016		False
Cluster_15078	2	0.0016		False
Cluster_3665	2	0.0016		False
Cluster_1395	2	0.0016		False
Cluster_25823	2	0.0016		False
Cluster_15365	2	0.0016		False
Cluster_17146	2	0.0016		False
Cluster_11292	2	0.0016		False
Cluster_8208	2	0.0016		False
Cluster_5794	2	0.0016		False
Cluster_5223	2	0.0016		False
Cluster_21246	2	0.0016		False
Cluster_20025	2	0.0016		False
Cluster_22807	2	0.0016		False
Cluster_11336	2	0.0016		False
Cluster_17734	2	0.0016		False
Cluster_20778	2	0.0016		False
Cluster_19640	2	0.0016		False
Cluster_9433	2	0.0016		False
Cluster_15808	2	0.0016		False
Cluster_5497	2	0.0016		False
Cluster_1968	2	0.0016		False
Cluster_18415	2	0.0016		False
Cluster_20710	2	0.0016		False
Cluster_14639	2	0.0016		False
Cluster_25221	2	0.0016		False
Cluster_75	2	0.0016		False
Cluster_3116	2	0.0016		False
Cluster_10610	2	0.0016		False
Cluster_11081	2	0.0016		False
Cluster_12522	2	0.0016		False
Cluster_16271	2	0.0016		False
Cluster_5240	2	0.0016		False
Cluster_24539	2	0.0016		False
Cluster_7873	2	0.0016		False
Cluster_19848	2	0.0016		False
Cluster_608	2	0.0016		False
Cluster_19609	2	0.0016		False
Cluster_16191	2	0.0016		False
Cluster_7203	2	0.0016		False
Cluster_9535	2	0.0016		False
Cluster_9272	2	0.0016		False
Cluster_1394	2	0.0016		False
Cluster_16209	2	0.0016		False
Cluster_17857	2	0.0016		False
Cluster_25625	2	0.0016		False
Cluster_17737	2	0.0016		False
Cluster_12912	2	0.0016		False
Cluster_7644	2	0.0016		False
Cluster_4346	2	0.0016		False
Cluster_1246	2	0.0016		False
Cluster_14892	2	0.0016		False
Cluster_18823	2	0.0016		False
Cluster_11896	2	0.0016		False
Cluster_14427	2	0.0016		False
Cluster_21842	2	0.0016		False
Cluster_2530	2	0.0016		False
Cluster_13692	2	0.0016		False
Cluster_2708	2	0.0016		False
Cluster_22710	2	0.0016		False
Cluster_13134	2	0.0016		False
Cluster_14168	2	0.0016		False
Cluster_5069	2	0.0016		False
Cluster_1752	2	0.0016		False
Cluster_24849	2	0.0016		False
Cluster_2512	2	0.0016		False
Cluster_16414	2	0.0016		False
Cluster_7159	2	0.0016		False
Cluster_18625	2	0.0016		False
Cluster_1772	2	0.0016		False
Cluster_25682	2	0.0016		False
Cluster_6665	2	0.0016		False
Cluster_20235	2	0.0016		False
Cluster_1663	2	0.0016		False
Cluster_17519	2	0.0016		False
Cluster_24856	2	0.0016		False
Cluster_18549	2	0.0016		False
Cluster_8359	2	0.0016		False
Cluster_7003	2	0.0016		False
Cluster_8379	2	0.0016		False
Cluster_7645	2	0.0016		False
Cluster_7465	2	0.0016		False
Cluster_66	2	0.0016		False
Cluster_17679	2	0.0016		False
Cluster_21409	2	0.0016		False
Cluster_11300	2	0.0016		False
Cluster_16502	2	0.0016		False
Cluster_2683	2	0.0016		False
Cluster_9533	2	0.0016		False
Cluster_2638	2	0.0016		False
Cluster_21565	2	0.0016		False
Cluster_1893	2	0.0016		False
Cluster_5642	2	0.0016		False
Cluster_3969	2	0.0016		False
Cluster_13041	2	0.0016		False
Cluster_1037	2	0.0016		False
Cluster_20507	2	0.0016		False
Cluster_20428	2	0.0016		False
Cluster_9490	2	0.0016		False
Cluster_19630	2	0.0016		False
Cluster_12718	2	0.0016		False
Cluster_17117	2	0.0016		False
Cluster_24990	2	0.0016		False
Cluster_22641	2	0.0016		False
Cluster_6812	2	0.0016		False
Cluster_11261	2	0.0016		False
Cluster_25717	2	0.0016		False
Cluster_3420	2	0.0016		False
Cluster_2343	2	0.0016		False
Cluster_20061	2	0.0016		False
Cluster_24759	2	0.0016		False
Cluster_20869	2	0.0016		False
Cluster_24814	2	0.0016		False
Cluster_11652	2	0.0016		False
Cluster_10017	2	0.0016		False
Cluster_6394	2	0.0016		False
Cluster_14010	2	0.0016		False
Cluster_17816	2	0.0016		False
Cluster_12751	2	0.0016		False
Cluster_1198	2	0.0016		False
Cluster_21696	2	0.0016		False
Cluster_21239	2	0.0016		False
Cluster_9616	2	0.0016		False
Cluster_7854	2	0.0016		False
Cluster_15093	2	0.0016		False
Cluster_20793	2	0.0016		False
Cluster_7189	2	0.0016		False
Cluster_6312	2	0.0016		False
Cluster_7355	2	0.0016		False
Cluster_13018	2	0.0016		False
Cluster_13147	2	0.0016		False
Cluster_25488	2	0.0016		False
Cluster_4724	2	0.0016		False
Cluster_9164	2	0.0016		False
Cluster_19047	2	0.0016		False
Cluster_17205	2	0.0016		False
Cluster_15636	2	0.0016		False
Cluster_9082	2	0.0016		False
Cluster_20903	2	0.0016		False
Cluster_13070	2	0.0016		False
Cluster_13859	2	0.0016		False
Cluster_23874	2	0.0016		False
Cluster_16580	2	0.0016		False
Cluster_11377	2	0.0016		False
Cluster_22403	2	0.0016		False
Cluster_11382	2	0.0016		False
Cluster_19809	2	0.0016		False
Cluster_19273	2	0.0016		False
Cluster_11214	2	0.0016		False
Cluster_8721	2	0.0016		False
Cluster_9833	2	0.0016		False
Cluster_8824	2	0.0016		False
Cluster_18475	2	0.0016		False
Cluster_2925	2	0.0016		False
Cluster_1494	2	0.0016		False
Cluster_19193	2	0.0016		False
Cluster_18882	2	0.0016		False
Cluster_18321	2	0.0016		False
Cluster_20518	2	0.0016		False
Cluster_10878	2	0.0016		False
Cluster_25892	2	0.0016		False
Cluster_18296	2	0.0016		False
Cluster_8478	2	0.0016		False
Cluster_18617	2	0.0016		False
Cluster_12866	2	0.0016		False
Cluster_7210	2	0.0016		False
Cluster_21438	2	0.0016		False
Cluster_11026	2	0.0016		False
Cluster_20604	2	0.0016		False
Cluster_19963	2	0.0016		False
Cluster_4020	2	0.0016		False
Cluster_24915	2	0.0016		False
Cluster_23736	2	0.0016		False
Cluster_14839	2	0.0016		False
Cluster_24480	2	0.0016		False
Cluster_22895	2	0.0016		False
Cluster_25168	2	0.0016		False
Cluster_18299	2	0.0016		False
Cluster_6673	2	0.0016		False
Cluster_15849	2	0.0016		False
Cluster_6227	2	0.0016		False
Cluster_23536	2	0.0016		False
Cluster_13007	2	0.0016		False
Cluster_15221	2	0.0016		False
Cluster_12769	2	0.0016		False
Cluster_9878	2	0.0016		False
Cluster_8129	2	0.0016		False
Cluster_1845	2	0.0016		False
Cluster_25902	2	0.0016		False
Cluster_1218	2	0.0016		False
Cluster_4622	2	0.0016		False
Cluster_14242	2	0.0016		False
Cluster_3494	2	0.0016		False
Cluster_17287	2	0.0016		False
Cluster_23839	2	0.0016		False
Cluster_20912	2	0.0016		False
Cluster_227	2	0.0016		False
Cluster_1019	2	0.0016		False
Cluster_8995	2	0.0016		False
Cluster_340	2	0.0016		False
Cluster_25792	2	0.0016		False
Cluster_15500	2	0.0016		False
Cluster_2312	2	0.0016		False
Cluster_17125	2	0.0016		False
Cluster_21172	2	0.0016		False
Cluster_8534	2	0.0016		False
Cluster_21292	2	0.0016		False
Cluster_3654	2	0.0016		False
Cluster_6843	2	0.0016		False
Cluster_15823	2	0.0016		False
Cluster_25365	2	0.0016		False
Cluster_20000	2	0.0016		False
Cluster_14488	2	0.0016		False
Cluster_20056	2	0.0016		False
Cluster_13782	2	0.0016		False
Cluster_4113	2	0.0016		False
Cluster_6611	2	0.0016		False
Cluster_5552	2	0.0016		False
Cluster_7584	2	0.0016		False
Cluster_8163	2	0.0016		False
Cluster_2394	2	0.0016		False
Cluster_291	2	0.0016		False
Cluster_23980	2	0.0016		False
Cluster_4759	2	0.0016		False
Cluster_22731	2	0.0016		False
Cluster_14975	2	0.0016		False
Cluster_18066	2	0.0016		False
Cluster_3412	2	0.0016		False
Cluster_14252	2	0.0016		False
Cluster_22531	2	0.0016		False
Cluster_19169	2	0.0016		False
Cluster_7169	2	0.0016		False
Cluster_25577	2	0.0016		False
Cluster_7328	2	0.0016		False
Cluster_11467	2	0.0016		False
Cluster_22138	2	0.0016		False
Cluster_19638	2	0.0016		False
Cluster_2629	2	0.0016		False
Cluster_21282	2	0.0016		False
Cluster_24708	2	0.0016		False
Cluster_22870	2	0.0016		False
Cluster_25782	2	0.0016		False
Cluster_10631	2	0.0016		False
Cluster_5862	2	0.0016		False
Cluster_1018	2	0.0016		False
Cluster_17177	2	0.0016		False
Cluster_1219	2	0.0016		False
Cluster_22046	2	0.0016		False
Cluster_21563	2	0.0016		False
Cluster_18649	2	0.0016		False
Cluster_23814	2	0.0016		False
Cluster_23396	2	0.0016		False
Cluster_7454	2	0.0016		False
Cluster_14927	2	0.0016		False
Cluster_4778	2	0.0016		False
Cluster_14157	2	0.0016		False
Cluster_21967	2	0.0016		False
Cluster_10150	2	0.0016		False
Cluster_10291	2	0.0016		False
Cluster_73	2	0.0016		False
Cluster_6593	2	0.0016		False
Cluster_10235	2	0.0016		False
Cluster_7474	2	0.0016		False
Cluster_4827	2	0.0016		False
Cluster_412	2	0.0016		False
Cluster_1595	2	0.0016		False
Cluster_14849	2	0.0016		False
Cluster_4603	2	0.0016		False
Cluster_20731	2	0.0016		False
Cluster_25480	2	0.0016		False
Cluster_19110	2	0.0016		False
Cluster_17576	2	0.0016		False
Cluster_17161	2	0.0016		False
Cluster_3530	2	0.0016		False
Cluster_24010	2	0.0016		False
Cluster_21261	2	0.0016		False
Cluster_22014	2	0.0016		False
Cluster_25988	2	0.0016		False
Cluster_16306	2	0.0016		False
Cluster_10061	2	0.0016		False
Cluster_23849	2	0.0016		False
Cluster_9601	2	0.0016		False
Cluster_3219	2	0.0016		False
Cluster_23608	2	0.0016		False
Cluster_6958	2	0.0016		False
Cluster_19183	2	0.0016		False
Cluster_17654	2	0.0016		False
Cluster_15265	2	0.0016		False
Cluster_18427	2	0.0016		False
Cluster_7484	2	0.0016		False
Cluster_9920	2	0.0016		False
Cluster_3959	2	0.0016		False
Cluster_23859	2	0.0016		False
Cluster_25179	2	0.0016		False
Cluster_21356	2	0.0016		False
Cluster_4788	2	0.0016		False
Cluster_21799	2	0.0016		False
Cluster_6845	2	0.0016		False
Cluster_5472	2	0.0016		False
Cluster_21971	2	0.0016		False
Cluster_21120	2	0.0016		False
Cluster_19104	2	0.0016		False
Cluster_21665	2	0.0016		False
Cluster_15252	2	0.0016		False
Cluster_25101	2	0.0016		False
Cluster_13286	2	0.0016		False
Cluster_9649	2	0.0016		False
Cluster_23723	2	0.0016		False
Cluster_16126	2	0.0016		False
Cluster_20039	2	0.0016		False
Cluster_11965	2	0.0016		False
Cluster_5513	2	0.0016		False
Cluster_4263	2	0.0016		False
Cluster_13358	2	0.0016		False
Cluster_8450	2	0.0016		False
Cluster_5080	2	0.0016		False
Cluster_19964	2	0.0016		False
Cluster_22121	2	0.0016		False
Cluster_3574	2	0.0016		False
Cluster_8499	2	0.0016		False
Cluster_25961	2	0.0016		False
Cluster_16700	2	0.0016		False
Cluster_14590	2	0.0016		False
Cluster_16134	2	0.0016		False
Cluster_1584	2	0.0016		False
Cluster_14959	2	0.0016		False
Cluster_8690	2	0.0016		False
Cluster_22376	2	0.0016		False
Cluster_20697	2	0.0016		False
Cluster_20075	2	0.0016		False
Cluster_1168	2	0.0016		False
Cluster_23923	2	0.0016		False
Cluster_19194	2	0.0016		False
Cluster_6511	2	0.0016		False
Cluster_5567	2	0.0016		False
Cluster_24162	2	0.0016		False
Cluster_19886	2	0.0016		False
Cluster_9449	2	0.0016		False
Cluster_11811	2	0.0016		False
Cluster_21166	2	0.0016		False
Cluster_15461	2	0.0016		False
Cluster_22260	2	0.0016		False
Cluster_20684	2	0.0016		False
Cluster_7845	2	0.0016		False
Cluster_2373	2	0.0016		False
Cluster_14474	2	0.0016		False
Cluster_11224	2	0.0016		False
Cluster_23914	2	0.0016		False
Cluster_18181	2	0.0016		False
Cluster_6475	2	0.0016		False
Cluster_8598	2	0.0016		False
Cluster_24072	2	0.0016		False
Cluster_21611	2	0.0016		False
Cluster_20244	2	0.0016		False
Cluster_21963	2	0.0016		False
Cluster_24798	2	0.0016		False
Cluster_4182	2	0.0016		False
Cluster_22512	2	0.0016		False
Cluster_2838	2	0.0016		False
Cluster_24802	2	0.0016		False
Cluster_5571	2	0.0016		False
Cluster_23126	2	0.0016		False
Cluster_19789	2	0.0016		False
Cluster_9287	2	0.0016		False
Cluster_25888	2	0.0016		False
Cluster_2133	2	0.0016		False
Cluster_12894	2	0.0016		False
Cluster_23371	2	0.0016		False
Cluster_9042	2	0.0016		False
Cluster_16800	2	0.0016		False
Cluster_9370	2	0.0016		False
Cluster_16856	2	0.0016		False
Cluster_7101	2	0.0016		False
Cluster_9548	2	0.0016		False
Cluster_22478	2	0.0016		False
Cluster_11758	2	0.0016		False
Cluster_20828	2	0.0016		False
Cluster_19208	2	0.0016		False
Cluster_6777	2	0.0016		False
Cluster_17385	2	0.0016		False
Cluster_10279	2	0.0016		False
Cluster_7593	2	0.0016		False
Cluster_10199	2	0.0016		False
Cluster_25680	2	0.0016		False
Cluster_63	2	0.0016		False
Cluster_21079	2	0.0016		False
Cluster_11054	2	0.0016		False
Cluster_8705	2	0.0016		False
Cluster_15477	2	0.0016		False
Cluster_10803	2	0.0016		False
Cluster_24414	2	0.0016		False
Cluster_583	2	0.0016		False
Cluster_2948	2	0.0016		False
Cluster_15340	2	0.0016		False
Cluster_4422	2	0.0016		False
Cluster_9000	2	0.0016		False
Cluster_19799	2	0.0016		False
Cluster_12495	2	0.0016		False
Cluster_5765	2	0.0016		False
Cluster_21104	2	0.0016		False
Cluster_5250	2	0.0016		False
Cluster_18982	2	0.0016		False
Cluster_23824	2	0.0016		False
Cluster_22142	2	0.0016		False
Cluster_17460	2	0.0016		False
Cluster_12969	2	0.0016		False
Cluster_12897	2	0.0016		False
Cluster_484	2	0.0016		False
Cluster_11932	2	0.0016		False
Cluster_1538	2	0.0016		False
Cluster_21202	2	0.0016		False
Cluster_19796	2	0.0016		False
Cluster_24873	2	0.0016		False
Cluster_10268	2	0.0016		False
Cluster_25162	2	0.0016		False
Cluster_22931	2	0.0016		False
Cluster_1485	2	0.0016		False
Cluster_24815	2	0.0016		False
Cluster_19906	2	0.0016		False
Cluster_5216	2	0.0016		False
Cluster_19346	2	0.0016		False
Cluster_3695	2	0.0016		False
Cluster_12360	2	0.0016		False
Cluster_9776	2	0.0016		False
Cluster_21764	2	0.0016		False
Cluster_5861	2	0.0016		False
Cluster_12520	2	0.0016		False
Cluster_5764	2	0.0016		False
Cluster_18961	2	0.0016		False
Cluster_5691	2	0.0016		False
Cluster_11034	2	0.0016		False
Cluster_7512	2	0.0016		False
Cluster_22493	2	0.0016		False
Cluster_5986	2	0.0016		False
Cluster_17278	2	0.0016		False
Cluster_21830	2	0.0016		False
Cluster_10098	2	0.0016		False
Cluster_25072	2	0.0016		False
Cluster_25087	2	0.0016		False
Cluster_24982	2	0.0016		False
Cluster_7959	2	0.0016		False
Cluster_16473	2	0.0016		False
Cluster_6999	2	0.0016		False
Cluster_160	2	0.0016		False
Cluster_23364	2	0.0016		False
Cluster_16137	2	0.0016		False
Cluster_517	2	0.0016		False
Cluster_14615	2	0.0016		False
Cluster_20483	2	0.0016		False
Cluster_26066	2	0.0016		False
Cluster_18191	2	0.0016		False
Cluster_16119	2	0.0016		False
Cluster_3032	2	0.0016		False
Cluster_18	2	0.0016		False
Cluster_9668	2	0.0016		False
Cluster_19314	2	0.0016		False
Cluster_19411	2	0.0016		False
Cluster_13240	2	0.0016		False
Cluster_19184	2	0.0016		False
Cluster_25311	2	0.0016		False
Cluster_22805	2	0.0016		False
Cluster_465	2	0.0016		False
Cluster_15143	2	0.0016		False
Cluster_1612	2	0.0016		False
Cluster_6210	2	0.0016		False
Cluster_13961	2	0.0016		False
Cluster_18873	2	0.0016		False
Cluster_16839	2	0.0016		False
Cluster_13588	2	0.0016		False
Cluster_15009	2	0.0016		False
Cluster_20465	2	0.0016		False
Cluster_21407	2	0.0016		False
Cluster_12486	2	0.0016		False
Cluster_5812	2	0.0016		False
Cluster_10952	2	0.0016		False
Cluster_15616	2	0.0016		False
Cluster_13534	2	0.0016		False
Cluster_12373	2	0.0016		False
Cluster_20550	2	0.0016		False
Cluster_3921	2	0.0016		False
Cluster_530	2	0.0016		False
Cluster_11820	2	0.0016		False
Cluster_15637	2	0.0016		False
Cluster_16581	2	0.0016		False
Cluster_20999	2	0.0016		False
Cluster_22380	2	0.0016		False
Cluster_19056	2	0.0016		False
Cluster_10671	2	0.0016		False
Cluster_9531	2	0.0016		False
Cluster_14108	2	0.0016		False
Cluster_10848	2	0.0016		False
Cluster_8045	2	0.0016		False
Cluster_13560	2	0.0016		False
Cluster_10302	2	0.0016		False
Cluster_24397	2	0.0016		False
Cluster_2290	2	0.0016		False
Cluster_363	2	0.0016		False
Cluster_19841	2	0.0016		False
Cluster_23945	2	0.0016		False
Cluster_23634	2	0.0016		False
Cluster_23657	2	0.0016		False
Cluster_19229	2	0.0016		False
Cluster_3712	2	0.0016		False
Cluster_6509	2	0.0016		False
Cluster_15701	2	0.0016		False
Cluster_2105	2	0.0016		False
Cluster_13747	2	0.0016		False
Cluster_17488	2	0.0016		False
Cluster_11360	2	0.0016		False
Cluster_15935	2	0.0016		False
Cluster_25205	2	0.0016		False
Cluster_23108	2	0.0016		False
Cluster_15067	2	0.0016		False
Cluster_13397	2	0.0016		False
Cluster_1847	2	0.0016		False
Cluster_2826	2	0.0016		False
Cluster_20567	2	0.0016		False
Cluster_16322	2	0.0016		False
Cluster_17154	2	0.0016		False
Cluster_11431	2	0.0016		False
Cluster_11334	2	0.0016		False
Cluster_9293	2	0.0016		False
Cluster_8926	2	0.0016		False
Cluster_23981	2	0.0016		False
Cluster_19885	2	0.0016		False
Cluster_22730	2	0.0016		False
Cluster_25117	2	0.0016		False
Cluster_18384	2	0.0016		False
Cluster_4616	2	0.0016		False
Cluster_13943	2	0.0016		False
Cluster_14294	2	0.0016		False
Cluster_5445	2	0.0016		False
Cluster_16555	2	0.0016		False
Cluster_9142	2	0.0016		False
Cluster_8666	2	0.0016		False
Cluster_18123	2	0.0016		False
Cluster_18212	2	0.0016		False
Cluster_601	2	0.0016		False
Cluster_13387	2	0.0016		False
Cluster_7477	2	0.0016		False
Cluster_19148	2	0.0016		False
Cluster_22648	2	0.0016		False
Cluster_1	2	0.0016		False
Cluster_946	2	0.0016		False
Cluster_13744	2	0.0016		False
Cluster_13679	2	0.0016		False
Cluster_7739	2	0.0016		False
Cluster_6891	2	0.0016		False
Cluster_14637	2	0.0016		False
Cluster_23576	2	0.0016		False
Cluster_11319	2	0.0016		False
Cluster_14203	2	0.0016		False
Cluster_25757	2	0.0016		False
Cluster_10057	2	0.0016		False
Cluster_13048	2	0.0016		False
Cluster_7871	2	0.0016		False
Cluster_18139	2	0.0016		False
Cluster_13601	2	0.0016		False
Cluster_2692	2	0.0016		False
Cluster_18435	2	0.0016		False
Cluster_17523	2	0.0016		False
Cluster_19111	2	0.0016		False
Cluster_22806	2	0.0016		False
Cluster_10047	2	0.0016		False
Cluster_7966	2	0.0016		False
Cluster_16207	2	0.0016		False
Cluster_18136	2	0.0016		False
Cluster_7048	2	0.0016		False
Cluster_508	2	0.0016		False
Cluster_17714	2	0.0016		False
Cluster_13554	2	0.0016		False
Cluster_19822	2	0.0016		False
Cluster_7626	2	0.0016		False
Cluster_18372	2	0.0016		False
Cluster_18744	2	0.0016		False
Cluster_10932	2	0.0016		False
Cluster_22076	2	0.0016		False
Cluster_13819	2	0.0016		False
Cluster_13205	2	0.0016		False
Cluster_5893	2	0.0016		False
Cluster_21301	2	0.0016		False
Cluster_15868	2	0.0016		False
Cluster_743	2	0.0016		False
Cluster_24676	2	0.0016		False
Cluster_21941	2	0.0016		False
Cluster_17549	2	0.0016		False
Cluster_1202	2	0.0016		False
Cluster_7813	2	0.0016		False
Cluster_16979	2	0.0016		False
Cluster_24058	2	0.0016		False
Cluster_9769	2	0.0016		False
Cluster_9212	2	0.0016		False
Cluster_10060	2	0.0016		False
Cluster_10227	2	0.0016		False
Cluster_17756	2	0.0016		False
Cluster_15945	2	0.0016		False
Cluster_12019	2	0.0016		False
Cluster_22166	2	0.0016		False
Cluster_6024	2	0.0016		False
Cluster_4912	2	0.0016		False
Cluster_7367	2	0.0016		False
Cluster_25857	2	0.0016		False
Cluster_12224	2	0.0016		False
Cluster_9952	2	0.0016		False
Cluster_5420	2	0.0016		False
Cluster_15955	2	0.0016		False
Cluster_24744	2	0.0016		False
Cluster_8831	2	0.0016		False
Cluster_16188	2	0.0016		False
Cluster_16370	2	0.0016		False
Cluster_11587	2	0.0016		False
Cluster_16454	2	0.0016		False
Cluster_17546	2	0.0016		False
Cluster_20986	2	0.0016		False
Cluster_3382	2	0.0016		False
Cluster_19722	2	0.0016		False
Cluster_14576	2	0.0016		False
Cluster_18737	2	0.0016		False
Cluster_7313	2	0.0016		False
Cluster_16063	2	0.0016		False
Cluster_2278	2	0.0016		False
Cluster_4868	2	0.0016		False
Cluster_23879	2	0.0016		False
Cluster_2258	2	0.0016		False
Cluster_9177	2	0.0016		False
Cluster_8437	2	0.0016		False
Cluster_17232	2	0.0016		False
Cluster_5969	2	0.0016		False
Cluster_8818	2	0.0016		False
Cluster_1248	2	0.0016		False
Cluster_4214	2	0.0016		False
Cluster_25366	2	0.0016		False
Cluster_4348	2	0.0016		False
Cluster_16501	2	0.0016		False
Cluster_21604	2	0.0016		False
Cluster_14735	2	0.0016		False
Cluster_21885	2	0.0016		False
Cluster_21335	2	0.0016		False
Cluster_25526	2	0.0016		False
Cluster_17602	2	0.0016		False
Cluster_19142	2	0.0016		False
Cluster_24113	2	0.0016		False
Cluster_24231	2	0.0016		False
Cluster_6813	2	0.0016		False
Cluster_9805	2	0.0016		False
Cluster_15322	2	0.0016		False
Cluster_15434	2	0.0016		False
Cluster_643	2	0.0016		False
Cluster_15331	2	0.0016		False
Cluster_5383	2	0.0016		False
Cluster_10377	2	0.0016		False
Cluster_6641	2	0.0016		False
Cluster_13733	2	0.0016		False
Cluster_1500	2	0.0016		False
Cluster_16654	2	0.0016		False
Cluster_9305	2	0.0016		False
Cluster_17590	2	0.0016		False
Cluster_24479	2	0.0016		False
Cluster_19152	2	0.0016		False
Cluster_1905	2	0.0016		False
Cluster_6313	2	0.0016		False
Cluster_12450	2	0.0016		False
Cluster_4143	2	0.0016		False
Cluster_23099	2	0.0016		False
Cluster_22596	2	0.0016		False
Cluster_22863	2	0.0016		False
Cluster_5949	2	0.0016		False
Cluster_24635	2	0.0016		False
Cluster_3608	2	0.0016		False
Cluster_25645	2	0.0016		False
Cluster_21518	2	0.0016		False
Cluster_20055	2	0.0016		False
Cluster_22300	2	0.0016		False
Cluster_15626	2	0.0016		False
Cluster_8265	2	0.0016		False
Cluster_17340	2	0.0016		False
Cluster_21785	2	0.0016		False
Cluster_21243	2	0.0016		False
Cluster_14385	2	0.0016		False
Cluster_3561	2	0.0016		False
Cluster_4498	2	0.0016		False
Cluster_8405	2	0.0016		False
Cluster_12911	2	0.0016		False
Cluster_25285	2	0.0016		False
Cluster_7508	2	0.0016		False
Cluster_3815	2	0.0016		False
Cluster_4580	2	0.0016		False
Cluster_6542	2	0.0016		False
Cluster_12128	2	0.0016		False
Cluster_55	2	0.0016		False
Cluster_21841	2	0.0016		False
Cluster_8017	2	0.0016		False
Cluster_3783	2	0.0016		False
Cluster_23979	2	0.0016		False
Cluster_17890	2	0.0016		False
Cluster_10361	2	0.0016		False
Cluster_19528	2	0.0016		False
Cluster_15210	2	0.0016		False
Cluster_18944	2	0.0016		False
Cluster_22314	2	0.0016		False
Cluster_2513	2	0.0016		False
Cluster_1442	2	0.0016		False
Cluster_1557	2	0.0016		False
Cluster_3001	2	0.0016		False
Cluster_6966	2	0.0016		False
Cluster_25947	2	0.0016		False
Cluster_23901	2	0.0016		False
Cluster_25307	2	0.0016		False
Cluster_15198	2	0.0016		False
Cluster_18479	2	0.0016		False
Cluster_865	2	0.0016		False
Cluster_1577	2	0.0016		False
Cluster_22458	2	0.0016		False
Cluster_21000	2	0.0016		False
Cluster_11578	2	0.0016		False
Cluster_20292	2	0.0016		False
Cluster_23210	2	0.0016		False
Cluster_13681	2	0.0016		False
Cluster_19234	2	0.0016		False
Cluster_4679	2	0.0016		False
Cluster_5464	2	0.0016		False
Cluster_13829	2	0.0016		False
Cluster_18543	2	0.0016		False
Cluster_6814	2	0.0016		False
Cluster_14089	2	0.0016		False
Cluster_25222	2	0.0016		False
Cluster_4145	2	0.0016		False
Cluster_6815	2	0.0016		False
Cluster_2280	2	0.0016		False
Cluster_18947	2	0.0016		False
Cluster_19404	2	0.0016		False
Cluster_24729	2	0.0016		False
Cluster_3774	2	0.0016		False
Cluster_10948	2	0.0016		False
Cluster_12464	2	0.0016		False
Cluster_11405	2	0.0016		False
Cluster_16192	2	0.0016		False
Cluster_15370	2	0.0016		False
Cluster_25479	2	0.0016		False
Cluster_12721	2	0.0016		False
Cluster_22225	2	0.0016		False
Cluster_5003	2	0.0016		False
Cluster_19379	2	0.0016		False
Cluster_17936	2	0.0016		False
Cluster_20563	2	0.0016		False
Cluster_12053	2	0.0016		False
Cluster_9253	2	0.0016		False
Cluster_18681	2	0.0016		False
Cluster_215	2	0.0016		False
Cluster_8028	2	0.0016		False
Cluster_19712	2	0.0016		False
Cluster_17211	2	0.0016		False
Cluster_22045	2	0.0016		False
Cluster_24957	2	0.0016		False
Cluster_20950	2	0.0016		False
Cluster_22438	2	0.0016		False
Cluster_4689	2	0.0016		False
Cluster_9951	2	0.0016		False
Cluster_2764	2	0.0016		False
Cluster_23626	2	0.0016		False
Cluster_3785	2	0.0016		False
Cluster_20349	2	0.0016		False
Cluster_4349	2	0.0016		False
Cluster_14210	2	0.0016		False
Cluster_21403	2	0.0016		False
Cluster_8810	2	0.0016		False
Cluster_10542	2	0.0016		False
Cluster_3400	2	0.0016		False
Cluster_15096	2	0.0016		False
Cluster_3118	2	0.0016		False
Cluster_529	2	0.0016		False
Cluster_18934	2	0.0016		False
Cluster_1477	2	0.0016		False
Cluster_5066	2	0.0016		False
Cluster_4092	2	0.0016		False
Cluster_5204	2	0.0016		False
Cluster_23331	2	0.0016		False
Cluster_23881	2	0.0016		False
Cluster_26114	2	0.0016		False
Cluster_1739	2	0.0016		False
Cluster_12112	2	0.0016		False
Cluster_10409	2	0.0016		False
Cluster_17580	2	0.0016		False
Cluster_10392	2	0.0016		False
Cluster_24947	2	0.0016		False
Cluster_17920	2	0.0016		False
Cluster_25867	2	0.0016		False
Cluster_26081	2	0.0016		False
Cluster_3440	2	0.0016		False
Cluster_21191	2	0.0016		False
Cluster_22926	2	0.0016		False
Cluster_15640	2	0.0016		False
Cluster_6183	2	0.0016		False
Cluster_4290	2	0.0016		False
Cluster_19792	2	0.0016		False
Cluster_24375	2	0.0016		False
Cluster_1359	2	0.0016		False
Cluster_13830	2	0.0016		False
Cluster_17893	2	0.0016		False
Cluster_14388	2	0.0016		False
Cluster_805	2	0.0016		False
Cluster_7668	2	0.0016		False
Cluster_14838	2	0.0016		False
Cluster_4919	2	0.0016		False
Cluster_21788	2	0.0016		False
Cluster_2607	2	0.0016		False
Cluster_1859	2	0.0016		False
Cluster_22038	2	0.0016		False
Cluster_12272	2	0.0016		False
Cluster_18110	2	0.0016		False
Cluster_16732	2	0.0016		False
Cluster_16259	2	0.0016		False
Cluster_10006	2	0.0016		False
Cluster_151	2	0.0016		False
Cluster_4667	2	0.0016		False
Cluster_4552	2	0.0016		False
Cluster_1731	2	0.0016		False
Cluster_4235	2	0.0016		False
Cluster_22146	2	0.0016		False
Cluster_16532	2	0.0016		False
Cluster_3139	2	0.0016		False
Cluster_16521	2	0.0016		False
Cluster_14118	2	0.0016		False
Cluster_17903	2	0.0016		False
Cluster_7964	2	0.0016		False
Cluster_20754	2	0.0016		False
Cluster_12647	2	0.0016		False
Cluster_3334	2	0.0016		False
Cluster_1440	2	0.0016		False
Cluster_23932	2	0.0016		False
Cluster_11133	2	0.0016		False
Cluster_15054	2	0.0016		False
Cluster_7193	2	0.0016		False
Cluster_22860	2	0.0016		False
Cluster_8606	2	0.0016		False
Cluster_8393	2	0.0016		False
Cluster_4491	2	0.0016		False
Cluster_15758	2	0.0016		False
Cluster_25193	2	0.0016		False
Cluster_4289	2	0.0016		False
Cluster_9148	2	0.0016		False
Cluster_19708	2	0.0016		False
Cluster_7087	2	0.0016		False
Cluster_12981	2	0.0016		False
Cluster_25809	2	0.0016		False
Cluster_20491	2	0.0016		False
Cluster_2699	2	0.0016		False
Cluster_18104	2	0.0016		False
Cluster_12443	2	0.0016		False
Cluster_10161	2	0.0016		False
Cluster_6569	2	0.0016		False
Cluster_3879	2	0.0016		False
Cluster_23057	2	0.0016		False
Cluster_9820	2	0.0016		False
Cluster_20435	2	0.0016		False
Cluster_17997	2	0.0016		False
Cluster_14034	2	0.0016		False
Cluster_3731	2	0.0016		False
Cluster_10654	2	0.0016		False
Cluster_25107	2	0.0016		False
Cluster_7899	2	0.0016		False
Cluster_12779	2	0.0016		False
Cluster_24750	2	0.0016		False
Cluster_3945	2	0.0016		False
Cluster_12579	2	0.0016		False
Cluster_3041	2	0.0016		False
Cluster_6335	2	0.0016		False
Cluster_19296	2	0.0016		False
Cluster_7870	2	0.0016		False
Cluster_14275	2	0.0016		False
Cluster_13840	2	0.0016		False
Cluster_5243	2	0.0016		False
Cluster_18079	2	0.0016		False
Cluster_16033	2	0.0016		False
Cluster_6731	2	0.0016		False
Cluster_19882	2	0.0016		False
Cluster_14213	2	0.0016		False
Cluster_9675	2	0.0016		False
Cluster_24709	2	0.0016		False
Cluster_23511	2	0.0016		False
Cluster_18806	2	0.0016		False
Cluster_6334	2	0.0016		False
Cluster_13327	2	0.0016		False
Cluster_3173	2	0.0016		False
Cluster_14942	2	0.0016		False
Cluster_8237	2	0.0016		False
Cluster_14016	2	0.0016		False
Cluster_12776	2	0.0016		False
Cluster_5446	2	0.0016		False
Cluster_16450	2	0.0016		False
Cluster_9494	2	0.0016		False
Cluster_22372	2	0.0016		False
Cluster_13648	2	0.0016		False
Cluster_774	2	0.0016		False
Cluster_22387	2	0.0016		False
Cluster_6379	2	0.0016		False
Cluster_24540	2	0.0016		False
Cluster_19636	2	0.0016		False
Cluster_20481	2	0.0016		False
Cluster_6185	2	0.0016		False
Cluster_4452	2	0.0016		False
Cluster_20384	2	0.0016		False
Cluster_20834	2	0.0016		False
Cluster_6601	2	0.0016		False
Cluster_16128	2	0.0016		False
Cluster_20760	2	0.0016		False
Cluster_24327	2	0.0016		False
Cluster_4278	2	0.0016		False
Cluster_290	2	0.0016		False
Cluster_18509	2	0.0016		False
Cluster_3333	2	0.0016		False
Cluster_6943	2	0.0016		False
Cluster_5896	2	0.0016		False
Cluster_1796	2	0.0016		False
Cluster_23965	2	0.0016		False
Cluster_2236	2	0.0016		False
Cluster_7880	2	0.0016		False
Cluster_14758	2	0.0016		False
Cluster_231	2	0.0016		False
Cluster_13452	2	0.0016		False
Cluster_13740	2	0.0016		False
Cluster_24193	2	0.0016		False
Cluster_557	2	0.0016		False
Cluster_6660	2	0.0016		False
Cluster_7917	2	0.0016		False
Cluster_12182	2	0.0016		False
Cluster_24076	2	0.0016		False
Cluster_23275	2	0.0016		False
Cluster_10192	2	0.0016		False
Cluster_2091	2	0.0016		False
Cluster_1727	2	0.0016		False
Cluster_2579	2	0.0016		False
Cluster_17025	2	0.0016		False
Cluster_5758	2	0.0016		False
Cluster_25986	2	0.0016		False
Cluster_25298	2	0.0016		False
Cluster_23195	2	0.0016		False
Cluster_11923	2	0.0016		False
Cluster_17685	2	0.0016		False
Cluster_22844	2	0.0016		False
Cluster_11153	2	0.0016		False
Cluster_6257	2	0.0016		False
Cluster_2292	2	0.0016		False
Cluster_10331	2	0.0016		False
Cluster_18799	2	0.0016		False
Cluster_610	2	0.0016		False
Cluster_10395	2	0.0016		False
Cluster_18599	2	0.0016		False
Cluster_3786	2	0.0016		False
Cluster_10545	2	0.0016		False
Cluster_16463	2	0.0016		False
Cluster_5900	2	0.0016		False
Cluster_12099	2	0.0016		False
Cluster_6963	2	0.0016		False
Cluster_5064	2	0.0016		False
Cluster_7601	2	0.0016		False
Cluster_23552	2	0.0016		False
Cluster_6669	2	0.0016		False
Cluster_7226	2	0.0016		False
Cluster_15112	2	0.0016		False
Cluster_11147	2	0.0016		False
Cluster_2071	2	0.0016		False
Cluster_21892	2	0.0016		False
Cluster_5504	2	0.0016		False
Cluster_23752	2	0.0016		False
Cluster_6640	2	0.0016		False
Cluster_25586	2	0.0016		False
Cluster_21998	2	0.0016		False
Cluster_11363	2	0.0016		False
Cluster_361	2	0.0016		False
Cluster_16667	2	0.0016		False
Cluster_21427	2	0.0016		False
Cluster_8375	2	0.0016		False
Cluster_18940	2	0.0016		False
Cluster_18300	2	0.0016		False
Cluster_14842	2	0.0016		False
Cluster_2955	2	0.0016		False
Cluster_8355	2	0.0016		False
Cluster_13665	2	0.0016		False
Cluster_15382	2	0.0016		False
Cluster_14406	2	0.0016		False
Cluster_17418	2	0.0016		False
Cluster_19613	2	0.0016		False
Cluster_751	2	0.0016		False
Cluster_50	2	0.0016		False
Cluster_7209	2	0.0016		False
Cluster_16640	2	0.0016		False
Cluster_22175	2	0.0016		False
Cluster_21352	2	0.0016		False
Cluster_18091	2	0.0016		False
Cluster_5977	2	0.0016		False
Cluster_25632	2	0.0016		False
Cluster_3756	2	0.0016		False
Cluster_9169	2	0.0016		False
Cluster_21600	2	0.0016		False
Cluster_13282	2	0.0016		False
Cluster_11692	2	0.0016		False
Cluster_23948	2	0.0016		False
Cluster_24971	2	0.0016		False
Cluster_21646	2	0.0016		False
Cluster_4513	2	0.0016		False
Cluster_17787	2	0.0016		False
Cluster_9474	2	0.0016		False
Cluster_21725	2	0.0016		False
Cluster_17344	2	0.0016		False
Cluster_16302	2	0.0016		False
Cluster_14325	2	0.0016		False
Cluster_25187	2	0.0016		False
Cluster_21792	2	0.0016		False
Cluster_9454	2	0.0016		False
Cluster_161	2	0.0016		False
Cluster_13967	2	0.0016		False
Cluster_5386	2	0.0016		False
Cluster_6548	2	0.0016		False
Cluster_19436	2	0.0016		False
Cluster_12351	2	0.0016		False
Cluster_8385	2	0.0016		False
Cluster_3000	2	0.0016		False
Cluster_21342	2	0.0016		False
Cluster_19209	2	0.0016		False
Cluster_21480	2	0.0016		False
Cluster_19802	2	0.0016		False
Cluster_12968	2	0.0016		False
Cluster_11022	2	0.0016		False
Cluster_15958	2	0.0016		False
Cluster_13225	2	0.0016		False
Cluster_23200	2	0.0016		False
Cluster_6624	2	0.0016		False
Cluster_2635	2	0.0016		False
Cluster_4728	2	0.0016		False
Cluster_3816	2	0.0016		False
Cluster_12845	2	0.0016		False
Cluster_18889	2	0.0016		False
Cluster_13194	2	0.0016		False
Cluster_25899	2	0.0016		False
Cluster_20383	2	0.0016		False
Cluster_7262	2	0.0016		False
Cluster_12653	2	0.0016		False
Cluster_22127	2	0.0016		False
Cluster_3370	2	0.0016		False
Cluster_10591	2	0.0016		False
Cluster_6964	2	0.0016		False
Cluster_3870	2	0.0016		False
Cluster_3042	2	0.0016		False
Cluster_22307	2	0.0016		False
Cluster_6776	2	0.0016		False
Cluster_6732	2	0.0016		False
Cluster_17347	2	0.0016		False
Cluster_5503	2	0.0016		False
Cluster_13081	2	0.0016		False
Cluster_15948	2	0.0016		False
Cluster_19181	2	0.0016		False
Cluster_14029	2	0.0016		False
Cluster_7378	2	0.0016		False
Cluster_12210	2	0.0016		False
Cluster_2450	2	0.0016		False
Cluster_14832	2	0.0016		False
Cluster_17797	2	0.0016		False
Cluster_14689	2	0.0016		False
Cluster_6398	2	0.0016		False
Cluster_5707	2	0.0016		False
Cluster_1130	2	0.0016		False
Cluster_21582	2	0.0016		False
Cluster_2659	2	0.0016		False
Cluster_6625	2	0.0016		False
Cluster_5191	2	0.0016		False
Cluster_24621	2	0.0016		False
Cluster_4137	2	0.0016		False
Cluster_10293	2	0.0016		False
Cluster_12762	2	0.0016		False
Cluster_7888	2	0.0016		False
Cluster_6057	2	0.0016		False
Cluster_12629	2	0.0016		False
Cluster_19702	2	0.0016		False
Cluster_21101	2	0.0016		False
Cluster_20052	2	0.0016		False
Cluster_8901	2	0.0016		False
Cluster_8383	2	0.0016		False
Cluster_23377	2	0.0016		False
Cluster_4250	2	0.0016		False
Cluster_11488	2	0.0016		False
Cluster_8564	2	0.0016		False
Cluster_1350	2	0.0016		False
Cluster_25599	2	0.0016		False
Cluster_9950	2	0.0016		False
Cluster_18789	2	0.0016		False
Cluster_8792	2	0.0016		False
Cluster_24964	2	0.0016		False
Cluster_14246	2	0.0016		False
Cluster_24336	2	0.0016		False
Cluster_16921	2	0.0016		False
Cluster_22934	2	0.0016		False
Cluster_20378	2	0.0016		False
Cluster_12204	2	0.0016		False
Cluster_11265	2	0.0016		False
Cluster_8811	2	0.0016		False
Cluster_7648	2	0.0016		False
Cluster_568	2	0.0016		False
Cluster_19264	2	0.0016		False
Cluster_15699	2	0.0016		False
Cluster_25863	2	0.0016		False
Cluster_24187	2	0.0016		False
Cluster_14521	2	0.0016		False
Cluster_22270	2	0.0016		False
Cluster_6602	2	0.0016		False
Cluster_22729	2	0.0016		False
Cluster_25359	2	0.0016		False
Cluster_15374	2	0.0016		False
Cluster_18055	2	0.0016		False
Cluster_21176	2	0.0016		False
Cluster_4647	2	0.0016		False
Cluster_6668	2	0.0016		False
Cluster_14464	2	0.0016		False
Cluster_9462	2	0.0016		False
Cluster_19754	2	0.0016		False
Cluster_2789	2	0.0016		False
Cluster_10018	2	0.0016		False
Cluster_2171	2	0.0016		False
Cluster_15255	2	0.0016		False
Cluster_1431	2	0.0016		False
Cluster_25718	2	0.0016		False
Cluster_4116	2	0.0016		False
Cluster_13484	2	0.0016		False
Cluster_24355	2	0.0016		False
Cluster_22007	2	0.0016		False
Cluster_12536	2	0.0016		False
Cluster_7486	2	0.0016		False
Cluster_17047	2	0.0016		False
Cluster_13233	2	0.0016		False
Cluster_10514	2	0.0016		False
Cluster_20427	2	0.0016		False
Cluster_22639	2	0.0016		False
Cluster_385	2	0.0016		False
Cluster_19139	2	0.0016		False
Cluster_25014	2	0.0016		False
Cluster_15641	2	0.0016		False
Cluster_13607	2	0.0016		False
Cluster_3936	2	0.0016		False
Cluster_22332	2	0.0016		False
Cluster_16422	2	0.0016		False
Cluster_25751	2	0.0016		False
Cluster_16334	2	0.0016		False
Cluster_1837	2	0.0016		False
Cluster_14631	2	0.0016		False
Cluster_17290	2	0.0016		False
Cluster_656	2	0.0016		False
Cluster_10608	2	0.0016		False
Cluster_22101	2	0.0016		False
Cluster_22617	2	0.0016		False
Cluster_19117	2	0.0016		False
Cluster_18607	2	0.0016		False
Cluster_24669	2	0.0016		False
Cluster_19435	2	0.0016		False
Cluster_13148	2	0.0016		False
Cluster_6846	2	0.0016		False
Cluster_5435	2	0.0016		False
Cluster_3769	2	0.0016		False
Cluster_14920	2	0.0016		False
Cluster_12488	2	0.0016		False
Cluster_21526	2	0.0016		False
Cluster_14291	2	0.0016		False
Cluster_18822	2	0.0016		False
Cluster_9	2	0.0016		False
Cluster_21726	2	0.0016		False
Cluster_17034	2	0.0016		False
Cluster_1177	2	0.0016		False
Cluster_13722	2	0.0016		False
Cluster_2818	2	0.0016		False
Cluster_15804	2	0.0016		False
Cluster_12415	2	0.0016		False
Cluster_11855	2	0.0016		False
Cluster_14428	2	0.0016		False
Cluster_15578	2	0.0016		False
Cluster_430	2	0.0016		False
Cluster_21468	2	0.0016		False
Cluster_3431	2	0.0016		False
Cluster_16797	2	0.0016		False
Cluster_14353	2	0.0016		False
Cluster_7085	2	0.0016		False
Cluster_2779	2	0.0016		False
Cluster_13795	2	0.0016		False
Cluster_11643	2	0.0016		False
Cluster_19854	2	0.0016		False
Cluster_2245	2	0.0016		False
Cluster_10814	2	0.0016		False
Cluster_4895	2	0.0016		False
Cluster_16347	2	0.0016		False
Cluster_23150	2	0.0016		False
Cluster_5680	2	0.0016		False
Cluster_23291	2	0.0016		False
Cluster_8808	2	0.0016		False
Cluster_1294	2	0.0016		False
Cluster_1952	2	0.0016		False
Cluster_21021	2	0.0016		False
Cluster_4394	2	0.0016		False
Cluster_23326	2	0.0016		False
Cluster_20902	2	0.0016		False
Cluster_4894	2	0.0016		False
Cluster_4791	2	0.0016		False
Cluster_26024	2	0.0016		False
Cluster_10674	2	0.0016		False
Cluster_23807	2	0.0016		False
Cluster_19516	2	0.0016		False
Cluster_9040	2	0.0016		False
Cluster_24381	2	0.0016		False
Cluster_18669	2	0.0016		False
Cluster_8035	2	0.0016		False
Cluster_8482	2	0.0016		False
Cluster_8918	2	0.0016		False
Cluster_5869	2	0.0016		False
Cluster_14343	2	0.0016		False
Cluster_6293	2	0.0016		False
Cluster_10085	2	0.0016		False
Cluster_24111	2	0.0016		False
Cluster_17060	2	0.0016		False
Cluster_5840	2	0.0016		False
Cluster_23622	2	0.0016		False
Cluster_15883	2	0.0016		False
Cluster_7627	2	0.0016		False
Cluster_10556	2	0.0016		False
Cluster_24497	2	0.0016		False
Cluster_10402	2	0.0016		False
Cluster_18870	2	0.0016		False
Cluster_7285	2	0.0016		False
Cluster_19760	2	0.0016		False
Cluster_24718	2	0.0016		False
Cluster_24683	2	0.0016		False
Cluster_19320	2	0.0016		False
Cluster_8234	2	0.0016		False
Cluster_638	2	0.0016		False
Cluster_25355	2	0.0016		False
Cluster_4736	2	0.0016		False
Cluster_3419	2	0.0016		False
Cluster_2045	2	0.0016		False
Cluster_257	2	0.0016		False
Cluster_8078	2	0.0016		False
Cluster_17037	2	0.0016		False
Cluster_10473	2	0.0016		False
Cluster_8809	2	0.0016		False
Cluster_792	2	0.0016		False
Cluster_15622	2	0.0016		False
Cluster_5117	2	0.0016		False
Cluster_21479	2	0.0016		False
Cluster_22649	2	0.0016		False
Cluster_11454	2	0.0016		False
Cluster_9497	2	0.0016		False
Cluster_14008	2	0.0016		False
Cluster_4663	2	0.0016		False
Cluster_1030	2	0.0016		False
Cluster_8841	2	0.0016		False
Cluster_4969	2	0.0016		False
Cluster_20480	2	0.0016		False
Cluster_24487	2	0.0016		False
Cluster_17195	2	0.0016		False
Cluster_25531	2	0.0016		False
Cluster_13818	2	0.0016		False
Cluster_23092	2	0.0016		False
Cluster_17131	2	0.0016		False
Cluster_23804	2	0.0016		False
Cluster_8919	2	0.0016		False
Cluster_1686	2	0.0016		False
Cluster_13138	2	0.0016		False
Cluster_17496	2	0.0016		False
Cluster_15326	2	0.0016		False
Cluster_10119	2	0.0016		False
Cluster_8552	2	0.0016		False
Cluster_14618	2	0.0016		False
Cluster_17606	2	0.0016		False
Cluster_11266	2	0.0016		False
Cluster_2909	2	0.0016		False
Cluster_9002	2	0.0016		False
Cluster_22646	2	0.0016		False
Cluster_2446	2	0.0016		False
Cluster_16002	2	0.0016		False
Cluster_24253	2	0.0016		False
Cluster_7914	2	0.0016		False
Cluster_17280	2	0.0016		False
Cluster_21180	2	0.0016		False
Cluster_18229	2	0.0016		False
Cluster_15428	2	0.0016		False
Cluster_16872	2	0.0016		False
Cluster_21310	2	0.0016		False
Cluster_5325	2	0.0016		False
Cluster_15997	2	0.0016		False
Cluster_20176	2	0.0016		False
Cluster_11096	2	0.0016		False
Cluster_5698	2	0.0016		False
Cluster_1293	2	0.0016		False
Cluster_8326	2	0.0016		False
Cluster_9600	2	0.0016		False
Cluster_24851	2	0.0016		False
Cluster_2220	2	0.0016		False
Cluster_20424	2	0.0016		False
Cluster_4393	2	0.0016		False
Cluster_20332	2	0.0016		False
Cluster_23972	2	0.0016		False
Cluster_15593	2	0.0016		False
Cluster_25484	2	0.0016		False
Cluster_16612	2	0.0016		False
Cluster_6157	2	0.0016		False
Cluster_3768	2	0.0016		False
Cluster_16319	2	0.0016		False
Cluster_17463	2	0.0016		False
Cluster_620	2	0.0016		False
Cluster_14883	2	0.0016		False
Cluster_20299	2	0.0016		False
Cluster_914	2	0.0016		False
Cluster_10154	2	0.0016		False
Cluster_13014	2	0.0016		False
Cluster_11891	2	0.0016		False
Cluster_13379	2	0.0016		False
Cluster_15628	2	0.0016		False
Cluster_23451	2	0.0016		False
Cluster_1253	2	0.0016		False
Cluster_13672	2	0.0016		False
Cluster_817	2	0.0016		False
Cluster_737	2	0.0016		False
Cluster_19743	2	0.0016		False
Cluster_13941	2	0.0016		False
Cluster_6749	2	0.0016		False
Cluster_19826	2	0.0016		False
Cluster_14337	2	0.0016		False
Cluster_8857	2	0.0016		False
Cluster_7596	2	0.0016		False
Cluster_12923	2	0.0016		False
Cluster_3211	2	0.0016		False
Cluster_4203	2	0.0016		False
Cluster_10364	2	0.0016		False
Cluster_4528	2	0.0016		False
Cluster_18404	2	0.0016		False
Cluster_6992	2	0.0016		False
Cluster_10461	2	0.0016		False
Cluster_17911	2	0.0016		False
Cluster_3951	2	0.0016		False
Cluster_25684	2	0.0016		False
Cluster_23787	2	0.0016		False
Cluster_9461	2	0.0016		False
Cluster_17852	2	0.0016		False
Cluster_19681	2	0.0016		False
Cluster_13918	2	0.0016		False
Cluster_23904	2	0.0016		False
Cluster_3075	2	0.0016		False
Cluster_16333	2	0.0016		False
Cluster_10713	2	0.0016		False
Cluster_5051	2	0.0016		False
Cluster_20982	2	0.0016		False
Cluster_21491	2	0.0016		False
Cluster_18512	2	0.0016		False
Cluster_9739	2	0.0016		False
Cluster_21601	2	0.0016		False
Cluster_11776	2	0.0016		False
Cluster_21048	2	0.0016		False
Cluster_16704	2	0.0016		False
Cluster_17742	2	0.0016		False
Cluster_3162	2	0.0016		False
Cluster_12959	2	0.0016		False
Cluster_14594	2	0.0016		False
Cluster_8361	2	0.0016		False
Cluster_4715	2	0.0016		False
Cluster_12012	2	0.0016		False
Cluster_16008	2	0.0016		False
Cluster_17765	2	0.0016		False
Cluster_8413	2	0.0016		False
Cluster_666	2	0.0016		False
Cluster_4311	2	0.0016		False
Cluster_12900	2	0.0016		False
Cluster_1039	2	0.0016		False
Cluster_8887	2	0.0016		False
Cluster_644	2	0.0016		False
Cluster_19843	2	0.0016		False
Cluster_3967	2	0.0016		False
Cluster_10580	2	0.0016		False
Cluster_1211	2	0.0016		False
Cluster_15422	2	0.0016		False
Cluster_14572	2	0.0016		False
Cluster_2961	2	0.0016		False
Cluster_21754	2	0.0016		False
Cluster_17105	2	0.0016		False
Cluster_1971	2	0.0016		False
Cluster_25705	2	0.0016		False
Cluster_15803	2	0.0016		False
Cluster_14451	2	0.0016		False
Cluster_25469	2	0.0016		False
Cluster_6284	2	0.0016		False
Cluster_21554	2	0.0016		False
Cluster_1366	2	0.0016		False
Cluster_11644	2	0.0016		False
Cluster_19853	2	0.0016		False
Cluster_21011	2	0.0016		False
Cluster_1951	2	0.0016		False
Cluster_10133	2	0.0016		False
Cluster_4620	2	0.0016		False
Cluster_19190	2	0.0016		False
Cluster_25828	2	0.0016		False
Cluster_2900	2	0.0016		False
Cluster_4429	2	0.0016		False
Cluster_23887	2	0.0016		False
Cluster_13247	2	0.0016		False
Cluster_9048	2	0.0016		False
Cluster_154	2	0.0016		False
Cluster_4883	2	0.0016		False
Cluster_25090	2	0.0016		False
Cluster_1083	2	0.0016		False
Cluster_6981	2	0.0016		False
Cluster_1038	2	0.0016		False
Cluster_11108	2	0.0016		False
Cluster_22982	2	0.0016		False
Cluster_15002	2	0.0016		False
Cluster_8551	2	0.0016		False
Cluster_12248	2	0.0016		False
Cluster_14797	2	0.0016		False
Cluster_9392	2	0.0016		False
Cluster_25512	2	0.0016		False
Cluster_16869	2	0.0016		False
Cluster_13922	2	0.0016		False
Cluster_20992	2	0.0016		False
Cluster_6432	2	0.0016		False
Cluster_8298	2	0.0016		False
Cluster_23073	2	0.0016		False
Cluster_10956	2	0.0016		False
Cluster_12482	2	0.0016		False
Cluster_19378	2	0.0016		False
Cluster_24805	2	0.0016		False
Cluster_13466	2	0.0016		False
Cluster_23431	2	0.0016		False
Cluster_19310	2	0.0016		False
Cluster_7427	2	0.0016		False
Cluster_24075	2	0.0016		False
Cluster_139	2	0.0016		False
Cluster_20690	2	0.0016		False
Cluster_6967	2	0.0016		False
Cluster_15189	2	0.0016		False
Cluster_2264	2	0.0016		False
Cluster_19916	2	0.0016		False
Cluster_4854	2	0.0016		False
Cluster_11294	2	0.0016		False
Cluster_13219	2	0.0016		False
Cluster_16106	2	0.0016		False
Cluster_12917	2	0.0016		False
Cluster_2503	2	0.0016		False
Cluster_18493	2	0.0016		False
Cluster_8581	2	0.0016		False
Cluster_8007	2	0.0016		False
Cluster_23820	2	0.0016		False
Cluster_22961	2	0.0016		False
Cluster_19295	2	0.0016		False
Cluster_267	2	0.0016		False
Cluster_9662	2	0.0016		False
Cluster_654	2	0.0016		False
Cluster_18216	2	0.0016		False
Cluster_2191	2	0.0016		False
Cluster_3701	2	0.0016		False
Cluster_15587	2	0.0016		False
Cluster_3197	2	0.0016		False
Cluster_9773	2	0.0016		False
Cluster_6055	2	0.0016		False
Cluster_8414	2	0.0016		False
Cluster_13407	2	0.0016		False
Cluster_23597	2	0.0016		False
Cluster_25687	2	0.0016		False
Cluster_25672	2	0.0016		False
Cluster_5973	2	0.0016		False
Cluster_21857	2	0.0016		False
Cluster_6283	2	0.0016		False
Cluster_7846	2	0.0016		False
Cluster_24931	2	0.0016		False
Cluster_12028	2	0.0016		False
Cluster_14015	2	0.0016		False
Cluster_4159	2	0.0016		False
Cluster_1285	2	0.0016		False
Cluster_24922	2	0.0016		False
Cluster_19479	2	0.0016		False
Cluster_17430	2	0.0016		False
Cluster_16920	2	0.0016		False
Cluster_23784	2	0.0016		False
Cluster_5635	2	0.0016		False
Cluster_6422	2	0.0016		False
Cluster_22153	2	0.0016		False
Cluster_19653	2	0.0016		False
Cluster_22923	2	0.0016		False
Cluster_11537	2	0.0016		False
Cluster_16870	2	0.0016		False
Cluster_17563	2	0.0016		False
Cluster_3376	2	0.0016		False
Cluster_25784	2	0.0016		False
Cluster_18772	2	0.0016		False
Cluster_24894	2	0.0016		False
Cluster_16000	2	0.0016		False
Cluster_25797	2	0.0016		False
Cluster_8813	2	0.0016		False
Cluster_3504	2	0.0016		False
Cluster_3798	2	0.0016		False
Cluster_7546	2	0.0016		False
Cluster_748	2	0.0016		False
Cluster_20939	2	0.0016		False
Cluster_13572	2	0.0016		False
Cluster_11228	2	0.0016		False
Cluster_14478	2	0.0016		False
Cluster_5602	2	0.0016		False
Cluster_13772	2	0.0016		False
Cluster_12181	2	0.0016		False
Cluster_20513	2	0.0016		False
Cluster_24612	2	0.0016		False
Cluster_22143	2	0.0016		False
Cluster_11854	2	0.0016		False
Cluster_15805	2	0.0016		False
Cluster_14257	2	0.0016		False
Cluster_10003	2	0.0016		False
Cluster_23132	2	0.0016		False
Cluster_17899	2	0.0016		False
Cluster_17967	2	0.0016		False
Cluster_21203	2	0.0016		False
Cluster_4829	2	0.0016		False
Cluster_14812	2	0.0016		False
Cluster_17940	2	0.0016		False
Cluster_12449	2	0.0016		False
Cluster_16229	2	0.0016		False
Cluster_20580	2	0.0016		False
Cluster_9250	2	0.0016		False
Cluster_11387	2	0.0016		False
Cluster_4276	2	0.0016		False
Cluster_17863	2	0.0016		False
Cluster_11372	2	0.0016		False
Cluster_8201	2	0.0016		False
Cluster_5624	2	0.0016		False
Cluster_17596	2	0.0016		False
Cluster_15142	2	0.0016		False
Cluster_10338	2	0.0016		False
Cluster_3646	2	0.0016		False
Cluster_21576	2	0.0016		False
Cluster_17652	2	0.0016		False
Cluster_16023	2	0.0016		False
Cluster_2238	2	0.0016		False
Cluster_19881	2	0.0016		False
Cluster_13319	2	0.0016		False
Cluster_17349	2	0.0016		False
Cluster_25015	2	0.0016		False
Cluster_17909	2	0.0016		False
Cluster_23512	2	0.0016		False
Cluster_22492	2	0.0016		False
Cluster_14694	2	0.0016		False
Cluster_16604	2	0.0016		False
Cluster_16335	2	0.0016		False
Cluster_11139	2	0.0016		False
Cluster_2055	2	0.0016		False
Cluster_22371	2	0.0016		False
Cluster_6228	2	0.0016		False
Cluster_11554	2	0.0016		False
Cluster_7020	2	0.0016		False
Cluster_22350	2	0.0016		False
Cluster_10680	2	0.0016		False
Cluster_25520	2	0.0016		False
Cluster_20824	2	0.0016		False
Cluster_1310	2	0.0016		False
Cluster_8351	2	0.0016		False
Cluster_10020	2	0.0016		False
Cluster_17356	2	0.0016		False
Cluster_13910	2	0.0016		False
Cluster_23828	2	0.0016		False
Cluster_14237	2	0.0016		False
Cluster_994	2	0.0016		False
Cluster_6136	2	0.0016		False
Cluster_2011	2	0.0016		False
Cluster_19891	2	0.0016		False
Cluster_20900	2	0.0016		False
Cluster_11834	2	0.0016		False
Cluster_22780	2	0.0016		False
Cluster_19385	2	0.0016		False
Cluster_25887	2	0.0016		False
Cluster_18196	2	0.0016		False
Cluster_5200	2	0.0016		False
Cluster_16693	2	0.0016		False
Cluster_523	2	0.0016		False
Cluster_11397	2	0.0016		False
Cluster_25485	2	0.0016		False
Cluster_19293	2	0.0016		False
Cluster_6957	2	0.0016		False
Cluster_25002	2	0.0016		False
Cluster_3780	2	0.0016		False
Cluster_7537	2	0.0016		False
Cluster_23620	2	0.0016		False
Cluster_14013	2	0.0016		False
Cluster_10400	2	0.0016		False
Cluster_2532	2	0.0016		False
Cluster_4364	2	0.0016		False
Cluster_8815	2	0.0016		False
Cluster_18520	2	0.0016		False
Cluster_1264	2	0.0016		False
Cluster_25189	2	0.0016		False
Cluster_23466	2	0.0016		False
Cluster_12267	2	0.0016		False
Cluster_7114	2	0.0016		False
Cluster_11303	2	0.0016		False
Cluster_25441	2	0.0016		False
Cluster_26077	2	0.0016		False
Cluster_22330	2	0.0016		False
Cluster_17292	2	0.0016		False
Cluster_1191	2	0.0016		False
Cluster_25098	2	0.0016		False
Cluster_5130	2	0.0016		False
Cluster_24605	2	0.0016		False
Cluster_149	2	0.0016		False
Cluster_8773	2	0.0016		False
Cluster_17225	2	0.0016		False
Cluster_693	2	0.0016		False
Cluster_7909	2	0.0016		False
Cluster_18163	2	0.0016		False
Cluster_12788	2	0.0016		False
Cluster_3265	2	0.0016		False
Cluster_5257	2	0.0016		False
Cluster_11929	2	0.0016		False
Cluster_6832	2	0.0016		False
Cluster_23805	2	0.0016		False
Cluster_6332	2	0.0016		False
Cluster_10358	2	0.0016		False
Cluster_24073	2	0.0016		False
Cluster_14931	2	0.0016		False
Cluster_11149	2	0.0016		False
Cluster_19454	2	0.0016		False
Cluster_17632	2	0.0016		False
Cluster_18993	2	0.0016		False
Cluster_384	2	0.0016		False
Cluster_22364	2	0.0016		False
Cluster_16595	2	0.0016		False
Cluster_17964	2	0.0016		False
Cluster_21634	2	0.0016		False
Cluster_10414	2	0.0016		False
Cluster_14469	2	0.0016		False
Cluster_12003	2	0.0016		False
Cluster_18428	2	0.0016		False
Cluster_24405	2	0.0016		False
Cluster_22242	2	0.0016		False
Cluster_12882	2	0.0016		False
Cluster_11529	2	0.0016		False
Cluster_25810	2	0.0016		False
Cluster_14420	2	0.0016		False
Cluster_2187	2	0.0016		False
Cluster_15683	2	0.0016		False
Cluster_24106	2	0.0016		False
Cluster_4933	2	0.0016		False
Cluster_22144	2	0.0016		False
Cluster_21755	2	0.0016		False
Cluster_23039	2	0.0016		False
Cluster_9720	2	0.0016		False
Cluster_8642	2	0.0016		False
Cluster_9166	2	0.0016		False
Cluster_3437	2	0.0016		False
Cluster_25504	2	0.0016		False
Cluster_1604	2	0.0016		False
Cluster_18061	2	0.0016		False
Cluster_11934	2	0.0016		False
Cluster_23158	2	0.0016		False
Cluster_16922	2	0.0016		False
Cluster_5155	2	0.0016		False
Cluster_3244	2	0.0016		False
Cluster_17324	2	0.0016		False
Cluster_8132	2	0.0016		False
Cluster_8176	2	0.0016		False
Cluster_15494	2	0.0016		False
Cluster_17764	2	0.0016		False
Cluster_12299	2	0.0016		False
Cluster_24326	2	0.0016		False
Cluster_12636	2	0.0016		False
Cluster_6827	2	0.0016		False
Cluster_25245	2	0.0016		False
Cluster_23017	2	0.0016		False
Cluster_24150	2	0.0016		False
Cluster_24566	2	0.0016		False
Cluster_15226	2	0.0016		False
Cluster_11526	2	0.0016		False
Cluster_15472	2	0.0016		False
Cluster_12101	2	0.0016		False
Cluster_16505	2	0.0016		False
Cluster_8882	2	0.0016		False
Cluster_7356	2	0.0016		False
Cluster_10168	2	0.0016		False
Cluster_21629	2	0.0016		False
Cluster_612	2	0.0016		False
Cluster_5649	2	0.0016		False
Cluster_19576	2	0.0016		False
Cluster_17375	2	0.0016		False
Cluster_10289	2	0.0016		False
Cluster_4674	2	0.0016		False
Cluster_5660	2	0.0016		False
Cluster_11241	2	0.0016		False
Cluster_22539	2	0.0016		False
Cluster_5440	2	0.0016		False
Cluster_25670	2	0.0016		False
Cluster_23905	2	0.0016		False
Cluster_16493	2	0.0016		False
Cluster_8336	2	0.0016		False
Cluster_11021	2	0.0016		False
Cluster_14017	2	0.0016		False
Cluster_21210	2	0.0016		False
Cluster_25074	2	0.0016		False
Cluster_13291	2	0.0016		False
Cluster_12069	2	0.0016		False
Cluster_5008	2	0.0016		False
Cluster_23795	2	0.0016		False
Cluster_7152	2	0.0016		False
Cluster_220	2	0.0016		False
Cluster_9258	2	0.0016		False
Cluster_5859	2	0.0016		False
Cluster_23722	2	0.0016		False
Cluster_7263	2	0.0016		False
Cluster_17380	2	0.0016		False
Cluster_21855	2	0.0016		False
Cluster_1167	2	0.0016		False
Cluster_15785	2	0.0016		False
Cluster_19040	2	0.0016		False
Cluster_15243	2	0.0016		False
Cluster_5185	2	0.0016		False
Cluster_20399	2	0.0016		False
Cluster_20556	2	0.0016		False
Cluster_19312	2	0.0016		False
Cluster_8186	2	0.0016		False
Cluster_9482	2	0.0016		False
Cluster_13769	2	0.0016		False
Cluster_18893	2	0.0016		False
Cluster_235	2	0.0016		False
Cluster_2596	2	0.0016		False
Cluster_22682	2	0.0016		False
Cluster_7386	2	0.0016		False
Cluster_19177	2	0.0016		False
Cluster_14381	2	0.0016		False
Cluster_1962	2	0.0016		False
Cluster_14831	2	0.0016		False
Cluster_19876	2	0.0016		False
Cluster_5334	2	0.0016		False
Cluster_4019	2	0.0016		False
Cluster_15841	2	0.0016		False
Cluster_5858	2	0.0016		False
Cluster_19868	2	0.0016		False
Cluster_21188	2	0.0016		False
Cluster_4979	2	0.0016		False
Cluster_14570	2	0.0016		False
Cluster_24008	2	0.0016		False
Cluster_14751	2	0.0016		False
Cluster_5878	2	0.0016		False
Cluster_25405	2	0.0016		False
Cluster_3114	2	0.0016		False
Cluster_9745	2	0.0016		False
Cluster_10782	2	0.0016		False
Cluster_18685	2	0.0016		False
Cluster_16970	2	0.0016		False
Cluster_19634	2	0.0016		False
Cluster_5153	2	0.0016		False
Cluster_1603	2	0.0016		False
Cluster_7063	2	0.0016		False
Cluster_9290	2	0.0016		False
Cluster_155	2	0.0016		False
Cluster_4595	2	0.0016		False
Cluster_22500	2	0.0016		False
Cluster_19125	2	0.0016		False
Cluster_21591	2	0.0016		False
Cluster_4935	2	0.0016		False
Cluster_12490	2	0.0016		False
Cluster_21266	2	0.0016		False
Cluster_1896	2	0.0016		False
Cluster_23138	2	0.0016		False
Cluster_25235	2	0.0016		False
Cluster_19192	2	0.0016		False
Cluster_17166	2	0.0016		False
Cluster_21979	2	0.0016		False
Cluster_9235	2	0.0016		False
Cluster_25766	2	0.0016		False
Cluster_12600	2	0.0016		False
Cluster_21791	2	0.0016		False
Cluster_7228	2	0.0016		False
Cluster_24651	2	0.0016		False
Cluster_2012	2	0.0016		False
Cluster_9919	2	0.0016		False
Cluster_11295	2	0.0016		False
Cluster_20677	2	0.0016		False
Cluster_20031	2	0.0016		False
Cluster_11113	2	0.0016		False
Cluster_20839	2	0.0016		False
Cluster_21341	2	0.0016		False
Cluster_23912	2	0.0016		False
Cluster_24510	2	0.0016		False
Cluster_13783	2	0.0016		False
Cluster_1733	2	0.0016		False
Cluster_16712	2	0.0016		False
Cluster_18972	2	0.0016		False
Cluster_18704	2	0.0016		False
Cluster_3778	2	0.0016		False
Cluster_18878	2	0.0016		False
Cluster_24710	2	0.0016		False
Cluster_19768	2	0.0016		False
Cluster_21096	2	0.0016		False
Cluster_20717	2	0.0016		False
Cluster_25997	2	0.0016		False
Cluster_25869	2	0.0016		False
Cluster_16512	2	0.0016		False
Cluster_13164	2	0.0016		False
Cluster_24685	2	0.0016		False
Cluster_25507	2	0.0016		False
Cluster_12286	2	0.0016		False
Cluster_25984	2	0.0016		False
Cluster_20736	2	0.0016		False
Cluster_11378	2	0.0016		False
Cluster_10299	2	0.0016		False
Cluster_11533	2	0.0016		False
Cluster_12083	2	0.0016		False
Cluster_20924	2	0.0016		False
Cluster_8441	2	0.0016		False
Cluster_3909	2	0.0016		False
Cluster_16478	2	0.0016		False
Cluster_21385	2	0.0016		False
Cluster_15895	2	0.0016		False
Cluster_25793	2	0.0016		False
Cluster_20252	2	0.0016		False
Cluster_21293	2	0.0016		False
Cluster_734	2	0.0016		False
Cluster_5333	2	0.0016		False
Cluster_22891	2	0.0016		False
Cluster_3067	2	0.0016		False
Cluster_13471	2	0.0016		False
Cluster_14035	2	0.0016		False
Cluster_18406	2	0.0016		False
Cluster_13374	2	0.0016		False
Cluster_20545	2	0.0016		False
Cluster_16193	2	0.0016		False
Cluster_7588	2	0.0016		False
Cluster_17410	2	0.0016		False
Cluster_16850	2	0.0016		False
Cluster_23906	2	0.0016		False
Cluster_20762	2	0.0016		False
Cluster_1215	2	0.0016		False
Cluster_2965	2	0.0016		False
Cluster_23971	2	0.0016		False
Cluster_12042	2	0.0016		False
Cluster_3580	2	0.0016		False
Cluster_18699	2	0.0016		False
Cluster_23599	2	0.0016		False
Cluster_20102	2	0.0016		False
Cluster_3498	2	0.0016		False
Cluster_21846	2	0.0016		False
Cluster_19211	2	0.0016		False
Cluster_12180	2	0.0016		False
Cluster_20755	2	0.0016		False
Cluster_16658	2	0.0016		False
Cluster_13406	2	0.0016		False
Cluster_20555	2	0.0016		False
Cluster_2624	2	0.0016		False
Cluster_25223	2	0.0016		False
Cluster_7607	2	0.0016		False
Cluster_4773	2	0.0016		False
Cluster_14971	2	0.0016		False
Cluster_1067	2	0.0016		False
Cluster_9222	2	0.0016		False
Cluster_17672	2	0.0016		False
Cluster_12954	2	0.0016		False
Cluster_9135	2	0.0016		False
Cluster_13842	2	0.0016		False
Cluster_24696	2	0.0016		False
Cluster_4608	2	0.0016		False
Cluster_11352	2	0.0016		False
Cluster_775	2	0.0016		False
Cluster_2786	2	0.0016		False
Cluster_23458	2	0.0016		False
Cluster_15081	2	0.0016		False
Cluster_5981	2	0.0016		False
Cluster_22341	2	0.0016		False
Cluster_18911	2	0.0016		False
Cluster_4557	2	0.0016		False
Cluster_24406	2	0.0016		False
Cluster_4119	2	0.0016		False
Cluster_8140	2	0.0016		False
Cluster_23448	2	0.0016		False
Cluster_25532	2	0.0016		False
Cluster_19713	2	0.0016		False
Cluster_11902	2	0.0016		False
Cluster_19688	2	0.0016		False
Cluster_3975	2	0.0016		False
Cluster_21814	2	0.0016		False
Cluster_9781	2	0.0016		False
Cluster_16506	2	0.0016		False
Cluster_18865	2	0.0016		False
Cluster_23091	2	0.0016		False
Cluster_1013	2	0.0016		False
Cluster_24217	2	0.0016		False
Cluster_24392	2	0.0016		False
Cluster_10947	2	0.0016		False
Cluster_4196	2	0.0016		False
Cluster_5273	2	0.0016		False
Cluster_5627	2	0.0016		False
Cluster_5162	2	0.0016		False
Cluster_83	2	0.0016		False
Cluster_8474	2	0.0016		False
Cluster_11725	2	0.0016		False
Cluster_7912	2	0.0016		False
Cluster_15967	2	0.0016		False
Cluster_1267	2	0.0016		False
Cluster_13464	2	0.0016		False
Cluster_15103	2	0.0016		False
Cluster_4881	2	0.0016		False
Cluster_8585	2	0.0016		False
Cluster_13532	2	0.0016		False
Cluster_7129	2	0.0016		False
Cluster_95	2	0.0016		False
Cluster_3983	2	0.0016		False
Cluster_20444	2	0.0016		False
Cluster_7746	2	0.0016		False
Cluster_21839	2	0.0016		False
Cluster_3938	2	0.0016		False
Cluster_11480	2	0.0016		False
Cluster_21389	2	0.0016		False
Cluster_20901	2	0.0016		False
Cluster_23225	2	0.0016		False
Cluster_15277	2	0.0016		False
Cluster_3801	2	0.0016		False
Cluster_23964	2	0.0016		False
Cluster_4641	2	0.0016		False
Cluster_18053	2	0.0016		False
Cluster_16298	2	0.0016		False
Cluster_15314	2	0.0016		False
Cluster_23081	2	0.0016		False
Cluster_23339	2	0.0016		False
Cluster_13430	2	0.0016		False
Cluster_19143	2	0.0016		False
Cluster_731	2	0.0016		False
Cluster_24112	2	0.0016		False
Cluster_8483	2	0.0016		False
Cluster_22278	2	0.0016		False
Cluster_17493	2	0.0016		False
Cluster_3407	2	0.0016		False
Cluster_8584	2	0.0016		False
Cluster_18721	2	0.0016		False
Cluster_10533	2	0.0016		False
Cluster_23208	2	0.0016		False
Cluster_11299	2	0.0016		False
Cluster_15799	2	0.0016		False
Cluster_3635	2	0.0016		False
Cluster_20385	2	0.0016		False
Cluster_6703	2	0.0016		False
Cluster_19012	2	0.0016		False
Cluster_19306	2	0.0016		False
Cluster_9311	2	0.0016		False
Cluster_16183	2	0.0016		False
Cluster_22629	2	0.0016		False
Cluster_21252	2	0.0016		False
Cluster_14889	2	0.0016		False
Cluster_19790	2	0.0016		False
Cluster_16564	2	0.0016		False
Cluster_15909	2	0.0016		False
Cluster_21661	2	0.0016		False
Cluster_12241	2	0.0016		False
Cluster_22881	2	0.0016		False
Cluster_8806	2	0.0016		False
Cluster_17152	2	0.0016		False
Cluster_3722	2	0.0016		False
Cluster_14632	2	0.0016		False
Cluster_17466	2	0.0016		False
Cluster_3470	2	0.0016		False
Cluster_24259	2	0.0016		False
Cluster_25542	2	0.0016		False
Cluster_20419	2	0.0016		False
Cluster_12270	2	0.0016		False
Cluster_5305	2	0.0016		False
Cluster_21717	2	0.0016		False
Cluster_20096	2	0.0016		False
Cluster_6067	2	0.0016		False
Cluster_25374	2	0.0016		False
Cluster_12251	2	0.0016		False
Cluster_10180	2	0.0016		False
Cluster_21536	2	0.0016		False
Cluster_3499	2	0.0016		False
Cluster_19827	2	0.0016		False
Cluster_20207	2	0.0016		False
Cluster_2042	2	0.0016		False
Cluster_15940	2	0.0016		False
Cluster_23789	2	0.0016		False
Cluster_7106	2	0.0016		False
Cluster_14336	2	0.0016		False
Cluster_9004	2	0.0016		False
Cluster_18938	2	0.0016		False
Cluster_4755	2	0.0016		False
Cluster_10378	2	0.0016		False
Cluster_25858	2	0.0016		False
Cluster_18227	2	0.0016		False
Cluster_23986	2	0.0016		False
Cluster_7081	2	0.0016		False
Cluster_14375	2	0.0016		False
Cluster_11436	2	0.0016		False
Cluster_7658	2	0.0016		False
Cluster_19700	2	0.0016		False
Cluster_9736	2	0.0016		False
Cluster_2390	2	0.0016		False
Cluster_25019	2	0.0016		False
Cluster_19134	2	0.0016		False
Cluster_22634	2	0.0016		False
Cluster_7703	2	0.0016		False
Cluster_13738	2	0.0016		False
Cluster_4730	2	0.0016		False
Cluster_14564	2	0.0016		False
Cluster_9752	2	0.0016		False
Cluster_19823	2	0.0016		False
Cluster_18538	2	0.0016		False
Cluster_4795	2	0.0016		False
Cluster_13373	2	0.0016		False
Cluster_13486	2	0.0016		False
Cluster_19625	2	0.0016		False
Cluster_15706	2	0.0016		False
Cluster_21880	2	0.0016		False
Cluster_16194	2	0.0016		False
Cluster_15452	2	0.0016		False
Cluster_1340	2	0.0016		False
Cluster_11675	2	0.0016		False
Cluster_1607	2	0.0016		False
Cluster_24151	2	0.0016		False
Cluster_4946	2	0.0016		False
Cluster_16292	2	0.0016		False
Cluster_25302	2	0.0016		False
Cluster_22294	2	0.0016		False
Cluster_3165	2	0.0016		False
Cluster_24388	2	0.0016		False
Cluster_15390	2	0.0016		False
Cluster_20501	2	0.0016		False
Cluster_15809	2	0.0016		False
Cluster_2920	2	0.0016		False
Cluster_17039	2	0.0016		False
Cluster_11573	2	0.0016		False
Cluster_10676	2	0.0016		False
Cluster_2389	2	0.0016		False
Cluster_6368	2	0.0016		False
Cluster_4347	2	0.0016		False
Cluster_14638	2	0.0016		False
Cluster_19846	2	0.0016		False
Cluster_2440	2	0.0016		False
Cluster_463	2	0.0016		False
Cluster_12943	2	0.0016		False
Cluster_9782	2	0.0016		False
Cluster_2649	2	0.0016		False
Cluster_20067	2	0.0016		False
Cluster_21477	2	0.0016		False
Cluster_1616	2	0.0016		False
Cluster_6488	2	0.0016		False
Cluster_11020	2	0.0016		False
Cluster_588	2	0.0016		False
Cluster_10679	2	0.0016		False
Cluster_8611	2	0.0016		False
Cluster_7848	2	0.0016		False
Cluster_6272	2	0.0016		False
Cluster_21580	2	0.0016		False
Cluster_6163	2	0.0016		False
Cluster_25280	2	0.0016		False
Cluster_15840	2	0.0016		False
Cluster_377	2	0.0016		False
Cluster_5837	2	0.0016		False
Cluster_21780	2	0.0016		False
Cluster_18932	2	0.0016		False
Cluster_25667	2	0.0016		False
Cluster_20776	2	0.0016		False
Cluster_12397	2	0.0016		False
Cluster_18047	2	0.0016		False
Cluster_26112	2	0.0016		False
Cluster_23183	2	0.0016		False
Cluster_11977	2	0.0016		False
Cluster_20568	2	0.0016		False
Cluster_24131	2	0.0016		False
Cluster_3994	2	0.0016		False
Cluster_24122	2	0.0016		False
Cluster_4597	2	0.0016		False
Cluster_26105	2	0.0016		False
Cluster_13044	2	0.0016		False
Cluster_6680	2	0.0016		False
Cluster_19717	2	0.0016		False
Cluster_23840	2	0.0016		False
Cluster_779	2	0.0016		False
Cluster_17741	2	0.0016		False
Cluster_7360	2	0.0016		False
Cluster_22935	2	0.0016		False
Cluster_19536	2	0.0016		False
Cluster_24606	2	0.0016		False
Cluster_5725	2	0.0016		False
Cluster_15421	2	0.0016		False
Cluster_22220	2	0.0016		False
Cluster_18758	2	0.0016		False
Cluster_4408	2	0.0016		False
Cluster_22779	2	0.0016		False
Cluster_12754	2	0.0016		False
Cluster_23273	2	0.0016		False
Cluster_11230	2	0.0016		False
Cluster_15530	2	0.0016		False
Cluster_24037	2	0.0016		False
Cluster_19924	2	0.0016		False
Cluster_3091	2	0.0016		False
Cluster_10547	2	0.0016		False
Cluster_17718	2	0.0016		False
Cluster_23809	2	0.0016		False
Cluster_20657	2	0.0016		False
Cluster_19913	2	0.0016		False
Cluster_1458	2	0.0016		False
Cluster_24302	2	0.0016		False
Cluster_4937	2	0.0016		False
Cluster_928	2	0.0016		False
Cluster_4882	2	0.0016		False
Cluster_11456	2	0.0016		False
Cluster_7849	2	0.0016		False
Cluster_25170	2	0.0016		False
Cluster_14288	2	0.0016		False
Cluster_9895	2	0.0016		False
Cluster_17049	2	0.0016		False
Cluster_2425	2	0.0016		False
Cluster_22616	2	0.0016		False
Cluster_25373	2	0.0016		False
Cluster_25486	2	0.0016		False
Cluster_1535	2	0.0016		False
Cluster_4372	2	0.0016		False
Cluster_14809	2	0.0016		False
Cluster_11311	2	0.0016		False
Cluster_22071	2	0.0016		False
Cluster_20634	2	0.0016		False
Cluster_21527	2	0.0016		False
Cluster_5702	2	0.0016		False
Cluster_5346	2	0.0016		False
Cluster_6699	2	0.0016		False
Cluster_12719	2	0.0016		False
Cluster_6434	2	0.0016		False
Cluster_14079	2	0.0016		False
Cluster_20955	2	0.0016		False
Cluster_16197	2	0.0016		False
Cluster_1559	2	0.0016		False
Cluster_7973	2	0.0016		False
Cluster_12737	2	0.0016		False
Cluster_25489	2	0.0016		False
Cluster_24044	2	0.0016		False
Cluster_17046	2	0.0016		False
Cluster_16896	2	0.0016		False
Cluster_16314	2	0.0016		False
Cluster_17059	2	0.0016		False
Cluster_4872	2	0.0016		False
Cluster_16184	2	0.0016		False
Cluster_11348	2	0.0016		False
Cluster_8027	2	0.0016		False
Cluster_18037	2	0.0016		False
Cluster_23550	2	0.0016		False
Cluster_13496	2	0.0016		False
Cluster_25322	1	0.0008		False
Cluster_13633	1	0.0008		False
Cluster_1016	1	0.0008		False
Cluster_4087	1	0.0008		False
Cluster_19276	1	0.0008		False
Cluster_21670	1	0.0008		False
Cluster_25881	1	0.0008		False
Cluster_12349	1	0.0008		False
Cluster_15241	1	0.0008		False
Cluster_6207	1	0.0008		False
Cluster_25089	1	0.0008		False
Cluster_2904	1	0.0008		False
Cluster_2049	1	0.0008		False
Cluster_14175	1	0.0008		False
Cluster_18835	1	0.0008		False
Cluster_13207	1	0.0008		False
Cluster_5999	1	0.0008		False
Cluster_23065	1	0.0008		False
Cluster_25395	1	0.0008		False
Cluster_11472	1	0.0008		False
Cluster_16205	1	0.0008		False
Cluster_24444	1	0.0008		False
Cluster_19897	1	0.0008		False
Cluster_14222	1	0.0008		False
Cluster_1342	1	0.0008		False
Cluster_19969	1	0.0008		False
Cluster_5806	1	0.0008		False
Cluster_7491	1	0.0008		False
Cluster_3763	1	0.0008		False
Cluster_25562	1	0.0008		False
Cluster_403	1	0.0008		False
Cluster_16011	1	0.0008		False
Cluster_21262	1	0.0008		False
Cluster_17690	1	0.0008		False
Cluster_652	1	0.0008		False
Cluster_22552	1	0.0008		False
Cluster_24341	1	0.0008		False
Cluster_4624	1	0.0008		False
Cluster_11487	1	0.0008		False
Cluster_719	1	0.0008		False
Cluster_22406	1	0.0008		False
Cluster_23378	1	0.0008		False
Cluster_24901	1	0.0008		False
Cluster_10062	1	0.0008		False
Cluster_984	1	0.0008		False
Cluster_8914	1	0.0008		False
Cluster_9264	1	0.0008		False
Cluster_25545	1	0.0008		False
Cluster_11335	1	0.0008		False
Cluster_21618	1	0.0008		False
Cluster_10438	1	0.0008		False
Cluster_7671	1	0.0008		False
Cluster_14833	1	0.0008		False
Cluster_839	1	0.0008		False
Cluster_3672	1	0.0008		False
Cluster_24735	1	0.0008		False
Cluster_23042	1	0.0008		False
Cluster_12120	1	0.0008		False
Cluster_5950	1	0.0008		False
Cluster_14383	1	0.0008		False
Cluster_23916	1	0.0008		False
Cluster_3636	1	0.0008		False
Cluster_17264	1	0.0008		False
Cluster_7088	1	0.0008		False
Cluster_2892	1	0.0008		False
Cluster_18293	1	0.0008		False
Cluster_14476	1	0.0008		False
Cluster_15526	1	0.0008		False
Cluster_12971	1	0.0008		False
Cluster_5276	1	0.0008		False
Cluster_4193	1	0.0008		False
Cluster_6280	1	0.0008		False
Cluster_16676	1	0.0008		False
Cluster_12356	1	0.0008		False
Cluster_8749	1	0.0008		False
Cluster_8576	1	0.0008		False
Cluster_11494	1	0.0008		False
Cluster_6877	1	0.0008		False
Cluster_4964	1	0.0008		False
Cluster_3652	1	0.0008		False
Cluster_13419	1	0.0008		False
Cluster_5555	1	0.0008		False
Cluster_14954	1	0.0008		False
Cluster_11391	1	0.0008		False
Cluster_9716	1	0.0008		False
Cluster_24979	1	0.0008		False
Cluster_5256	1	0.0008		False
Cluster_18115	1	0.0008		False
Cluster_24791	1	0.0008		False
Cluster_2314	1	0.0008		False
Cluster_8275	1	0.0008		False
Cluster_19422	1	0.0008		False
Cluster_15366	1	0.0008		False
Cluster_13096	1	0.0008		False
Cluster_24063	1	0.0008		False
Cluster_15218	1	0.0008		False
Cluster_13115	1	0.0008		False
Cluster_2711	1	0.0008		False
Cluster_22392	1	0.0008		False
Cluster_11518	1	0.0008		False
Cluster_25204	1	0.0008		False
Cluster_16816	1	0.0008		False
Cluster_9566	1	0.0008		False
Cluster_7105	1	0.0008		False
Cluster_10786	1	0.0008		False
Cluster_19520	1	0.0008		False
Cluster_5210	1	0.0008		False
Cluster_12940	1	0.0008		False
Cluster_13437	1	0.0008		False
Cluster_21878	1	0.0008		False
Cluster_17230	1	0.0008		False
Cluster_14691	1	0.0008		False
Cluster_5574	1	0.0008		False
Cluster_17449	1	0.0008		False
Cluster_8915	1	0.0008		False
Cluster_25626	1	0.0008		False
Cluster_3717	1	0.0008		False
Cluster_22409	1	0.0008		False
Cluster_23052	1	0.0008		False
Cluster_5453	1	0.0008		False
Cluster_18419	1	0.0008		False
Cluster_19803	1	0.0008		False
Cluster_21972	1	0.0008		False
Cluster_12863	1	0.0008		False
Cluster_17925	1	0.0008		False
Cluster_24318	1	0.0008		False
Cluster_9770	1	0.0008		False
Cluster_14635	1	0.0008		False
Cluster_19720	1	0.0008		False
Cluster_10586	1	0.0008		False
Cluster_17155	1	0.0008		False
Cluster_2001	1	0.0008		False
Cluster_19279	1	0.0008		False
Cluster_8274	1	0.0008		False
Cluster_11718	1	0.0008		False
Cluster_16435	1	0.0008		False
Cluster_2315	1	0.0008		False
Cluster_14304	1	0.0008		False
Cluster_25086	1	0.0008		False
Cluster_7397	1	0.0008		False
Cluster_5473	1	0.0008		False
Cluster_17898	1	0.0008		False
Cluster_5916	1	0.0008		False
Cluster_4965	1	0.0008		False
Cluster_8510	1	0.0008		False
Cluster_16601	1	0.0008		False
Cluster_25755	1	0.0008		False
Cluster_13173	1	0.0008		False
Cluster_16048	1	0.0008		False
Cluster_21987	1	0.0008		False
Cluster_4549	1	0.0008		False
Cluster_6357	1	0.0008		False
Cluster_20214	1	0.0008		False
Cluster_17974	1	0.0008		False
Cluster_16744	1	0.0008		False
Cluster_22374	1	0.0008		False
Cluster_15190	1	0.0008		False
Cluster_7826	1	0.0008		False
Cluster_934	1	0.0008		False
Cluster_13416	1	0.0008		False
Cluster_16387	1	0.0008		False
Cluster_8701	1	0.0008		False
Cluster_21641	1	0.0008		False
Cluster_24976	1	0.0008		False
Cluster_12261	1	0.0008		False
Cluster_13099	1	0.0008		False
Cluster_4061	1	0.0008		False
Cluster_1070	1	0.0008		False
Cluster_5306	1	0.0008		False
Cluster_13891	1	0.0008		False
Cluster_20821	1	0.0008		False
Cluster_21994	1	0.0008		False
Cluster_16136	1	0.0008		False
Cluster_19201	1	0.0008		False
Cluster_17456	1	0.0008		False
Cluster_20377	1	0.0008		False
Cluster_13835	1	0.0008		False
Cluster_23919	1	0.0008		False
Cluster_2738	1	0.0008		False
Cluster_11751	1	0.0008		False
Cluster_18207	1	0.0008		False
Cluster_2783	1	0.0008		False
Cluster_17502	1	0.0008		False
Cluster_16544	1	0.0008		False
Cluster_18633	1	0.0008		False
Cluster_20382	1	0.0008		False
Cluster_20832	1	0.0008		False
Cluster_12796	1	0.0008		False
Cluster_8011	1	0.0008		False
Cluster_67	1	0.0008		False
Cluster_16933	1	0.0008		False
Cluster_10889	1	0.0008		False
Cluster_16719	1	0.0008		False
Cluster_5907	1	0.0008		False
Cluster_22958	1	0.0008		False
Cluster_18979	1	0.0008		False
Cluster_15393	1	0.0008		False
Cluster_4057	1	0.0008		False
Cluster_7279	1	0.0008		False
Cluster_6137	1	0.0008		False
Cluster_11841	1	0.0008		False
Cluster_21281	1	0.0008		False
Cluster_5863	1	0.0008		False
Cluster_10621	1	0.0008		False
Cluster_19597	1	0.0008		False
Cluster_7341	1	0.0008		False
Cluster_92	1	0.0008		False
Cluster_1492	1	0.0008		False
Cluster_19088	1	0.0008		False
Cluster_23944	1	0.0008		False
Cluster_16519	1	0.0008		False
Cluster_23401	1	0.0008		False
Cluster_24173	1	0.0008		False
Cluster_7259	1	0.0008		False
Cluster_16854	1	0.0008		False
Cluster_8822	1	0.0008		False
Cluster_25447	1	0.0008		False
Cluster_24416	1	0.0008		False
Cluster_19347	1	0.0008		False
Cluster_18901	1	0.0008		False
Cluster_15285	1	0.0008		False
Cluster_25845	1	0.0008		False
Cluster_13188	1	0.0008		False
Cluster_14533	1	0.0008		False
Cluster_8586	1	0.0008		False
Cluster_1636	1	0.0008		False
Cluster_6887	1	0.0008		False
Cluster_19907	1	0.0008		False
Cluster_866	1	0.0008		False
Cluster_6932	1	0.0008		False
Cluster_6976	1	0.0008		False
Cluster_24891	1	0.0008		False
Cluster_12448	1	0.0008		False
Cluster_8285	1	0.0008		False
Cluster_17414	1	0.0008		False
Cluster_9063	1	0.0008		False
Cluster_6250	1	0.0008		False
Cluster_10964	1	0.0008		False
Cluster_13976	1	0.0008		False
Cluster_16228	1	0.0008		False
Cluster_18444	1	0.0008		False
Cluster_12103	1	0.0008		False
Cluster_1652	1	0.0008		False
Cluster_22663	1	0.0008		False
Cluster_14733	1	0.0008		False
Cluster_24835	1	0.0008		False
Cluster_6956	1	0.0008		False
Cluster_7078	1	0.0008		False
Cluster_11785	1	0.0008		False
Cluster_7996	1	0.0008		False
Cluster_5317	1	0.0008		False
Cluster_21333	1	0.0008		False
Cluster_5585	1	0.0008		False
Cluster_683	1	0.0008		False
Cluster_11243	1	0.0008		False
Cluster_26009	1	0.0008		False
Cluster_6270	1	0.0008		False
Cluster_20256	1	0.0008		False
Cluster_5329	1	0.0008		False
Cluster_12967	1	0.0008		False
Cluster_19584	1	0.0008		False
Cluster_23479	1	0.0008		False
Cluster_25653	1	0.0008		False
Cluster_11818	1	0.0008		False
Cluster_12458	1	0.0008		False
Cluster_21092	1	0.0008		False
Cluster_10930	1	0.0008		False
Cluster_10172	1	0.0008		False
Cluster_25198	1	0.0008		False
Cluster_23295	1	0.0008		False
Cluster_12763	1	0.0008		False
Cluster_7235	1	0.0008		False
Cluster_18454	1	0.0008		False
Cluster_20200	1	0.0008		False
Cluster_965	1	0.0008		False
Cluster_21804	1	0.0008		False
Cluster_25855	1	0.0008		False
Cluster_1717	1	0.0008		False
Cluster_3571	1	0.0008		False
Cluster_10187	1	0.0008		False
Cluster_7309	1	0.0008		False
Cluster_19357	1	0.0008		False
Cluster_23175	1	0.0008		False
Cluster_7536	1	0.0008		False
Cluster_10292	1	0.0008		False
Cluster_15753	1	0.0008		False
Cluster_6910	1	0.0008		False
Cluster_17798	1	0.0008		False
Cluster_17627	1	0.0008		False
Cluster_18351	1	0.0008		False
Cluster_633	1	0.0008		False
Cluster_5438	1	0.0008		False
Cluster_3099	1	0.0008		False
Cluster_10336	1	0.0008		False
Cluster_9404	1	0.0008		False
Cluster_2662	1	0.0008		False
Cluster_20246	1	0.0008		False
Cluster_17072	1	0.0008		False
Cluster_21025	1	0.0008		False
Cluster_967	1	0.0008		False
Cluster_20053	1	0.0008		False
Cluster_2557	1	0.0008		False
Cluster_23222	1	0.0008		False
Cluster_18976	1	0.0008		False
Cluster_2127	1	0.0008		False
Cluster_13901	1	0.0008		False
Cluster_2119	1	0.0008		False
Cluster_6592	1	0.0008		False
Cluster_11912	1	0.0008		False
Cluster_10225	1	0.0008		False
Cluster_11046	1	0.0008		False
Cluster_13341	1	0.0008		False
Cluster_15553	1	0.0008		False
Cluster_12184	1	0.0008		False
Cluster_1581	1	0.0008		False
Cluster_6387	1	0.0008		False
Cluster_17087	1	0.0008		False
Cluster_7447	1	0.0008		False
Cluster_14042	1	0.0008		False
Cluster_13735	1	0.0008		False
Cluster_25210	1	0.0008		False
Cluster_23383	1	0.0008		False
Cluster_12411	1	0.0008		False
Cluster_949	1	0.0008		False
Cluster_21510	1	0.0008		False
Cluster_2773	1	0.0008		False
Cluster_20721	1	0.0008		False
Cluster_8322	1	0.0008		False
Cluster_282	1	0.0008		False
Cluster_8618	1	0.0008		False
Cluster_15681	1	0.0008		False
Cluster_26006	1	0.0008		False
Cluster_20259	1	0.0008		False
Cluster_13266	1	0.0008		False
Cluster_22308	1	0.0008		False
Cluster_23476	1	0.0008		False
Cluster_7744	1	0.0008		False
Cluster_17908	1	0.0008		False
Cluster_18318	1	0.0008		False
Cluster_22842	1	0.0008		False
Cluster_20521	1	0.0008		False
Cluster_511	1	0.0008		False
Cluster_24419	1	0.0008		False
Cluster_12197	1	0.0008		False
Cluster_8109	1	0.0008		False
Cluster_25457	1	0.0008		False
Cluster_21710	1	0.0008		False
Cluster_2753	1	0.0008		False
Cluster_17802	1	0.0008		False
Cluster_11138	1	0.0008		False
Cluster_6467	1	0.0008		False
Cluster_13791	1	0.0008		False
Cluster_22467	1	0.0008		False
Cluster_23124	1	0.0008		False
Cluster_7919	1	0.0008		False
Cluster_26040	1	0.0008		False
Cluster_16737	1	0.0008		False
Cluster_11795	1	0.0008		False
Cluster_16857	1	0.0008		False
Cluster_15113	1	0.0008		False
Cluster_24395	1	0.0008		False
Cluster_11522	1	0.0008		False
Cluster_7808	1	0.0008		False
Cluster_6551	1	0.0008		False
Cluster_7079	1	0.0008		False
Cluster_3515	1	0.0008		False
Cluster_5695	1	0.0008		False
Cluster_15222	1	0.0008		False
Cluster_1357	1	0.0008		False
Cluster_20128	1	0.0008		False
Cluster_3216	1	0.0008		False
Cluster_17209	1	0.0008		False
Cluster_4257	1	0.0008		False
Cluster_11669	1	0.0008		False
Cluster_16320	1	0.0008		False
Cluster_5169	1	0.0008		False
Cluster_19594	1	0.0008		False
Cluster_22430	1	0.0008		False
Cluster_2381	1	0.0008		False
Cluster_23947	1	0.0008		False
Cluster_12081	1	0.0008		False
Cluster_20958	1	0.0008		False
Cluster_24629	1	0.0008		False
Cluster_9886	1	0.0008		False
Cluster_2903	1	0.0008		False
Cluster_22249	1	0.0008		False
Cluster_25341	1	0.0008		False
Cluster_11531	1	0.0008		False
Cluster_12889	1	0.0008		False
Cluster_17815	1	0.0008		False
Cluster_5328	1	0.0008		False
Cluster_8981	1	0.0008		False
Cluster_11722	1	0.0008		False
Cluster_8303	1	0.0008		False
Cluster_1377	1	0.0008		False
Cluster_7059	1	0.0008		False
Cluster_4401	1	0.0008		False
Cluster_3861	1	0.0008		False
Cluster_20852	1	0.0008		False
Cluster_7862	1	0.0008		False
Cluster_15295	1	0.0008		False
Cluster_3910	1	0.0008		False
Cluster_2785	1	0.0008		False
Cluster_15175	1	0.0008		False
Cluster_90	1	0.0008		False
Cluster_9957	1	0.0008		False
Cluster_13855	1	0.0008		False
Cluster_11731	1	0.0008		False
Cluster_16560	1	0.0008		False
Cluster_17436	1	0.0008		False
Cluster_12621	1	0.0008		False
Cluster_4623	1	0.0008		False
Cluster_19794	1	0.0008		False
Cluster_24331	1	0.0008		False
Cluster_10103	1	0.0008		False
Cluster_9172	1	0.0008		False
Cluster_14843	1	0.0008		False
Cluster_24283	1	0.0008		False
Cluster_18581	1	0.0008		False
Cluster_9136	1	0.0008		False
Cluster_5455	1	0.0008		False
Cluster_24745	1	0.0008		False
Cluster_8085	1	0.0008		False
Cluster_4807	1	0.0008		False
Cluster_8432	1	0.0008		False
Cluster_9263	1	0.0008		False
Cluster_13457	1	0.0008		False
Cluster_16149	1	0.0008		False
Cluster_19587	1	0.0008		False
Cluster_25535	1	0.0008		False
Cluster_11345	1	0.0008		False
Cluster_25791	1	0.0008		False
Cluster_7258	1	0.0008		False
Cluster_15124	1	0.0008		False
Cluster_2461	1	0.0008		False
Cluster_14366	1	0.0008		False
Cluster_23829	1	0.0008		False
Cluster_14726	1	0.0008		False
Cluster_10035	1	0.0008		False
Cluster_20911	1	0.0008		False
Cluster_6298	1	0.0008		False
Cluster_2641	1	0.0008		False
Cluster_17271	1	0.0008		False
Cluster_22043	1	0.0008		False
Cluster_6842	1	0.0008		False
Cluster_19441	1	0.0008		False
Cluster_8456	1	0.0008		False
Cluster_15833	1	0.0008		False
Cluster_5086	1	0.0008		False
Cluster_24545	1	0.0008		False
Cluster_17003	1	0.0008		False
Cluster_5475	1	0.0008		False
Cluster_18447	1	0.0008		False
Cluster_22256	1	0.0008		False
Cluster_16455	1	0.0008		False
Cluster_25266	1	0.0008		False
Cluster_2313	1	0.0008		False
Cluster_19904	1	0.0008		False
Cluster_21920	1	0.0008		False
Cluster_18862	1	0.0008		False
Cluster_25591	1	0.0008		False
Cluster_14526	1	0.0008		False
Cluster_19772	1	0.0008		False
Cluster_2487	1	0.0008		False
Cluster_4195	1	0.0008		False
Cluster_12292	1	0.0008		False
Cluster_21106	1	0.0008		False
Cluster_8108	1	0.0008		False
Cluster_25318	1	0.0008		False
Cluster_15635	1	0.0008		False
Cluster_17084	1	0.0008		False
Cluster_4112	1	0.0008		False
Cluster_12187	1	0.0008		False
Cluster_7918	1	0.0008		False
Cluster_24755	1	0.0008		False
Cluster_5454	1	0.0008		False
Cluster_18210	1	0.0008		False
Cluster_4449	1	0.0008		False
Cluster_10323	1	0.0008		False
Cluster_10763	1	0.0008		False
Cluster_1451	1	0.0008		False
Cluster_22200	1	0.0008		False
Cluster_14853	1	0.0008		False
Cluster_7035	1	0.0008		False
Cluster_19983	1	0.0008		False
Cluster_11355	1	0.0008		False
Cluster_10458	1	0.0008		False
Cluster_13781	1	0.0008		False
Cluster_8084	1	0.0008		False
Cluster_17439	1	0.0008		False
Cluster_1207	1	0.0008		False
Cluster_8273	1	0.0008		False
Cluster_14218	1	0.0008		False
Cluster_14934	1	0.0008		False
Cluster_117	1	0.0008		False
Cluster_5553	1	0.0008		False
Cluster_4640	1	0.0008		False
Cluster_13581	1	0.0008		False
Cluster_17206	1	0.0008		False
Cluster_2131	1	0.0008		False
Cluster_53	1	0.0008		False
Cluster_19451	1	0.0008		False
Cluster_15691	1	0.0008		False
Cluster_5474	1	0.0008		False
Cluster_4460	1	0.0008		False
Cluster_24555	1	0.0008		False
Cluster_21807	1	0.0008		False
Cluster_4307	1	0.0008		False
Cluster_24626	1	0.0008		False
Cluster_21405	1	0.0008		False
Cluster_20308	1	0.0008		False
Cluster_16100	1	0.0008		False
Cluster_21622	1	0.0008		False
Cluster_25351	1	0.0008		False
Cluster_16462	1	0.0008		False
Cluster_17675	1	0.0008		False
Cluster_23957	1	0.0008		False
Cluster_23543	1	0.0008		False
Cluster_10896	1	0.0008		False
Cluster_16734	1	0.0008		False
Cluster_5630	1	0.0008		False
Cluster_6682	1	0.0008		False
Cluster_17961	1	0.0008		False
Cluster_21569	1	0.0008		False
Cluster_17097	1	0.0008		False
Cluster_1986	1	0.0008		False
Cluster_12194	1	0.0008		False
Cluster_25269	1	0.0008		False
Cluster_22361	1	0.0008		False
Cluster_18198	1	0.0008		False
Cluster_5694	1	0.0008		False
Cluster_15479	1	0.0008		False
Cluster_3514	1	0.0008		False
Cluster_25454	1	0.0008		False
Cluster_383	1	0.0008		False
Cluster_13653	1	0.0008		False
Cluster_3361	1	0.0008		False
Cluster_10411	1	0.0008		False
Cluster_5777	1	0.0008		False
Cluster_21631	1	0.0008		False
Cluster_12317	1	0.0008		False
Cluster_23285	1	0.0008		False
Cluster_25188	1	0.0008		False
Cluster_13845	1	0.0008		False
Cluster_16534	1	0.0008		False
Cluster_23743	1	0.0008		False
Cluster_2784	1	0.0008		False
Cluster_1728	1	0.0008		False
Cluster_10277	1	0.0008		False
Cluster_22532	1	0.0008		False
Cluster_16146	1	0.0008		False
Cluster_9229	1	0.0008		False
Cluster_14251	1	0.0008		False
Cluster_3250	1	0.0008		False
Cluster_9386	1	0.0008		False
Cluster_21082	1	0.0008		False
Cluster_17613	1	0.0008		False
Cluster_17788	1	0.0008		False
Cluster_23826	1	0.0008		False
Cluster_8967	1	0.0008		False
Cluster_4380	1	0.0008		False
Cluster_5439	1	0.0008		False
Cluster_18643	1	0.0008		False
Cluster_10197	1	0.0008		False
Cluster_20842	1	0.0008		False
Cluster_24102	1	0.0008		False
Cluster_7308	1	0.0008		False
Cluster_14270	1	0.0008		False
Cluster_1592	1	0.0008		False
Cluster_24862	1	0.0008		False
Cluster_25293	1	0.0008		False
Cluster_16303	1	0.0008		False
Cluster_10909	1	0.0008		False
Cluster_21593	1	0.0008		False
Cluster_11822	1	0.0008		False
Cluster_5365	1	0.0008		False
Cluster_4316	1	0.0008		False
Cluster_20239	1	0.0008		False
Cluster_1515	1	0.0008		False
Cluster_10349	1	0.0008		False
Cluster_6581	1	0.0008		False
Cluster_20696	1	0.0008		False
Cluster_20440	1	0.0008		False
Cluster_6007	1	0.0008		False
Cluster_9310	1	0.0008		False
Cluster_6146	1	0.0008		False
Cluster_2966	1	0.0008		False
Cluster_18545	1	0.0008		False
Cluster_19894	1	0.0008		False
Cluster_13086	1	0.0008		False
Cluster_9856	1	0.0008		False
Cluster_23853	1	0.0008		False
Cluster_2775	1	0.0008		False
Cluster_2351	1	0.0008		False
Cluster_25173	1	0.0008		False
Cluster_13755	1	0.0008		False
Cluster_12589	1	0.0008		False
Cluster_20406	1	0.0008		False
Cluster_23645	1	0.0008		False
Cluster_3377	1	0.0008		False
Cluster_4042	1	0.0008		False
Cluster_14393	1	0.0008		False
Cluster_23218	1	0.0008		False
Cluster_20552	1	0.0008		False
Cluster_2260	1	0.0008		False
Cluster_4870	1	0.0008		False
Cluster_1910	1	0.0008		False
Cluster_1861	1	0.0008		False
Cluster_8366	1	0.0008		False
Cluster_21793	1	0.0008		False
Cluster_26064	1	0.0008		False
Cluster_9832	1	0.0008		False
Cluster_2755	1	0.0008		False
Cluster_13626	1	0.0008		False
Cluster_19910	1	0.0008		False
Cluster_11158	1	0.0008		False
Cluster_13555	1	0.0008		False
Cluster_9987	1	0.0008		False
Cluster_17715	1	0.0008		False
Cluster_423	1	0.0008		False
Cluster_18283	1	0.0008		False
Cluster_18745	1	0.0008		False
Cluster_15052	1	0.0008		False
Cluster_10799	1	0.0008		False
Cluster_9206	1	0.0008		False
Cluster_14957	1	0.0008		False
Cluster_5076	1	0.0008		False
Cluster_18089	1	0.0008		False
Cluster_18331	1	0.0008		False
Cluster_6414	1	0.0008		False
Cluster_25385	1	0.0008		False
Cluster_5998	1	0.0008		False
Cluster_37	1	0.0008		False
Cluster_8055	1	0.0008		False
Cluster_25835	1	0.0008		False
Cluster_12045	1	0.0008		False
Cluster_10120	1	0.0008		False
Cluster_11497	1	0.0008		False
Cluster_7288	1	0.0008		False
Cluster_18434	1	0.0008		False
Cluster_19872	1	0.0008		False
Cluster_12438	1	0.0008		False
Cluster_10950	1	0.0008		False
Cluster_17680	1	0.0008		False
Cluster_9064	1	0.0008		False
Cluster_7166	1	0.0008		False
Cluster_8075	1	0.0008		False
Cluster_21343	1	0.0008		False
Cluster_23251	1	0.0008		False
Cluster_8486	1	0.0008		False
Cluster_4906	1	0.0008		False
Cluster_21903	1	0.0008		False
Cluster_10599	1	0.0008		False
Cluster_25416	1	0.0008		False
Cluster_854	1	0.0008		False
Cluster_4899	1	0.0008		False
Cluster_5056	1	0.0008		False
Cluster_2048	1	0.0008		False
Cluster_23270	1	0.0008		False
Cluster_20033	1	0.0008		False
Cluster_13460	1	0.0008		False
Cluster_10356	1	0.0008		False
Cluster_17267	1	0.0008		False
Cluster_11607	1	0.0008		False
Cluster_23729	1	0.0008		False
Cluster_25099	1	0.0008		False
Cluster_2739	1	0.0008		False
Cluster_315	1	0.0008		False
Cluster_22112	1	0.0008		False
Cluster_19612	1	0.0008		False
Cluster_352	1	0.0008		False
Cluster_118	1	0.0008		False
Cluster_22223	1	0.0008		False
Cluster_26108	1	0.0008		False
Cluster_21984	1	0.0008		False
Cluster_18460	1	0.0008		False
Cluster_9065	1	0.0008		False
Cluster_8238	1	0.0008		False
Cluster_13562	1	0.0008		False
Cluster_12786	1	0.0008		False
Cluster_3451	1	0.0008		False
Cluster_5010	1	0.0008		False
Cluster_5484	1	0.0008		False
Cluster_20565	1	0.0008		False
Cluster_21707	1	0.0008		False
Cluster_14553	1	0.0008		False
Cluster_1481	1	0.0008		False
Cluster_7452	1	0.0008		False
Cluster_15378	1	0.0008		False
Cluster_6492	1	0.0008		False
Cluster_8054	1	0.0008		False
Cluster_6763	1	0.0008		False
Cluster_25633	1	0.0008		False
Cluster_13434	1	0.0008		False
Cluster_10906	1	0.0008		False
Cluster_13322	1	0.0008		False
Cluster_13762	1	0.0008		False
Cluster_2477	1	0.0008		False
Cluster_10346	1	0.0008		False
Cluster_9621	1	0.0008		False
Cluster_19319	1	0.0008		False
Cluster_14468	1	0.0008		False
Cluster_5583	1	0.0008		False
Cluster_5538	1	0.0008		False
Cluster_2201	1	0.0008		False
Cluster_13881	1	0.0008		False
Cluster_15937	1	0.0008		False
Cluster_21353	1	0.0008		False
Cluster_24855	1	0.0008		False
Cluster_16397	1	0.0008		False
Cluster_20325	1	0.0008		False
Cluster_25207	1	0.0008		False
Cluster_12586	1	0.0008		False
Cluster_7472	1	0.0008		False
Cluster_24278	1	0.0008		False
Cluster_14753	1	0.0008		False
Cluster_1270	1	0.0008		False
Cluster_24457	1	0.0008		False
Cluster_18555	1	0.0008		False
Cluster_11693	1	0.0008		False
Cluster_9332	1	0.0008		False
Cluster_9376	1	0.0008		False
Cluster_14032	1	0.0008		False
Cluster_25419	1	0.0008		False
Cluster_13283	1	0.0008		False
Cluster_15310	1	0.0008		False
Cluster_21869	1	0.0008		False
Cluster_7743	1	0.0008		False
Cluster_16212	1	0.0008		False
Cluster_6652	1	0.0008		False
Cluster_3986	1	0.0008		False
Cluster_1956	1	0.0008		False
Cluster_12208	1	0.0008		False
Cluster_3877	1	0.0008		False
Cluster_8866	1	0.0008		False
Cluster_10359	1	0.0008		False
Cluster_1361	1	0.0008		False
Cluster_22938	1	0.0008		False
Cluster_16547	1	0.0008		False
Cluster_14021	1	0.0008		False
Cluster_183	1	0.0008		False
Cluster_5364	1	0.0008		False
Cluster_7692	1	0.0008		False
Cluster_13545	1	0.0008		False
Cluster_8211	1	0.0008		False
Cluster_15916	1	0.0008		False
Cluster_17982	1	0.0008		False
Cluster_19268	1	0.0008		False
Cluster_11403	1	0.0008		False
Cluster_959	1	0.0008		False
Cluster_2851	1	0.0008		False
Cluster_3280	1	0.0008		False
Cluster_22382	1	0.0008		False
Cluster_23526	1	0.0008		False
Cluster_20217	1	0.0008		False
Cluster_23655	1	0.0008		False
Cluster_22377	1	0.0008		False
Cluster_16747	1	0.0008		False
Cluster_1887	1	0.0008		False
Cluster_6672	1	0.0008		False
Cluster_8039	1	0.0008		False
Cluster_6636	1	0.0008		False
Cluster_14681	1	0.0008		False
Cluster_22029	1	0.0008		False
Cluster_5865	1	0.0008		False
Cluster_4816	1	0.0008		False
Cluster_1976	1	0.0008		False
Cluster_3857	1	0.0008		False
Cluster_1932	1	0.0008		False
Cluster_20542	1	0.0008		False
Cluster_23960	1	0.0008		False
Cluster_1413	1	0.0008		False
Cluster_23038	1	0.0008		False
Cluster_25637	1	0.0008		False
Cluster_19685	1	0.0008		False
Cluster_17066	1	0.0008		False
Cluster_10750	1	0.0008		False
Cluster_19092	1	0.0008		False
Cluster_14860	1	0.0008		False
Cluster_9319	1	0.0008		False
Cluster_10442	1	0.0008		False
Cluster_21820	1	0.0008		False
Cluster_18962	1	0.0008		False
Cluster_24064	1	0.0008		False
Cluster_15719	1	0.0008		False
Cluster_10771	1	0.0008		False
Cluster_23445	1	0.0008		False
Cluster_21357	1	0.0008		False
Cluster_4859	1	0.0008		False
Cluster_8346	1	0.0008		False
Cluster_8702	1	0.0008		False
Cluster_25203	1	0.0008		False
Cluster_11024	1	0.0008		False
Cluster_16393	1	0.0008		False
Cluster_5844	1	0.0008		False
Cluster_14757	1	0.0008		False
Cluster_2240	1	0.0008		False
Cluster_10867	1	0.0008		False
Cluster_24647	1	0.0008		False
Cluster_6720	1	0.0008		False
Cluster_4184	1	0.0008		False
Cluster_25071	1	0.0008		False
Cluster_10166	1	0.0008		False
Cluster_6288	1	0.0008		False
Cluster_23159	1	0.0008		False
Cluster_20811	1	0.0008		False
Cluster_13174	1	0.0008		False
Cluster_6233	1	0.0008		False
Cluster_25879	1	0.0008		False
Cluster_12864	1	0.0008		False
Cluster_2269	1	0.0008		False
Cluster_4879	1	0.0008		False
Cluster_1919	1	0.0008		False
Cluster_13294	1	0.0008		False
Cluster_20640	1	0.0008		False
Cluster_25050	1	0.0008		False
Cluster_5958	1	0.0008		False
Cluster_7080	1	0.0008		False
Cluster_14303	1	0.0008		False
Cluster_8095	1	0.0008		False
Cluster_5345	1	0.0008		False
Cluster_10571	1	0.0008		False
Cluster_4209	1	0.0008		False
Cluster_20131	1	0.0008		False
Cluster_3105	1	0.0008		False
Cluster_19510	1	0.0008		False
Cluster_24568	1	0.0008		False
Cluster_2068	1	0.0008		False
Cluster_2795	1	0.0008		False
Cluster_13660	1	0.0008		False
Cluster_11528	1	0.0008		False
Cluster_24981	1	0.0008		False
Cluster_17973	1	0.0008		False
Cluster_16285	1	0.0008		False
Cluster_20122	1	0.0008		False
Cluster_18429	1	0.0008		False
Cluster_22373	1	0.0008		False
Cluster_23534	1	0.0008		False
Cluster_7717	1	0.0008		False
Cluster_23146	1	0.0008		False
Cluster_10709	1	0.0008		False
Cluster_1572	1	0.0008		False
Cluster_25616	1	0.0008		False
Cluster_6089	1	0.0008		False
Cluster_1536	1	0.0008		False
Cluster_25801	1	0.0008		False
Cluster_2002	1	0.0008		False
Cluster_18945	1	0.0008		False
Cluster_11728	1	0.0008		False
Cluster_11368	1	0.0008		False
Cluster_9909	1	0.0008		False
Cluster_25009	1	0.0008		False
Cluster_7146	1	0.0008		False
Cluster_13192	1	0.0008		False
Cluster_20275	1	0.0008		False
Cluster_17915	1	0.0008		False
Cluster_12638	1	0.0008		False
Cluster_20858	1	0.0008		False
Cluster_19710	1	0.0008		False
Cluster_7581	1	0.0008		False
Cluster_20195	1	0.0008		False
Cluster_13272	1	0.0008		False
Cluster_2426	1	0.0008		False
Cluster_23462	1	0.0008		False
Cluster_11075	1	0.0008		False
Cluster_5685	1	0.0008		False
Cluster_23734	1	0.0008		False
Cluster_1667	1	0.0008		False
Cluster_7672	1	0.0008		False
Cluster_14397	1	0.0008		False
Cluster_1058	1	0.0008		False
Cluster_3671	1	0.0008		False
Cluster_476	1	0.0008		False
Cluster_23926	1	0.0008		False
Cluster_17577	1	0.0008		False
Cluster_22738	1	0.0008		False
Cluster_20942	1	0.0008		False
Cluster_5019	1	0.0008		False
Cluster_4334	1	0.0008		False
Cluster_3897	1	0.0008		False
Cluster_21797	1	0.0008		False
Cluster_16468	1	0.0008		False
Cluster_2223	1	0.0008		False
Cluster_5231	1	0.0008		False
Cluster_3104	1	0.0008		False
Cluster_9603	1	0.0008		False
Cluster_5027	1	0.0008		False
Cluster_1234	1	0.0008		False
Cluster_25433	1	0.0008		False
Cluster_13945	1	0.0008		False
Cluster_2730	1	0.0008		False
Cluster_2891	1	0.0008		False
Cluster_18287	1	0.0008		False
Cluster_955	1	0.0008		False
Cluster_9396	1	0.0008		False
Cluster_10390	1	0.0008		False
Cluster_18192	1	0.0008		False
Cluster_17582	1	0.0008		False
Cluster_1290	1	0.0008		False
Cluster_20499	1	0.0008		False
Cluster_1996	1	0.0008		False
Cluster_17069	1	0.0008		False
Cluster_7567	1	0.0008		False
Cluster_7652	1	0.0008		False
Cluster_1809	1	0.0008		False
Cluster_16947	1	0.0008		False
Cluster_21088	1	0.0008		False
Cluster_8531	1	0.0008		False
Cluster_3651	1	0.0008		False
Cluster_20609	1	0.0008		False
Cluster_2562	1	0.0008		False
Cluster_20848	1	0.0008		False
Cluster_10996	1	0.0008		False
Cluster_25177	1	0.0008		False
Cluster_18660	1	0.0008		False
Cluster_1613	1	0.0008		False
Cluster_21347	1	0.0008		False
Cluster_15537	1	0.0008		False
Cluster_8518	1	0.0008		False
Cluster_4502	1	0.0008		False
Cluster_6472	1	0.0008		False
Cluster_4379	1	0.0008		False
Cluster_25312	1	0.0008		False
Cluster_14747	1	0.0008		False
Cluster_21907	1	0.0008		False
Cluster_13868	1	0.0008		False
Cluster_5845	1	0.0008		False
Cluster_12298	1	0.0008		False
Cluster_10740	1	0.0008		False
Cluster_21784	1	0.0008		False
Cluster_9941	1	0.0008		False
Cluster_20037	1	0.0008		False
Cluster_201	1	0.0008		False
Cluster_14834	1	0.0008		False
Cluster_11603	1	0.0008		False
Cluster_10452	1	0.0008		False
Cluster_4568	1	0.0008		False
Cluster_14953	1	0.0008		False
Cluster_14547	1	0.0008		False
Cluster_8030	1	0.0008		False
Cluster_20965	1	0.0008		False
Cluster_16829	1	0.0008		False
Cluster_3491	1	0.0008		False
Cluster_14123	1	0.0008		False
Cluster_19333	1	0.0008		False
Cluster_7415	1	0.0008		False
Cluster_15737	1	0.0008		False
Cluster_8094	1	0.0008		False
Cluster_22489	1	0.0008		False
Cluster_6452	1	0.0008		False
Cluster_1341	1	0.0008		False
Cluster_20650	1	0.0008		False
Cluster_14212	1	0.0008		False
Cluster_4185	1	0.0008		False
Cluster_4241	1	0.0008		False
Cluster_3326	1	0.0008		False
Cluster_270	1	0.0008		False
Cluster_16032	1	0.0008		False
Cluster_2497	1	0.0008		False
Cluster_3289	1	0.0008		False
Cluster_24657	1	0.0008		False
Cluster_25619	1	0.0008		False
Cluster_9758	1	0.0008		False
Cluster_23149	1	0.0008		False
Cluster_21966	1	0.0008		False
Cluster_20711	1	0.0008		False
Cluster_26089	1	0.0008		False
Cluster_16241	1	0.0008		False
Cluster_25779	1	0.0008		False
Cluster_12421	1	0.0008		False
Cluster_14926	1	0.0008		False
Cluster_25067	1	0.0008		False
Cluster_25220	1	0.0008		False
Cluster_25991	1	0.0008		False
Cluster_2847	1	0.0008		False
Cluster_5160	1	0.0008		False
Cluster_5726	1	0.0008		False
Cluster_21520	1	0.0008		False
Cluster_24305	1	0.0008		False
Cluster_3744	1	0.0008		False
Cluster_7070	1	0.0008		False
Cluster_22057	1	0.0008		False
Cluster_18768	1	0.0008		False
Cluster_24634	1	0.0008		False
Cluster_12764	1	0.0008		False
Cluster_4889	1	0.0008		False
Cluster_24945	1	0.0008		False
Cluster_11705	1	0.0008		False
Cluster_10567	1	0.0008		False
Cluster_12432	1	0.0008		False
Cluster_21803	1	0.0008		False
Cluster_3841	1	0.0008		False
Cluster_4524	1	0.0008		False
Cluster_5149	1	0.0008		False
Cluster_4154	1	0.0008		False
Cluster_21720	1	0.0008		False
Cluster_19704	1	0.0008		False
Cluster_7298	1	0.0008		False
Cluster_21360	1	0.0008		False
Cluster_6258	1	0.0008		False
Cluster_20511	1	0.0008		False
Cluster_3927	1	0.0008		False
Cluster_8725	1	0.0008		False
Cluster_25579	1	0.0008		False
Cluster_12183	1	0.0008		False
Cluster_22630	1	0.0008		False
Cluster_11505	1	0.0008		False
Cluster_10327	1	0.0008		False
Cluster_13108	1	0.0008		False
Cluster_3919	1	0.0008		False
Cluster_15205	1	0.0008		False
Cluster_14857	1	0.0008		False
Cluster_21199	1	0.0008		False
Cluster_18981	1	0.0008		False
Cluster_794	1	0.0008		False
Cluster_19987	1	0.0008		False
Cluster_20054	1	0.0008		False
Cluster_15819	1	0.0008		False
Cluster_5933	1	0.0008		False
Cluster_13443	1	0.0008		False
Cluster_25644	1	0.0008		False
Cluster_15011	1	0.0008		False
Cluster_18568	1	0.0008		False
Cluster_23114	1	0.0008		False
Cluster_7050	1	0.0008		False
Cluster_23481	1	0.0008		False
Cluster_1105	1	0.0008		False
Cluster_13030	1	0.0008		False
Cluster_23747	1	0.0008		False
Cluster_10273	1	0.0008		False
Cluster_20758	1	0.0008		False
Cluster_19810	1	0.0008		False
Cluster_16655	1	0.0008		False
Cluster_25701	1	0.0008		False
Cluster_11828	1	0.0008		False
Cluster_17617	1	0.0008		False
Cluster_15139	1	0.0008		False
Cluster_2025	1	0.0008		False
Cluster_5675	1	0.0008		False
Cluster_19641	1	0.0008		False
Cluster_6862	1	0.0008		False
Cluster_10193	1	0.0008		False
Cluster_4943	1	0.0008		False
Cluster_3536	1	0.0008		False
Cluster_8656	1	0.0008		False
Cluster_23212	1	0.0008		False
Cluster_2441	1	0.0008		False
Cluster_742	1	0.0008		False
Cluster_12068	1	0.0008		False
Cluster_21201	1	0.0008		False
Cluster_4297	1	0.0008		False
Cluster_18064	1	0.0008		False
Cluster_16726	1	0.0008		False
Cluster_2661	1	0.0008		False
Cluster_21015	1	0.0008		False
Cluster_23953	1	0.0008		False
Cluster_23547	1	0.0008		False
Cluster_6808	1	0.0008		False
Cluster_10001	1	0.0008		False
Cluster_696	1	0.0008		False
Cluster_11152	1	0.0008		False
Cluster_24962	1	0.0008		False
Cluster_5655	1	0.0008		False
Cluster_13657	1	0.0008		False
Cluster_15058	1	0.0008		False
Cluster_6591	1	0.0008		False
Cluster_10215	1	0.0008		False
Cluster_11922	1	0.0008		False
Cluster_9243	1	0.0008		False
Cluster_16843	1	0.0008		False
Cluster_1671	1	0.0008		False
Cluster_22151	1	0.0008		False
Cluster_11466	1	0.0008		False
Cluster_5674	1	0.0008		False
Cluster_4660	1	0.0008		False
Cluster_1088	1	0.0008		False
Cluster_24426	1	0.0008		False
Cluster_25576	1	0.0008		False
Cluster_22921	1	0.0008		False
Cluster_23860	1	0.0008		False
Cluster_17321	1	0.0008		False
Cluster_1897	1	0.0008		False
Cluster_21276	1	0.0008		False
Cluster_15491	1	0.0008		False
Cluster_22290	1	0.0008		False
Cluster_16645	1	0.0008		False
Cluster_22170	1	0.0008		False
Cluster_5101	1	0.0008		False
Cluster_12202	1	0.0008		False
Cluster_3234	1	0.0008		False
Cluster_21196	1	0.0008		False
Cluster_23757	1	0.0008		False
Cluster_1104	1	0.0008		False
Cluster_9446	1	0.0008		False
Cluster_8427	1	0.0008		False
Cluster_14445	1	0.0008		False
Cluster_958	1	0.0008		False
Cluster_17332	1	0.0008		False
Cluster_3290	1	0.0008		False
Cluster_17424	1	0.0008		False
Cluster_10076	1	0.0008		False
Cluster_25161	1	0.0008		False
Cluster_15816	1	0.0008		False
Cluster_15394	1	0.0008		False
Cluster_25776	1	0.0008		False
Cluster_6362	1	0.0008		False
Cluster_14159	1	0.0008		False
Cluster_17561	1	0.0008		False
Cluster_24174	1	0.0008		False
Cluster_3078	1	0.0008		False
Cluster_1651	1	0.0008		False
Cluster_16853	1	0.0008		False
Cluster_4649	1	0.0008		False
Cluster_22388	1	0.0008		False
Cluster_7682	1	0.0008		False
Cluster_15048	1	0.0008		False
Cluster_3681	1	0.0008		False
Cluster_17296	1	0.0008		False
Cluster_10658	1	0.0008		False
Cluster_14929	1	0.0008		False
Cluster_3809	1	0.0008		False
Cluster_5654	1	0.0008		False
Cluster_18030	1	0.0008		False
Cluster_24294	1	0.0008		False
Cluster_23557	1	0.0008		False
Cluster_15435	1	0.0008		False
Cluster_9537	1	0.0008		False
Cluster_16270	1	0.0008		False
Cluster_3745	1	0.0008		False
Cluster_13981	1	0.0008		False
Cluster_19245	1	0.0008		False
Cluster_26102	1	0.0008		False
Cluster_7016	1	0.0008		False
Cluster_5593	1	0.0008		False
Cluster_19783	1	0.0008		False
Cluster_15387	1	0.0008		False
Cluster_12730	1	0.0008		False
Cluster_24125	1	0.0008		False
Cluster_19618	1	0.0008		False
Cluster_10963	1	0.0008		False
Cluster_11165	1	0.0008		False
Cluster_17007	1	0.0008		False
Cluster_16729	1	0.0008		False
Cluster_16369	1	0.0008		False
Cluster_18443	1	0.0008		False
Cluster_10806	1	0.0008		False
Cluster_4920	1	0.0008		False
Cluster_14534	1	0.0008		False
Cluster_15372	1	0.0008		False
Cluster_20398	1	0.0008		False
Cluster_16190	1	0.0008		False
Cluster_13328	1	0.0008		False
Cluster_1491	1	0.0008		False
Cluster_14847	1	0.0008		False
Cluster_13768	1	0.0008		False
Cluster_10611	1	0.0008		False
Cluster_3341	1	0.0008		False
Cluster_6918	1	0.0008		False
Cluster_11080	1	0.0008		False
Cluster_25654	1	0.0008		False
Cluster_12530	1	0.0008		False
Cluster_7342	1	0.0008		False
Cluster_20044	1	0.0008		False
Cluster_119	1	0.0008		False
Cluster_1289	1	0.0008		False
Cluster_19164	1	0.0008		False
Cluster_4155	1	0.0008		False
Cluster_15136	1	0.0008		False
Cluster_1326	1	0.0008		False
Cluster_2600	1	0.0008		False
Cluster_21334	1	0.0008		False
Cluster_20280	1	0.0008		False
Cluster_10840	1	0.0008		False
Cluster_9733	1	0.0008		False
Cluster_16662	1	0.0008		False
Cluster_11244	1	0.0008		False
Cluster_9788	1	0.0008		False
Cluster_24071	1	0.0008		False
Cluster_10764	1	0.0008		False
Cluster_23601	1	0.0008		False
Cluster_14854	1	0.0008		False
Cluster_24879	1	0.0008		False
Cluster_13776	1	0.0008		False
Cluster_10324	1	0.0008		False
Cluster_25647	1	0.0008		False
Cluster_7270	1	0.0008		False
Cluster_23048	1	0.0008		False
Cluster_19984	1	0.0008		False
Cluster_20057	1	0.0008		False
Cluster_7361	1	0.0008		False
Cluster_14519	1	0.0008		False
Cluster_6996	1	0.0008		False
Cluster_783	1	0.0008		False
Cluster_15303	1	0.0008		False
Cluster_7514	1	0.0008		False
Cluster_10421	1	0.0008		False
Cluster_19707	1	0.0008		False
Cluster_5843	1	0.0008		False
Cluster_1743	1	0.0008		False
Cluster_8337	1	0.0008		False
Cluster_6809	1	0.0008		False
Cluster_6078	1	0.0008		False
Cluster_23435	1	0.0008		False
Cluster_2937	1	0.0008		False
Cluster_22054	1	0.0008		False
Cluster_12079	1	0.0008		False
Cluster_12767	1	0.0008		False
Cluster_23491	1	0.0008		False
Cluster_4183	1	0.0008		False
Cluster_6290	1	0.0008		False
Cluster_15860	1	0.0008		False
Cluster_21319	1	0.0008		False
Cluster_20630	1	0.0008		False
Cluster_11410	1	0.0008		False
Cluster_11985	1	0.0008		False
Cluster_6058	1	0.0008		False
Cluster_15757	1	0.0008		False
Cluster_19428	1	0.0008		False
Cluster_23816	1	0.0008		False
Cluster_23394	1	0.0008		False
Cluster_838	1	0.0008		False
Cluster_14933	1	0.0008		False
Cluster_6259	1	0.0008		False
Cluster_25328	1	0.0008		False
Cluster_25768	1	0.0008		False
Cluster_24801	1	0.0008		False
Cluster_24009	1	0.0008		False
Cluster_23136	1	0.0008		False
Cluster_19869	1	0.0008		False
Cluster_19061	1	0.0008		False
Cluster_17168	1	0.0008		False
Cluster_3035	1	0.0008		False
Cluster_12273	1	0.0008		False
Cluster_18067	1	0.0008		False
Cluster_10313	1	0.0008		False
Cluster_18991	1	0.0008		False
Cluster_1452	1	0.0008		False
Cluster_23387	1	0.0008		False
Cluster_17614	1	0.0008		False
Cluster_10375	1	0.0008		False
Cluster_12001	1	0.0008		False
Cluster_7137	1	0.0008		False
Cluster_18935	1	0.0008		False
Cluster_26099	1	0.0008		False
Cluster_12809	1	0.0008		False
Cluster_22558	1	0.0008		False
Cluster_4888	1	0.0008		False
Cluster_846	1	0.0008		False
Cluster_1472	1	0.0008		False
Cluster_16533	1	0.0008		False
Cluster_1436	1	0.0008		False
Cluster_23744	1	0.0008		False
Cluster_23372	1	0.0008		False
Cluster_7800	1	0.0008		False
Cluster_10068	1	0.0008		False
Cluster_11090	1	0.0008		False
Cluster_6919	1	0.0008		False
Cluster_4333	1	0.0008		False
Cluster_20932	1	0.0008		False
Cluster_8431	1	0.0008		False
Cluster_19593	1	0.0008		False
Cluster_3090	1	0.0008		False
Cluster_13579	1	0.0008		False
Cluster_9171	1	0.0008		False
Cluster_23554	1	0.0008		False
Cluster_10202	1	0.0008		False
Cluster_3034	1	0.0008		False
Cluster_16378	1	0.0008		False
Cluster_25108	1	0.0008		False
Cluster_362	1	0.0008		False
Cluster_813	1	0.0008		False
Cluster_20290	1	0.0008		False
Cluster_24177	1	0.0008		False
Cluster_1720	1	0.0008		False
Cluster_21316	1	0.0008		False
Cluster_3103	1	0.0008		False
Cluster_23011	1	0.0008		False
Cluster_5820	1	0.0008		False
Cluster_15114	1	0.0008		False
Cluster_21002	1	0.0008		False
Cluster_1233	1	0.0008		False
Cluster_25443	1	0.0008		False
Cluster_13644	1	0.0008		False
Cluster_23819	1	0.0008		False
Cluster_3258	1	0.0008		False
Cluster_16937	1	0.0008		False
Cluster_5683	1	0.0008		False
Cluster_22548	1	0.0008		False
Cluster_6841	1	0.0008		False
Cluster_2110	1	0.0008		False
Cluster_17508	1	0.0008		False
Cluster_15397	1	0.0008		False
Cluster_17427	1	0.0008		False
Cluster_13067	1	0.0008		False
Cluster_21910	1	0.0008		False
Cluster_12658	1	0.0008		False
Cluster_3278	1	0.0008		False
Cluster_16180	1	0.0008		False
Cluster_17874	1	0.0008		False
Cluster_20388	1	0.0008		False
Cluster_24433	1	0.0008		False
Cluster_396	1	0.0008		False
Cluster_4648	1	0.0008		False
Cluster_15123	1	0.0008		False
Cluster_6122	1	0.0008		False
Cluster_22398	1	0.0008		False
Cluster_3808	1	0.0008		False
Cluster_17998	1	0.0008		False
Cluster_6552	1	0.0008		False
Cluster_6447	1	0.0008		False
Cluster_17286	1	0.0008		False
Cluster_7592	1	0.0008		False
Cluster_1614	1	0.0008		False
Cluster_888	1	0.0008		False
Cluster_5611	1	0.0008		False
Cluster_21887	1	0.0008		False
Cluster_2382	1	0.0008		False
Cluster_10104	1	0.0008		False
Cluster_18576	1	0.0008		False
Cluster_20118	1	0.0008		False
Cluster_2597	1	0.0008		False
Cluster_20047	1	0.0008		False
Cluster_23058	1	0.0008		False
Cluster_7216	1	0.0008		False
Cluster_19343	1	0.0008		False
Cluster_5343	1	0.0008		False
Cluster_21978	1	0.0008		False
Cluster_7861	1	0.0008		False
Cluster_22280	1	0.0008		False
Cluster_25030	1	0.0008		False
Cluster_8982	1	0.0008		False
Cluster_14537	1	0.0008		False
Cluster_3059	1	0.0008		False
Cluster_24006	1	0.0008		False
Cluster_1089	1	0.0008		False
Cluster_6536	1	0.0008		False
Cluster_8418	1	0.0008		False
Cluster_7764	1	0.0008		False
Cluster_4402	1	0.0008		False
Cluster_23676	1	0.0008		False
Cluster_9020	1	0.0008		False
Cluster_10530	1	0.0008		False
Cluster_15834	1	0.0008		False
Cluster_22044	1	0.0008		False
Cluster_18776	1	0.0008		False
Cluster_12611	1	0.0008		False
Cluster_16042	1	0.0008		False
Cluster_12999	1	0.0008		False
Cluster_4173	1	0.0008		False
Cluster_24579	1	0.0008		False
Cluster_25429	1	0.0008		False
Cluster_5296	1	0.0008		False
Cluster_17646	1	0.0008		False
Cluster_14554	1	0.0008		False
Cluster_13297	1	0.0008		False
Cluster_15760	1	0.0008		False
Cluster_986	1	0.0008		False
Cluster_12771	1	0.0008		False
Cluster_4424	1	0.0008		False
Cluster_19106	1	0.0008		False
Cluster_18616	1	0.0008		False
Cluster_11687	1	0.0008		False
Cluster_24935	1	0.0008		False
Cluster_24644	1	0.0008		False
Cluster_22224	1	0.0008		False
Cluster_837	1	0.0008		False
Cluster_7691	1	0.0008		False
Cluster_5595	1	0.0008		False
Cluster_7877	1	0.0008		False
Cluster_12750	1	0.0008		False
Cluster_3615	1	0.0008		False
Cluster_7986	1	0.0008		False
Cluster_20185	1	0.0008		False
Cluster_15857	1	0.0008		False
Cluster_3743	1	0.0008		False
Cluster_24220	1	0.0008		False
Cluster_24067	1	0.0008		False
Cluster_22496	1	0.0008		False
Cluster_21354	1	0.0008		False
Cluster_24991	1	0.0008		False
Cluster_16175	1	0.0008		False
Cluster_6104	1	0.0008		False
Cluster_9735	1	0.0008		False
Cluster_11379	1	0.0008		False
Cluster_8212	1	0.0008		False
Cluster_10864	1	0.0008		False
Cluster_14754	1	0.0008		False
Cluster_2069	1	0.0008		False
Cluster_4153	1	0.0008		False
Cluster_25634	1	0.0008		False
Cluster_13433	1	0.0008		False
Cluster_18801	1	0.0008		False
Cluster_12550	1	0.0008		False
Cluster_22019	1	0.0008		False
Cluster_7857	1	0.0008		False
Cluster_21451	1	0.0008		False
Cluster_6088	1	0.0008		False
Cluster_22811	1	0.0008		False
Cluster_18009	1	0.0008		False
Cluster_25305	1	0.0008		False
Cluster_20227	1	0.0008		False
Cluster_16295	1	0.0008		False
Cluster_20060	1	0.0008		False
Cluster_8596	1	0.0008		False
Cluster_835	1	0.0008		False
Cluster_6897	1	0.0008		False
Cluster_22952	1	0.0008		False
Cluster_6289	1	0.0008		False
Cluster_16124	1	0.0008		False
Cluster_19405	1	0.0008		False
Cluster_12709	1	0.0008		False
Cluster_13040	1	0.0008		False
Cluster_22122	1	0.0008		False
Cluster_20373	1	0.0008		False
Cluster_24501	1	0.0008		False
Cluster_23737	1	0.0008		False
Cluster_19569	1	0.0008		False
Cluster_4944	1	0.0008		False
Cluster_11694	1	0.0008		False
Cluster_5959	1	0.0008		False
Cluster_8769	1	0.0008		False
Cluster_2186	1	0.0008		False
Cluster_3547	1	0.0008		False
Cluster_1918	1	0.0008		False
Cluster_15149	1	0.0008		False
Cluster_1035	1	0.0008		False
Cluster_23844	1	0.0008		False
Cluster_7451	1	0.0008		False
Cluster_11941	1	0.0008		False
Cluster_717	1	0.0008		False
Cluster_23537	1	0.0008		False
Cluster_13006	1	0.0008		False
Cluster_7207	1	0.0008		False
Cluster_22195	1	0.0008		False
Cluster_12509	1	0.0008		False
Cluster_13312	1	0.0008		False
Cluster_10638	1	0.0008		False
Cluster_21418	1	0.0008		False
Cluster_4858	1	0.0008		False
Cluster_4719	1	0.0008		False
Cluster_17659	1	0.0008		False
Cluster_10989	1	0.0008		False
Cluster_7471	1	0.0008		False
Cluster_16833	1	0.0008		False
Cluster_9244	1	0.0008		False
Cluster_14139	1	0.0008		False
Cluster_19329	1	0.0008		False
Cluster_11404	1	0.0008		False
Cluster_506	1	0.0008		False
Cluster_16401	1	0.0008		False
Cluster_14117	1	0.0008		False
Cluster_12390	1	0.0008		False
Cluster_22499	1	0.0008		False
Cluster_11376	1	0.0008		False
Cluster_14048	1	0.0008		False
Cluster_4358	1	0.0008		False
Cluster_15929	1	0.0008		False
Cluster_19893	1	0.0008		False
Cluster_5227	1	0.0008		False
Cluster_23854	1	0.0008		False
Cluster_13879	1	0.0008		False
Cluster_15159	1	0.0008		False
Cluster_13071	1	0.0008		False
Cluster_25174	1	0.0008		False
Cluster_5673	1	0.0008		False
Cluster_25294	1	0.0008		False
Cluster_3720	1	0.0008		False
Cluster_162	1	0.0008		False
Cluster_22942	1	0.0008		False
Cluster_22016	1	0.0008		False
Cluster_3233	1	0.0008		False
Cluster_18312	1	0.0008		False
Cluster_17902	1	0.0008		False
Cluster_11483	1	0.0008		False
Cluster_16944	1	0.0008		False
Cluster_3288	1	0.0008		False
Cluster_23519	1	0.0008		False
Cluster_1103	1	0.0008		False
Cluster_8177	1	0.0008		False
Cluster_13050	1	0.0008		False
Cluster_17774	1	0.0008		False
Cluster_17649	1	0.0008		False
Cluster_22848	1	0.0008		False
Cluster_4540	1	0.0008		False
Cluster_12288	1	0.0008		False
Cluster_5653	1	0.0008		False
Cluster_17808	1	0.0008		False
Cluster_11132	1	0.0008		False
Cluster_18284	1	0.0008		False
Cluster_18619	1	0.0008		False
Cluster_8519	1	0.0008		False
Cluster_16691	1	0.0008		False
Cluster_6826	1	0.0008		False
Cluster_23933	1	0.0008		False
Cluster_17574	1	0.0008		False
Cluster_8157	1	0.0008		False
Cluster_17010	1	0.0008		False
Cluster_24161	1	0.0008		False
Cluster_11951	1	0.0008		False
Cluster_14394	1	0.0008		False
Cluster_23719	1	0.0008		False
Cluster_9779	1	0.0008		False
Cluster_9546	1	0.0008		False
Cluster_21794	1	0.0008		False
Cluster_13203	1	0.0008		False
Cluster_8972	1	0.0008		False
Cluster_11812	1	0.0008		False
Cluster_1808	1	0.0008		False
Cluster_8936	1	0.0008		False
Cluster_24654	1	0.0008		False
Cluster_18433	1	0.0008		False
Cluster_196	1	0.0008		False
Cluster_6582	1	0.0008		False
Cluster_7357	1	0.0008		False
Cluster_1591	1	0.0008		False
Cluster_12506	1	0.0008		False
Cluster_25287	1	0.0008		False
Cluster_9113	1	0.0008		False
Cluster_25192	1	0.0008		False
Cluster_5708	1	0.0008		False
Cluster_21587	1	0.0008		False
Cluster_12740	1	0.0008		False
Cluster_16479	1	0.0008		False
Cluster_10986	1	0.0008		False
Cluster_17656	1	0.0008		False
Cluster_14544	1	0.0008		False
Cluster_25272	1	0.0008		False
Cluster_17525	1	0.0008		False
Cluster_15734	1	0.0008		False
Cluster_19326	1	0.0008		False
Cluster_15462	1	0.0008		False
Cluster_5018	1	0.0008		False
Cluster_4796	1	0.0008		False
Cluster_17078	1	0.0008		False
Cluster_887	1	0.0008		False
Cluster_25955	1	0.0008		False
Cluster_20034	1	0.0008		False
Cluster_21787	1	0.0008		False
Cluster_12540	1	0.0008		False
Cluster_5935	1	0.0008		False
Cluster_5762	1	0.0008		False
Cluster_3089	1	0.0008		False
Cluster_14837	1	0.0008		False
Cluster_5493	1	0.0008		False
Cluster_4041	1	0.0008		False
Cluster_14387	1	0.0008		False
Cluster_25125	1	0.0008		False
Cluster_1059	1	0.0008		False
Cluster_23228	1	0.0008		False
Cluster_10830	1	0.0008		False
Cluster_15534	1	0.0008		False
Cluster_18297	1	0.0008		False
Cluster_22650	1	0.0008		False
Cluster_18182	1	0.0008		False
Cluster_10380	1	0.0008		False
Cluster_11234	1	0.0008		False
Cluster_2509	1	0.0008		False
Cluster_9790	1	0.0008		False
Cluster_9831	1	0.0008		False
Cluster_2336	1	0.0008		False
Cluster_14744	1	0.0008		False
Cluster_13616	1	0.0008		False
Cluster_19291	1	0.0008		False
Cluster_17365	1	0.0008		False
Cluster_21772	1	0.0008		False
Cluster_20628	1	0.0008		False
Cluster_3266	1	0.0008		False
Cluster_16725	1	0.0008		False
Cluster_810	1	0.0008		False
Cluster_14974	1	0.0008		False
Cluster_21016	1	0.0008		False
Cluster_9690	1	0.0008		False
Cluster_5119	1	0.0008		False
Cluster_8623	1	0.0008		False
Cluster_12483	1	0.0008		False
Cluster_1158	1	0.0008		False
Cluster_3133	1	0.0008		False
Cluster_16592	1	0.0008		False
Cluster_23311	1	0.0008		False
Cluster_24129	1	0.0008		False
Cluster_3188	1	0.0008		False
Cluster_25917	1	0.0008		False
Cluster_8277	1	0.0008		False
Cluster_8401	1	0.0008		False
Cluster_3949	1	0.0008		False
Cluster_902	1	0.0008		False
Cluster_4981	1	0.0008		False
Cluster_13527	1	0.0008		False
Cluster_23414	1	0.0008		False
Cluster_24790	1	0.0008		False
Cluster_6354	1	0.0008		False
Cluster_5442	1	0.0008		False
Cluster_13143	1	0.0008		False
Cluster_5557	1	0.0008		False
Cluster_791	1	0.0008		False
Cluster_16078	1	0.0008		False
Cluster_4696	1	0.0008		False
Cluster_16792	1	0.0008		False
Cluster_1178	1	0.0008		False
Cluster_8257	1	0.0008		False
Cluster_12951	1	0.0008		False
Cluster_20597	1	0.0008		False
Cluster_16525	1	0.0008		False
Cluster_12121	1	0.0008		False
Cluster_22794	1	0.0008		False
Cluster_2483	1	0.0008		False
Cluster_14502	1	0.0008		False
Cluster_9281	1	0.0008		False
Cluster_9145	1	0.0008		False
Cluster_5608	1	0.0008		False
Cluster_6374	1	0.0008		False
Cluster_3714	1	0.0008		False
Cluster_12970	1	0.0008		False
Cluster_18923	1	0.0008		False
Cluster_11996	1	0.0008		False
Cluster_5577	1	0.0008		False
Cluster_12132	1	0.0008		False
Cluster_6855	1	0.0008		False
Cluster_13727	1	0.0008		False
Cluster_15097	1	0.0008		False
Cluster_21609	1	0.0008		False
Cluster_14992	1	0.0008		False
Cluster_9679	1	0.0008		False
Cluster_23423	1	0.0008		False
Cluster_20907	1	0.0008		False
Cluster_10237	1	0.0008		False
Cluster_18890	1	0.0008		False
Cluster_16010	1	0.0008		False
Cluster_9450	1	0.0008		False
Cluster_23358	1	0.0008		False
Cluster_17691	1	0.0008		False
Cluster_1853	1	0.0008		False
Cluster_3838	1	0.0008		False
Cluster_14449	1	0.0008		False
Cluster_211	1	0.0008		False
Cluster_4456	1	0.0008		False
Cluster_11506	1	0.0008		False
Cluster_9213	1	0.0008		False
Cluster_24900	1	0.0008		False
Cluster_15206	1	0.0008		False
Cluster_16649	1	0.0008		False
Cluster_16774	1	0.0008		False
Cluster_14925	1	0.0008		False
Cluster_21650	1	0.0008		False
Cluster_2363	1	0.0008		False
Cluster_15084	1	0.0008		False
Cluster_582	1	0.0008		False
Cluster_17635	1	0.0008		False
Cluster_16902	1	0.0008		False
Cluster_14155	1	0.0008		False
Cluster_18238	1	0.0008		False
Cluster_21965	1	0.0008		False
Cluster_22772	1	0.0008		False
Cluster_18914	1	0.0008		False
Cluster_3620	1	0.0008		False
Cluster_17304	1	0.0008		False
Cluster_8130	1	0.0008		False
Cluster_5773	1	0.0008		False
Cluster_730	1	0.0008		False
Cluster_24012	1	0.0008		False
Cluster_20584	1	0.0008		False
Cluster_24946	1	0.0008		False
Cluster_25880	1	0.0008		False
Cluster_15240	1	0.0008		False
Cluster_15439	1	0.0008		False
Cluster_11540	1	0.0008		False
Cluster_4476	1	0.0008		False
Cluster_19256	1	0.0008		False
Cluster_10493	1	0.0008		False
Cluster_8807	1	0.0008		False
Cluster_17401	1	0.0008		False
Cluster_1873	1	0.0008		False
Cluster_24474	1	0.0008		False
Cluster_20820	1	0.0008		False
Cluster_25524	1	0.0008		False
Cluster_14459	1	0.0008		False
Cluster_24350	1	0.0008		False
Cluster_19200	1	0.0008		False
Cluster_11442	1	0.0008		False
Cluster_17833	1	0.0008		False
Cluster_11750	1	0.0008		False
Cluster_22983	1	0.0008		False
Cluster_16659	1	0.0008		False
Cluster_4619	1	0.0008		False
Cluster_8460	1	0.0008		False
Cluster_532	1	0.0008		False
Cluster_24371	1	0.0008		False
Cluster_11867	1	0.0008		False
Cluster_4627	1	0.0008		False
Cluster_11999	1	0.0008		False
Cluster_20503	1	0.0008		False
Cluster_17476	1	0.0008		False
Cluster_10024	1	0.0008		False
Cluster_11771	1	0.0008		False
Cluster_21606	1	0.0008		False
Cluster_3338	1	0.0008		False
Cluster_8449	1	0.0008		False
Cluster_1353	1	0.0008		False
Cluster_21019	1	0.0008		False
Cluster_19053	1	0.0008		False
Cluster_11166	1	0.0008		False
Cluster_15	1	0.0008		False
Cluster_8669	1	0.0008		False
Cluster_4084	1	0.0008		False
Cluster_4410	1	0.0008		False
Cluster_25724	1	0.0008		False
Cluster_24126	1	0.0008		False
Cluster_10219	1	0.0008		False
Cluster_10684	1	0.0008		False
Cluster_11571	1	0.0008		False
Cluster_2907	1	0.0008		False
Cluster_22354	1	0.0008		False
Cluster_15271	1	0.0008		False
Cluster_6204	1	0.0008		False
Cluster_12027	1	0.0008		False
Cluster_12260	1	0.0008		False
Cluster_8112	1	0.0008		False
Cluster_17124	1	0.0008		False
Cluster_13890	1	0.0008		False
Cluster_4967	1	0.0008		False
Cluster_13923	1	0.0008		False
Cluster_24492	1	0.0008		False
Cluster_7395	1	0.0008		False
Cluster_8380	1	0.0008		False
Cluster_10528	1	0.0008		False
Cluster_6874	1	0.0008		False
Cluster_18698	1	0.0008		False
Cluster_3005	1	0.0008		False
Cluster_3564	1	0.0008		False
Cluster_6948	1	0.0008		False
Cluster_3311	1	0.0008		False
Cluster_21131	1	0.0008		False
Cluster_6355	1	0.0008		False
Cluster_6771	1	0.0008		False
Cluster_26085	1	0.0008		False
Cluster_6189	1	0.0008		False
Cluster_7628	1	0.0008		False
Cluster_15436	1	0.0008		False
Cluster_25028	1	0.0008		False
Cluster_19464	1	0.0008		False
Cluster_23627	1	0.0008		False
Cluster_16600	1	0.0008		False
Cluster_21122	1	0.0008		False
Cluster_17175	1	0.0008		False
Cluster_25513	1	0.0008		False
Cluster_2585	1	0.0008		False
Cluster_2317	1	0.0008		False
Cluster_21213	1	0.0008		False
Cluster_25575	1	0.0008		False
Cluster_7894	1	0.0008		False
Cluster_17113	1	0.0008		False
Cluster_24425	1	0.0008		False
Cluster_3643	1	0.0008		False
Cluster_22418	1	0.0008		False
Cluster_8917	1	0.0008		False
Cluster_21275	1	0.0008		False
Cluster_3715	1	0.0008		False
Cluster_7046	1	0.0008		False
Cluster_6375	1	0.0008		False
Cluster_9144	1	0.0008		False
Cluster_3463	1	0.0008		False
Cluster_10697	1	0.0008		False
Cluster_7830	1	0.0008		False
Cluster_11465	1	0.0008		False
Cluster_19521	1	0.0008		False
Cluster_24602	1	0.0008		False
Cluster_3792	1	0.0008		False
Cluster_14446	1	0.0008		False
Cluster_14690	1	0.0008		False
Cluster_25713	1	0.0008		False
Cluster_25688	1	0.0008		False
Cluster_25939	1	0.0008		False
Cluster_10075	1	0.0008		False
Cluster_7107	1	0.0008		False
Cluster_16646	1	0.0008		False
Cluster_12301	1	0.0008		False
Cluster_21195	1	0.0008		False
Cluster_2980	1	0.0008		False
Cluster_20993	1	0.0008		False
Cluster_11509	1	0.0008		False
Cluster_1022	1	0.0008		False
Cluster_16004	1	0.0008		False
Cluster_9360	1	0.0008		False
Cluster_15982	1	0.0008		False
Cluster_17916	1	0.0008		False
Cluster_18306	1	0.0008		False
Cluster_2916	1	0.0008		False
Cluster_979	1	0.0008		False
Cluster_22894	1	0.0008		False
Cluster_2473	1	0.0008		False
Cluster_1266	1	0.0008		False
Cluster_18012	1	0.0008		False
Cluster_26018	1	0.0008		False
Cluster_1188	1	0.0008		False
Cluster_18946	1	0.0008		False
Cluster_25673	1	0.0008		False
Cluster_1133	1	0.0008		False
Cluster_2554	1	0.0008		False
Cluster_23459	1	0.0008		False
Cluster_24238	1	0.0008		False
Cluster_12090	1	0.0008		False
Cluster_7664	1	0.0008		False
Cluster_5392	1	0.0008		False
Cluster_11076	1	0.0008		False
Cluster_14348	1	0.0008		False
Cluster_1004	1	0.0008		False
Cluster_6384	1	0.0008		False
Cluster_1565	1	0.0008		False
Cluster_7444	1	0.0008		False
Cluster_20196	1	0.0008		False
Cluster_2574	1	0.0008		False
Cluster_8287	1	0.0008		False
Cluster_22485	1	0.0008		False
Cluster_20897	1	0.0008		False
Cluster_13956	1	0.0008		False
Cluster_10142	1	0.0008		False
Cluster_14802	1	0.0008		False
Cluster_9349	1	0.0008		False
Cluster_24890	1	0.0008		False
Cluster_15888	1	0.0008		False
Cluster_23145	1	0.0008		False
Cluster_9251	1	0.0008		False
Cluster_6767	1	0.0008		False
Cluster_7543	1	0.0008		False
Cluster_6885	1	0.0008		False
Cluster_16286	1	0.0008		False
Cluster_5814	1	0.0008		False
Cluster_16998	1	0.0008		False
Cluster_1811	1	0.0008		False
Cluster_7924	1	0.0008		False
Cluster_10165	1	0.0008		False
Cluster_22872	1	0.0008		False
Cluster_11963	1	0.0008		False
Cluster_24153	1	0.0008		False
Cluster_17180	1	0.0008		False
Cluster_9014	1	0.0008		False
Cluster_9480	1	0.0008		False
Cluster_7116	1	0.0008		False
Cluster_21398	1	0.0008		False
Cluster_20495	1	0.0008		False
Cluster_23400	1	0.0008		False
Cluster_1838	1	0.0008		False
Cluster_4075	1	0.0008		False
Cluster_6464	1	0.0008		False
Cluster_5783	1	0.0008		False
Cluster_8899	1	0.0008		False
Cluster_5738	1	0.0008		False
Cluster_17937	1	0.0008		False
Cluster_26070	1	0.0008		False
Cluster_6135	1	0.0008		False
Cluster_9704	1	0.0008		False
Cluster_14072	1	0.0008		False
Cluster_11611	1	0.0008		False
Cluster_20431	1	0.0008		False
Cluster_22186	1	0.0008		False
Cluster_1620	1	0.0008		False
Cluster_2306	1	0.0008		False
Cluster_9689	1	0.0008		False
Cluster_17065	1	0.0008		False
Cluster_372	1	0.0008		False
Cluster_10244	1	0.0008		False
Cluster_17378	1	0.0008		False
Cluster_25580	1	0.0008		False
Cluster_20334	1	0.0008		False
Cluster_3873	1	0.0008		False
Cluster_18959	1	0.0008		False
Cluster_23446	1	0.0008		False
Cluster_20605	1	0.0008		False
Cluster_7747	1	0.0008		False
Cluster_4055	1	0.0008		False
Cluster_16708	1	0.0008		False
Cluster_6465	1	0.0008		False
Cluster_25824	1	0.0008		False
Cluster_5060	1	0.0008		False
Cluster_6645	1	0.0008		False
Cluster_12257	1	0.0008		False
Cluster_17533	1	0.0008		False
Cluster_6713	1	0.0008		False
Cluster_23974	1	0.0008		False
Cluster_24143	1	0.0008		False
Cluster_19112	1	0.0008		False
Cluster_13790	1	0.0008		False
Cluster_19223	1	0.0008		False
Cluster_2999	1	0.0008		False
Cluster_7170	1	0.0008		False
Cluster_16614	1	0.0008		False
Cluster_24408	1	0.0008		False
Cluster_6003	1	0.0008		False
Cluster_1383	1	0.0008		False
Cluster_12410	1	0.0008		False
Cluster_22319	1	0.0008		False
Cluster_25211	1	0.0008		False
Cluster_12985	1	0.0008		False
Cluster_20279	1	0.0008		False
Cluster_18309	1	0.0008		False
Cluster_17919	1	0.0008		False
Cluster_1901	1	0.0008		False
Cluster_3353	1	0.0008		False
Cluster_20720	1	0.0008		False
Cluster_25005	1	0.0008		False
Cluster_5049	1	0.0008		False
Cluster_18949	1	0.0008		False
Cluster_11871	1	0.0008		False
Cluster_24727	1	0.0008		False
Cluster_21054	1	0.0008		False
Cluster_11079	1	0.0008		False
Cluster_6134	1	0.0008		False
Cluster_7520	1	0.0008		False
Cluster_20199	1	0.0008		False
Cluster_4283	1	0.0008		False
Cluster_13590	1	0.0008		False
Cluster_6190	1	0.0008		False
Cluster_10828	1	0.0008		False
Cluster_8350	1	0.0008		False
Cluster_14358	1	0.0008		False
Cluster_19938	1	0.0008		False
Cluster_8816	1	0.0008		False
Cluster_11273	1	0.0008		False
Cluster_6517	1	0.0008		False
Cluster_23992	1	0.0008		False
Cluster_14423	1	0.0008		False
Cluster_5314	1	0.0008		False
Cluster_4039	1	0.0008		False
Cluster_19689	1	0.0008		False
Cluster_1005	1	0.0008		False
Cluster_13900	1	0.0008		False
Cluster_10995	1	0.0008		False
Cluster_6529	1	0.0008		False
Cluster_11193	1	0.0008		False
Cluster_18126	1	0.0008		False
Cluster_2555	1	0.0008		False
Cluster_13340	1	0.0008		False
Cluster_25813	1	0.0008		False
Cluster_5248	1	0.0008		False
Cluster_9849	1	0.0008		False
Cluster_728	1	0.0008		False
Cluster_7199	1	0.0008		False
Cluster_16083	1	0.0008		False
Cluster_18827	1	0.0008		False
Cluster_20015	1	0.0008		False
Cluster_25875	1	0.0008		False
Cluster_23155	1	0.0008		False
Cluster_10931	1	0.0008		False
Cluster_19377	1	0.0008		False
Cluster_18371	1	0.0008		False
Cluster_8370	1	0.0008		False
Cluster_14181	1	0.0008		False
Cluster_20201	1	0.0008		False
Cluster_2232	1	0.0008		False
Cluster_5815	1	0.0008		False
Cluster_1463	1	0.0008		False
Cluster_19821	1	0.0008		False
Cluster_10922	1	0.0008		False
Cluster_2575	1	0.0008		False
Cluster_9860	1	0.0008		False
Cluster_15515	1	0.0008		False
Cluster_13306	1	0.0008		False
Cluster_18474	1	0.0008		False
Cluster_19832	1	0.0008		False
Cluster_2950	1	0.0008		False
Cluster_13012	1	0.0008		False
Cluster_23898	1	0.0008		False
Cluster_11809	1	0.0008		False
Cluster_204	1	0.0008		False
Cluster_13946	1	0.0008		False
Cluster_21170	1	0.0008		False
Cluster_9688	1	0.0008		False
Cluster_3134	1	0.0008		False
Cluster_17662	1	0.0008		False
Cluster_22196	1	0.0008		False
Cluster_11202	1	0.0008		False
Cluster_8624	1	0.0008		False
Cluster_16475	1	0.0008		False
Cluster_2538	1	0.0008		False
Cluster_9633	1	0.0008		False
Cluster_13211	1	0.0008		False
Cluster_19752	1	0.0008		False
Cluster_10090	1	0.0008		False
Cluster_8242	1	0.0008		False
Cluster_21932	1	0.0008		False
Cluster_15456	1	0.0008		False
Cluster_20002	1	0.0008		False
Cluster_7606	1	0.0008		False
Cluster_6353	1	0.0008		False
Cluster_12466	1	0.0008		False
Cluster_14961	1	0.0008		False
Cluster_21921	1	0.0008		False
Cluster_14588	1	0.0008		False
Cluster_20316	1	0.0008		False
Cluster_22276	1	0.0008		False
Cluster_7393	1	0.0008		False
Cluster_5477	1	0.0008		False
Cluster_803	1	0.0008		False
Cluster_18580	1	0.0008		False
Cluster_25129	1	0.0008		False
Cluster_1428	1	0.0008		False
Cluster_2010	1	0.0008		False
Cluster_24917	1	0.0008		False
Cluster_13824	1	0.0008		False
Cluster_19552	1	0.0008		False
Cluster_15974	1	0.0008		False
Cluster_15702	1	0.0008		False
Cluster_19406	1	0.0008		False
Cluster_14613	1	0.0008		False
Cluster_23267	1	0.0008		False
Cluster_12142	1	0.0008		False
Cluster_17729	1	0.0008		False
Cluster_14788	1	0.0008		False
Cluster_16007	1	0.0008		False
Cluster_3465	1	0.0008		False
Cluster_22969	1	0.0008		False
Cluster_22897	1	0.0008		False
Cluster_5457	1	0.0008		False
Cluster_1839	1	0.0008		False
Cluster_4805	1	0.0008		False
Cluster_20485	1	0.0008		False
Cluster_8087	1	0.0008		False
Cluster_13477	1	0.0008		False
Cluster_17270	1	0.0008		False
Cluster_13258	1	0.0008		False
Cluster_13875	1	0.0008		False
Cluster_2865	1	0.0008		False
Cluster_6022	1	0.0008		False
Cluster_9570	1	0.0008		False
Cluster_3179	1	0.0008		False
Cluster_5754	1	0.0008		False
Cluster_21047	1	0.0008		False
Cluster_16988	1	0.0008		False
Cluster_25306	1	0.0008		False
Cluster_21118	1	0.0008		False
Cluster_6406	1	0.0008		False
Cluster_17853	1	0.0008		False
Cluster_11730	1	0.0008		False
Cluster_4532	1	0.0008		False
Cluster_5851	1	0.0008		False
Cluster_25012	1	0.0008		False
Cluster_14240	1	0.0008		False
Cluster_12620	1	0.0008		False
Cluster_12165	1	0.0008		False
Cluster_11104	1	0.0008		False
Cluster_19105	1	0.0008		False
Cluster_21664	1	0.0008		False
Cluster_9120	1	0.0008		False
Cluster_16424	1	0.0008		False
Cluster_9766	1	0.0008		False
Cluster_18615	1	0.0008		False
Cluster_20978	1	0.0008		False
Cluster_17218	1	0.0008		False
Cluster_14624	1	0.0008		False
Cluster_22884	1	0.0008		False
Cluster_17934	1	0.0008		False
Cluster_2511	1	0.0008		False
Cluster_17645	1	0.0008		False
Cluster_8000	1	0.0008		False
Cluster_16321	1	0.0008		False
Cluster_14206	1	0.0008		False
Cluster_1874	1	0.0008		False
Cluster_25900	1	0.0008		False
Cluster_24936	1	0.0008		False
Cluster_3385	1	0.0008		False
Cluster_15230	1	0.0008		False
Cluster_5774	1	0.0008		False
Cluster_12080	1	0.0008		False
Cluster_16877	1	0.0008		False
Cluster_25340	1	0.0008		False
Cluster_1771	1	0.0008		False
Cluster_5697	1	0.0008		False
Cluster_15449	1	0.0008		False
Cluster_1355	1	0.0008		False
Cluster_439	1	0.0008		False
Cluster_3517	1	0.0008		False
Cluster_5371	1	0.0008		False
Cluster_5755	1	0.0008		False
Cluster_1855	1	0.0008		False
Cluster_8776	1	0.0008		False
Cluster_11764	1	0.0008		False
Cluster_489	1	0.0008		False
Cluster_11432	1	0.0008		False
Cluster_25956	1	0.0008		False
Cluster_9292	1	0.0008		False
Cluster_6178	1	0.0008		False
Cluster_24461	1	0.0008		False
Cluster_22966	1	0.0008		False
Cluster_23338	1	0.0008		False
Cluster_17366	1	0.0008		False
Cluster_2761	1	0.0008		False
Cluster_19392	1	0.0008		False
Cluster_11421	1	0.0008		False
Cluster_4274	1	0.0008		False
Cluster_12505	1	0.0008		False
Cluster_11564	1	0.0008		False
Cluster_5966	1	0.0008		False
Cluster_1875	1	0.0008		False
Cluster_14417	1	0.0008		False
Cluster_8560	1	0.0008		False
Cluster_23982	1	0.0008		False
Cluster_16101	1	0.0008		False
Cluster_22199	1	0.0008		False
Cluster_25474	1	0.0008		False
Cluster_15459	1	0.0008		False
Cluster_1354	1	0.0008		False
Cluster_5775	1	0.0008		False
Cluster_5351	1	0.0008		False
Cluster_5249	1	0.0008		False
Cluster_25827	1	0.0008		False
Cluster_9848	1	0.0008		False
Cluster_14135	1	0.0008		False
Cluster_4254	1	0.0008		False
Cluster_19325	1	0.0008		False
Cluster_22720	1	0.0008		False
Cluster_18258	1	0.0008		False
Cluster_19765	1	0.0008		False
Cluster_7198	1	0.0008		False
Cluster_12469	1	0.0008		False
Cluster_25371	1	0.0008		False
Cluster_12254	1	0.0008		False
Cluster_21630	1	0.0008		False
Cluster_3563	1	0.0008		False
Cluster_708	1	0.0008		False
Cluster_25602	1	0.0008		False
Cluster_19471	1	0.0008		False
Cluster_5048	1	0.0008		False
Cluster_24575	1	0.0008		False
Cluster_6873	1	0.0008		False
Cluster_11313	1	0.0008		False
Cluster_14209	1	0.0008		False
Cluster_18824	1	0.0008		False
Cluster_8625	1	0.0008		False
Cluster_19374	1	0.0008		False
Cluster_19450	1	0.0008		False
Cluster_672	1	0.0008		False
Cluster_24713	1	0.0008		False
Cluster_19742	1	0.0008		False
Cluster_14815	1	0.0008		False
Cluster_224	1	0.0008		False
Cluster_7221	1	0.0008		False
Cluster_20268	1	0.0008		False
Cluster_6853	1	0.0008		False
Cluster_16179	1	0.0008		False
Cluster_25492	1	0.0008		False
Cluster_7893	1	0.0008		False
Cluster_12922	1	0.0008		False
Cluster_9143	1	0.0008		False
Cluster_4804	1	0.0008		False
Cluster_2032	1	0.0008		False
Cluster_2076	1	0.0008		False
Cluster_25309	1	0.0008		False
Cluster_11068	1	0.0008		False
Cluster_15400	1	0.0008		False
Cluster_9939	1	0.0008		False
Cluster_15162	1	0.0008		False
Cluster_14436	1	0.0008		False
Cluster_17241	1	0.0008		False
Cluster_19217	1	0.0008		False
Cluster_22015	1	0.0008		False
Cluster_13780	1	0.0008		False
Cluster_23	1	0.0008		False
Cluster_23250	1	0.0008		False
Cluster_5131	1	0.0008		False
Cluster_1134	1	0.0008		False
Cluster_2553	1	0.0008		False
Cluster_2474	1	0.0008		False
Cluster_13364	1	0.0008		False
Cluster_23191	1	0.0008		False
Cluster_15094	1	0.0008		False
Cluster_10376	1	0.0008		False
Cluster_6383	1	0.0008		False
Cluster_543	1	0.0008		False
Cluster_8077	1	0.0008		False
Cluster_1003	1	0.0008		False
Cluster_11110	1	0.0008		False
Cluster_20594	1	0.0008		False
Cluster_24248	1	0.0008		False
Cluster_17829	1	0.0008		False
Cluster_14888	1	0.0008		False
Cluster_17021	1	0.0008		False
Cluster_22628	1	0.0008		False
Cluster_3428	1	0.0008		False
Cluster_18880	1	0.0008		False
Cluster_19852	1	0.0008		False
Cluster_24673	1	0.0008		False
Cluster_18330	1	0.0008		False
Cluster_10970	1	0.0008		False
Cluster_492	1	0.0008		False
Cluster_9081	1	0.0008		False
Cluster_10121	1	0.0008		False
Cluster_20794	1	0.0008		False
Cluster_7544	1	0.0008		False
Cluster_8057	1	0.0008		False
Cluster_23135	1	0.0008		False
Cluster_89	1	0.0008		False
Cluster_25238	1	0.0008		False
Cluster_22088	1	0.0008		False
Cluster_10951	1	0.0008		False
Cluster_15348	1	0.0008		False
Cluster_25914	1	0.0008		False
Cluster_11178	1	0.0008		False
Cluster_13575	1	0.0008		False
Cluster_9985	1	0.0008		False
Cluster_9498	1	0.0008		False
Cluster_12603	1	0.0008		False
Cluster_19911	1	0.0008		False
Cluster_23815	1	0.0008		False
Cluster_5784	1	0.0008		False
Cluster_12237	1	0.0008		False
Cluster_6643	1	0.0008		False
Cluster_13713	1	0.0008		False
Cluster_17947	1	0.0008		False
Cluster_13688	1	0.0008		False
Cluster_5609	1	0.0008		False
Cluster_26116	1	0.0008		False
Cluster_3854	1	0.0008		False
Cluster_6792	1	0.0008		False
Cluster_20572	1	0.0008		False
Cluster_15598	1	0.0008		False
Cluster_5881	1	0.0008		False
Cluster_1884	1	0.0008		False
Cluster_23209	1	0.0008		False
Cluster_2828	1	0.0008		False
Cluster_11986	1	0.0008		False
Cluster_17307	1	0.0008		False
Cluster_18917	1	0.0008		False
Cluster_11298	1	0.0008		False
Cluster_4141	1	0.0008		False
Cluster_4285	1	0.0008		False
Cluster_1159	1	0.0008		False
Cluster_25923	1	0.0008		False
Cluster_2630	1	0.0008		False
Cluster_2777	1	0.0008		False
Cluster_23873	1	0.0008		False
Cluster_5118	1	0.0008		False
Cluster_13775	1	0.0008		False
Cluster_15627	1	0.0008		False
Cluster_17468	1	0.0008		False
Cluster_22163	1	0.0008		False
Cluster_3874	1	0.0008		False
Cluster_23436	1	0.0008		False
Cluster_20904	1	0.0008		False
Cluster_16577	1	0.0008		False
Cluster_466	1	0.0008		False
Cluster_3771	1	0.0008		False
Cluster_5367	1	0.0008		False
Cluster_21489	1	0.0008		False
Cluster_4586	1	0.0008		False
Cluster_6005	1	0.0008		False
Cluster_7772	1	0.0008		False
Cluster_1385	1	0.0008		False
Cluster_1767	1	0.0008		False
Cluster_10687	1	0.0008		False
Cluster_17957	1	0.0008		False
Cluster_18028	1	0.0008		False
Cluster_5785	1	0.0008		False
Cluster_6714	1	0.0008		False
Cluster_26022	1	0.0008		False
Cluster_23675	1	0.0008		False
Cluster_17127	1	0.0008		False
Cluster_18513	1	0.0008		False
Cluster_1885	1	0.0008		False
Cluster_34	1	0.0008		False
Cluster_3855	1	0.0008		False
Cluster_16480	1	0.0008		False
Cluster_23588	1	0.0008		False
Cluster_25698	1	0.0008		False
Cluster_18775	1	0.0008		False
Cluster_2169	1	0.0008		False
Cluster_18688	1	0.0008		False
Cluster_22703	1	0.0008		False
Cluster_10260	1	0.0008		False
Cluster_10027	1	0.0008		False
Cluster_26095	1	0.0008		False
Cluster_3875	1	0.0008		False
Cluster_24482	1	0.0008		False
Cluster_20354	1	0.0008		False
Cluster_13917	1	0.0008		False
Cluster_17743	1	0.0008		False
Cluster_6565	1	0.0008		False
Cluster_5903	1	0.0008		False
Cluster_10379	1	0.0008		False
Cluster_6004	1	0.0008		False
Cluster_12684	1	0.0008		False
Cluster_17285	1	0.0008		False
Cluster_4284	1	0.0008		False
Cluster_6188	1	0.0008		False
Cluster_25143	1	0.0008		False
Cluster_7629	1	0.0008		False
Cluster_6133	1	0.0008		False
Cluster_14267	1	0.0008		False
Cluster_23613	1	0.0008		False
Cluster_14020	1	0.0008		False
Cluster_23788	1	0.0008		False
Cluster_15181	1	0.0008		False
Cluster_1563	1	0.0008		False
Cluster_19308	1	0.0008		False
Cluster_3339	1	0.0008		False
Cluster_24875	1	0.0008		False
Cluster_8448	1	0.0008		False
Cluster_609	1	0.0008		False
Cluster_12013	1	0.0008		False
Cluster_1135	1	0.0008		False
Cluster_2086	1	0.0008		False
Cluster_2475	1	0.0008		False
Cluster_12407	1	0.0008		False
Cluster_6620	1	0.0008		False
Cluster_21486	1	0.0008		False
Cluster_6838	1	0.0008		False
Cluster_5461	1	0.0008		False
Cluster_1222	1	0.0008		False
Cluster_7545	1	0.0008		False
Cluster_10301	1	0.0008		False
Cluster_15423	1	0.0008		False
Cluster_23624	1	0.0008		False
Cluster_15358	1	0.0008		False
Cluster_7969	1	0.0008		False
Cluster_1644	1	0.0008		False
Cluster_10941	1	0.0008		False
Cluster_24813	1	0.0008		False
Cluster_12697	1	0.0008		False
Cluster_28	1	0.0008		False
Cluster_13936	1	0.0008		False
Cluster_9067	1	0.0008		False
Cluster_18364	1	0.0008		False
Cluster_23206	1	0.0008		False
Cluster_26119	1	0.0008		False
Cluster_21315	1	0.0008		False
Cluster_11786	1	0.0008		False
Cluster_25800	1	0.0008		False
Cluster_20504	1	0.0008		False
Cluster_10023	1	0.0008		False
Cluster_13252	1	0.0008		False
Cluster_6736	1	0.0008		False
Cluster_1445	1	0.0008		False
Cluster_7005	1	0.0008		False
Cluster_5687	1	0.0008		False
Cluster_17747	1	0.0008		False
Cluster_438	1	0.0008		False
Cluster_3395	1	0.0008		False
Cluster_13739	1	0.0008		False
Cluster_17481	1	0.0008		False
Cluster_19711	1	0.0008		False
Cluster_23101	1	0.0008		False
Cluster_16982	1	0.0008		False
Cluster_21223	1	0.0008		False
Cluster_22984	1	0.0008		False
Cluster_2654	1	0.0008		False
Cluster_8183	1	0.0008		False
Cluster_25147	1	0.0008		False
Cluster_20255	1	0.0008		False
Cluster_17384	1	0.0008		False
Cluster_23617	1	0.0008		False
Cluster_15892	1	0.0008		False
Cluster_25018	1	0.0008		False
Cluster_20130	1	0.0008		False
Cluster_10683	1	0.0008		False
Cluster_16888	1	0.0008		False
Cluster_22353	1	0.0008		False
Cluster_18242	1	0.0008		False
Cluster_7463	1	0.0008		False
Cluster_3791	1	0.0008		False
Cluster_17123	1	0.0008		False
Cluster_11586	1	0.0008		False
Cluster_22428	1	0.0008		False
Cluster_3046	1	0.0008		False
Cluster_20704	1	0.0008		False
Cluster_12036	1	0.0008		False
Cluster_15998	1	0.0008		False
Cluster_6752	1	0.0008		False
Cluster_22507	1	0.0008		False
Cluster_4337	1	0.0008		False
Cluster_24980	1	0.0008		False
Cluster_25846	1	0.0008		False
Cluster_3894	1	0.0008		False
Cluster_5024	1	0.0008		False
Cluster_1237	1	0.0008		False
Cluster_6923	1	0.0008		False
Cluster_2674	1	0.0008		False
Cluster_13975	1	0.0008		False
Cluster_2797	1	0.0008		False
Cluster_240	1	0.0008		False
Cluster_20987	1	0.0008		False
Cluster_3107	1	0.0008		False
Cluster_25723	1	0.0008		False
Cluster_24137	1	0.0008		False
Cluster_327	1	0.0008		False
Cluster_9458	1	0.0008		False
Cluster_5600	1	0.0008		False
Cluster_22997	1	0.0008		False
Cluster_23636	1	0.0008		False
Cluster_22869	1	0.0008		False
Cluster_23299	1	0.0008		False
Cluster_14577	1	0.0008		False
Cluster_19463	1	0.0008		False
Cluster_11208	1	0.0008		False
Cluster_9824	1	0.0008		False
Cluster_25514	1	0.0008		False
Cluster_380	1	0.0008		False
Cluster_10551	1	0.0008		False
Cluster_21689	1	0.0008		False
Cluster_3968	1	0.0008		False
Cluster_8097	1	0.0008		False
Cluster_24817	1	0.0008		False
Cluster_2494	1	0.0008		False
Cluster_13924	1	0.0008		False
Cluster_20008	1	0.0008		False
Cluster_13154	1	0.0008		False
Cluster_2430	1	0.0008		False
Cluster_14582	1	0.0008		False
Cluster_18736	1	0.0008		False
Cluster_13488	1	0.0008		False
Cluster_25714	1	0.0008		False
Cluster_19558	1	0.0008		False
Cluster_841	1	0.0008		False
Cluster_9325	1	0.0008		False
Cluster_14861	1	0.0008		False
Cluster_3902	1	0.0008		False
Cluster_6443	1	0.0008		False
Cluster_21029	1	0.0008		False
Cluster_7338	1	0.0008		False
Cluster_2593	1	0.0008		False
Cluster_8111	1	0.0008		False
Cluster_12148	1	0.0008		False
Cluster_18536	1	0.0008		False
Cluster_10229	1	0.0008		False
Cluster_1150	1	0.0008		False
Cluster_9589	1	0.0008		False
Cluster_3180	1	0.0008		False
Cluster_25608	1	0.0008		False
Cluster_6246	1	0.0008		False
Cluster_13536	1	0.0008		False
Cluster_16267	1	0.0008		False
Cluster_16020	1	0.0008		False
Cluster_24677	1	0.0008		False
Cluster_2495	1	0.0008		False
Cluster_12381	1	0.0008		False
Cluster_25849	1	0.0008		False
Cluster_25041	1	0.0008		False
Cluster_2933	1	0.0008		False
Cluster_13144	1	0.0008		False
Cluster_14973	1	0.0008		False
Cluster_18488	1	0.0008		False
Cluster_2149	1	0.0008		False
Cluster_22593	1	0.0008		False
Cluster_7417	1	0.0008		False
Cluster_7838	1	0.0008		False
Cluster_19748	1	0.0008		False
Cluster_24682	1	0.0008		False
Cluster_12158	1	0.0008		False
Cluster_413	1	0.0008		False
Cluster_18924	1	0.0008		False
Cluster_13736	1	0.0008		False
Cluster_24389	1	0.0008		False
Cluster_25498	1	0.0008		False
Cluster_23475	1	0.0008		False
Cluster_11062	1	0.0008		False
Cluster_709	1	0.0008		False
Cluster_10487	1	0.0008		False
Cluster_1747	1	0.0008		False
Cluster_2726	1	0.0008		False
Cluster_6940	1	0.0008		False
Cluster_330	1	0.0008		False
Cluster_24119	1	0.0008		False
Cluster_8026	1	0.0008		False
Cluster_23761	1	0.0008		False
Cluster_6629	1	0.0008		False
Cluster_25927	1	0.0008		False
Cluster_18975	1	0.0008		False
Cluster_20618	1	0.0008		False
Cluster_20783	1	0.0008		False
Cluster_4100	1	0.0008		False
Cluster_20245	1	0.0008		False
Cluster_7266	1	0.0008		False
Cluster_21026	1	0.0008		False
Cluster_19667	1	0.0008		False
Cluster_7004	1	0.0008		False
Cluster_19398	1	0.0008		False
Cluster_3330	1	0.0008		False
Cluster_1444	1	0.0008		False
Cluster_22167	1	0.0008		False
Cluster_4093	1	0.0008		False
Cluster_5441	1	0.0008		False
Cluster_4418	1	0.0008		False
Cluster_1664	1	0.0008		False
Cluster_4837	1	0.0008		False
Cluster_8402	1	0.0008		False
Cluster_11045	1	0.0008		False
Cluster_17757	1	0.0008		False
Cluster_20583	1	0.0008		False
Cluster_23296	1	0.0008		False
Cluster_16515	1	0.0008		False
Cluster_5025	1	0.0008		False
Cluster_10494	1	0.0008		False
Cluster_1543	1	0.0008		False
Cluster_18252	1	0.0008		False
Cluster_17943	1	0.0008		False
Cluster_17557	1	0.0008		False
Cluster_12233	1	0.0008		False
Cluster_18739	1	0.0008		False
Cluster_18913	1	0.0008		False
Cluster_8468	1	0.0008		False
Cluster_20164	1	0.0008		False
Cluster_10391	1	0.0008		False
Cluster_25500	1	0.0008		False
Cluster_11172	1	0.0008		False
Cluster_21200	1	0.0008		False
Cluster_10818	1	0.0008		False
Cluster_12355	1	0.0008		False
Cluster_4596	1	0.0008		False
Cluster_16788	1	0.0008		False
Cluster_14007	1	0.0008		False
Cluster_16613	1	0.0008		False
Cluster_9590	1	0.0008		False
Cluster_328	1	0.0008		False
Cluster_10000	1	0.0008		False
Cluster_13095	1	0.0008		False
Cluster_15725	1	0.0008		False
Cluster_125	1	0.0008		False
Cluster_981	1	0.0008		False
Cluster_8153	1	0.0008		False
Cluster_2684	1	0.0008		False
Cluster_23973	1	0.0008		False
Cluster_4212	1	0.0008		False
Cluster_15592	1	0.0008		False
Cluster_18116	1	0.0008		False
Cluster_17847	1	0.0008		False
Cluster_19019	1	0.0008		False
Cluster_2027	1	0.0008		False
Cluster_437	1	0.0008		False
Cluster_2231	1	0.0008		False
Cluster_13839	1	0.0008		False
Cluster_24736	1	0.0008		False
Cluster_23915	1	0.0008		False
Cluster_19811	1	0.0008		False
Cluster_18817	1	0.0008		False
Cluster_1894	1	0.0008		False
Cluster_5730	1	0.0008		False
Cluster_6782	1	0.0008		False
Cluster_7406	1	0.0008		False
Cluster_9995	1	0.0008		False
Cluster_3021	1	0.0008		False
Cluster_24265	1	0.0008		False
Cluster_16675	1	0.0008		False
Cluster_17462	1	0.0008		False
Cluster_13022	1	0.0008		False
Cluster_10253	1	0.0008		False
Cluster_22140	1	0.0008		False
Cluster_7022	1	0.0008		False
Cluster_3237	1	0.0008		False
Cluster_10912	1	0.0008		False
Cluster_15656	1	0.0008		False
Cluster_11225	1	0.0008		False
Cluster_10046	1	0.0008		False
Cluster_2019	1	0.0008		False
Cluster_127	1	0.0008		False
Cluster_14475	1	0.0008		False
Cluster_8424	1	0.0008		False
Cluster_9488	1	0.0008		False
Cluster_18137	1	0.0008		False
Cluster_21721	1	0.0008		False
Cluster_21361	1	0.0008		False
Cluster_11194	1	0.0008		False
Cluster_23066	1	0.0008		False
Cluster_15649	1	0.0008		False
Cluster_2218	1	0.0008		False
Cluster_20074	1	0.0008		False
Cluster_25396	1	0.0008		False
Cluster_25814	1	0.0008		False
Cluster_20510	1	0.0008		False
Cluster_180	1	0.0008		False
Cluster_4740	1	0.0008		False
Cluster_14321	1	0.0008		False
Cluster_14761	1	0.0008		False
Cluster_22631	1	0.0008		False
Cluster_19952	1	0.0008		False
Cluster_21732	1	0.0008		False
Cluster_9746	1	0.0008		False
Cluster_9302	1	0.0008		False
Cluster_22405	1	0.0008		False
Cluster_9579	1	0.0008		False
Cluster_18980	1	0.0008		False
Cluster_3925	1	0.0008		False
Cluster_17445	1	0.0008		False
Cluster_22622	1	0.0008		False
Cluster_9091	1	0.0008		False
Cluster_11274	1	0.0008		False
Cluster_14332	1	0.0008		False
Cluster_19122	1	0.0008		False
Cluster_21259	1	0.0008		False
Cluster_14424	1	0.0008		False
Cluster_15574	1	0.0008		False
Cluster_24242	1	0.0008		False
Cluster_14882	1	0.0008		False
Cluster_25559	1	0.0008		False
Cluster_16439	1	0.0008		False
Cluster_4769	1	0.0008		False
Cluster_10138	1	0.0008		False
Cluster_14561	1	0.0008		False
Cluster_22077	1	0.0008		False
Cluster_16240	1	0.0008		False
Cluster_8944	1	0.0008		False
Cluster_19275	1	0.0008		False
Cluster_22769	1	0.0008		False
Cluster_18473	1	0.0008		False
Cluster_25990	1	0.0008		False
Cluster_21521	1	0.0008		False
Cluster_1902	1	0.0008		False
Cluster_14988	1	0.0008		False
Cluster_18386	1	0.0008		False
Cluster_16084	1	0.0008		False
Cluster_14176	1	0.0008		False
Cluster_9368	1	0.0008		False
Cluster_25759	1	0.0008		False
Cluster_18836	1	0.0008		False
Cluster_15774	1	0.0008		False
Cluster_24717	1	0.0008		False
Cluster_15342	1	0.0008		False
Cluster_21532	1	0.0008		False
Cluster_1180	1	0.0008		False
Cluster_9129	1	0.0008		False
Cluster_2845	1	0.0008		False
Cluster_12669	1	0.0008		False
Cluster_24739	1	0.0008		False
Cluster_990	1	0.0008		False
Cluster_4527	1	0.0008		False
Cluster_9868	1	0.0008		False
Cluster_5269	1	0.0008		False
Cluster_11339	1	0.0008		False
Cluster_24252	1	0.0008		False
Cluster_2958	1	0.0008		False
Cluster_21249	1	0.0008		False
Cluster_12531	1	0.0008		False
Cluster_11889	1	0.0008		False
Cluster_19302	1	0.0008		False
Cluster_17455	1	0.0008		False
Cluster_23263	1	0.0008		False
Cluster_8540	1	0.0008		False
Cluster_14617	1	0.0008		False
Cluster_22893	1	0.0008		False
Cluster_6221	1	0.0008		False
Cluster_16417	1	0.0008		False
Cluster_20281	1	0.0008		False
Cluster_10841	1	0.0008		False
Cluster_14101	1	0.0008		False
Cluster_15659	1	0.0008		False
Cluster_7853	1	0.0008		False
Cluster_6037	1	0.0008		False
Cluster_10049	1	0.0008		False
Cluster_25674	1	0.0008		False
Cluster_2978	1	0.0008		False
Cluster_9802	1	0.0008		False
Cluster_772	1	0.0008		False
Cluster_2741	1	0.0008		False
Cluster_25749	1	0.0008		False
Cluster_13980	1	0.0008		False
Cluster_13415	1	0.0008		False
Cluster_420	1	0.0008		False
Cluster_24661	1	0.0008		False
Cluster_12731	1	0.0008		False
Cluster_2844	1	0.0008		False
Cluster_15352	1	0.0008		False
Cluster_12722	1	0.0008		False
Cluster_3747	1	0.0008		False
Cluster_8945	1	0.0008		False
Cluster_17149	1	0.0008		False
Cluster_12362	1	0.0008		False
Cluster_14093	1	0.0008		False
Cluster_8569	1	0.0008		False
Cluster_24975	1	0.0008		False
Cluster_22109	1	0.0008		False
Cluster_18022	1	0.0008		False
Cluster_17156	1	0.0008		False
Cluster_4294	1	0.0008		False
Cluster_16436	1	0.0008		False
Cluster_17560	1	0.0008		False
Cluster_14299	1	0.0008		False
Cluster_17926	1	0.0008		False
Cluster_25756	1	0.0008		False
Cluster_11964	1	0.0008		False
Cluster_18389	1	0.0008		False
Cluster_1330	1	0.0008		False
Cluster_3444	1	0.0008		False
Cluster_24154	1	0.0008		False
Cluster_8796	1	0.0008		False
Cluster_5002	1	0.0008		False
Cluster_18031	1	0.0008		False
Cluster_14179	1	0.0008		False
Cluster_16873	1	0.0008		False
Cluster_25692	1	0.0008		False
Cluster_3664	1	0.0008		False
Cluster_12345	1	0.0008		False
Cluster_4952	1	0.0008		False
Cluster_24924	1	0.0008		False
Cluster_19650	1	0.0008		False
Cluster_16815	1	0.0008		False
Cluster_20883	1	0.0008		False
Cluster_22150	1	0.0008		False
Cluster_18095	1	0.0008		False
Cluster_10785	1	0.0008		False
Cluster_9994	1	0.0008		False
Cluster_18682	1	0.0008		False
Cluster_22920	1	0.0008		False
Cluster_8425	1	0.0008		False
Cluster_7178	1	0.0008		False
Cluster_19965	1	0.0008		False
Cluster_931	1	0.0008		False
Cluster_24488	1	0.0008		False
Cluster_15490	1	0.0008		False
Cluster_9930	1	0.0008		False
Cluster_22171	1	0.0008		False
Cluster_5795	1	0.0008		False
Cluster_3543	1	0.0008		False
Cluster_5712	1	0.0008		False
Cluster_18677	1	0.0008		False
Cluster_485	1	0.0008		False
Cluster_21256	1	0.0008		False
Cluster_1895	1	0.0008		False
Cluster_25160	1	0.0008		False
Cluster_8008	1	0.0008		False
Cluster_22578	1	0.0008		False
Cluster_14998	1	0.0008		False
Cluster_13749	1	0.0008		False
Cluster_8879	1	0.0008		False
Cluster_105	1	0.0008		False
Cluster_1940	1	0.0008		False
Cluster_308	1	0.0008		False
Cluster_18559	1	0.0008		False
Cluster_22685	1	0.0008		False
Cluster_24723	1	0.0008		False
Cluster_8184	1	0.0008		False
Cluster_2653	1	0.0008		False
Cluster_19185	1	0.0008		False
Cluster_17844	1	0.0008		False
Cluster_11458	1	0.0008		False
Cluster_22092	1	0.0008		False
Cluster_10355	1	0.0008		False
Cluster_12818	1	0.0008		False
Cluster_16094	1	0.0008		False
Cluster_11323	1	0.0008		False
Cluster_9369	1	0.0008		False
Cluster_7135	1	0.0008		False
Cluster_11763	1	0.0008		False
Cluster_18814	1	0.0008		False
Cluster_250	1	0.0008		False
Cluster_22804	1	0.0008		False
Cluster_2219	1	0.0008		False
Cluster_25386	1	0.0008		False
Cluster_16908	1	0.0008		False
Cluster_25836	1	0.0008		False
Cluster_12046	1	0.0008		False
Cluster_22778	1	0.0008		False
Cluster_12253	1	0.0008		False
Cluster_20140	1	0.0008		False
Cluster_24800	1	0.0008		False
Cluster_16348	1	0.0008		False
Cluster_8859	1	0.0008		False
Cluster_7464	1	0.0008		False
Cluster_8718	1	0.0008		False
Cluster_1545	1	0.0008		False
Cluster_13549	1	0.0008		False
Cluster_11184	1	0.0008		False
Cluster_11563	1	0.0008		False
Cluster_24147	1	0.0008		False
Cluster_19060	1	0.0008		False
Cluster_9340	1	0.0008		False
Cluster_22025	1	0.0008		False
Cluster_23659	1	0.0008		False
Cluster_2031	1	0.0008		False
Cluster_10666	1	0.0008		False
Cluster_6924	1	0.0008		False
Cluster_18221	1	0.0008		False
Cluster_24523	1	0.0008		False
Cluster_5023	1	0.0008		False
Cluster_2227	1	0.0008		False
Cluster_21948	1	0.0008		False
Cluster_14708	1	0.0008		False
Cluster_12870	1	0.0008		False
Cluster_16087	1	0.0008		False
Cluster_7885	1	0.0008		False
Cluster_6543	1	0.0008		False
Cluster_8731	1	0.0008		False
Cluster_11314	1	0.0008		False
Cluster_9291	1	0.0008		False
Cluster_20622	1	0.0008		False
Cluster_15777	1	0.0008		False
Cluster_19373	1	0.0008		False
Cluster_15069	1	0.0008		False
Cluster_20405	1	0.0008		False
Cluster_7767	1	0.0008		False
Cluster_23646	1	0.0008		False
Cluster_23490	1	0.0008		False
Cluster_851	1	0.0008		False
Cluster_5336	1	0.0008		False
Cluster_16598	1	0.0008		False
Cluster_15861	1	0.0008		False
Cluster_5509	1	0.0008		False
Cluster_2935	1	0.0008		False
Cluster_18500	1	0.0008		False
Cluster_11411	1	0.0008		False
Cluster_18746	1	0.0008		False
Cluster_2018	1	0.0008		False
Cluster_22074	1	0.0008		False
Cluster_1420	1	0.0008		False
Cluster_13402	1	0.0008		False
Cluster_977	1	0.0008		False
Cluster_13160	1	0.0008		False
Cluster_16072	1	0.0008		False
Cluster_2762	1	0.0008		False
Cluster_20569	1	0.0008		False
Cluster_17716	1	0.0008		False
Cluster_7384	1	0.0008		False
Cluster_6444	1	0.0008		False
Cluster_4991	1	0.0008		False
Cluster_21467	1	0.0008		False
Cluster_23600	1	0.0008		False
Cluster_8335	1	0.0008		False
Cluster_4686	1	0.0008		False
Cluster_11277	1	0.0008		False
Cluster_15577	1	0.0008		False
Cluster_456	1	0.0008		False
Cluster_18134	1	0.0008		False
Cluster_11282	1	0.0008		False
Cluster_521	1	0.0008		False
Cluster_13756	1	0.0008		False
Cluster_20769	1	0.0008		False
Cluster_15582	1	0.0008		False
Cluster_10420	1	0.0008		False
Cluster_25817	1	0.0008		False
Cluster_2594	1	0.0008		False
Cluster_19315	1	0.0008		False
Cluster_12138	1	0.0008		False
Cluster_18756	1	0.0008		False
Cluster_15915	1	0.0008		False
Cluster_6021	1	0.0008		False
Cluster_15480	1	0.0008		False
Cluster_24498	1	0.0008		False
Cluster_2934	1	0.0008		False
Cluster_25031	1	0.0008		False
Cluster_13546	1	0.0008		False
Cluster_20893	1	0.0008		False
Cluster_13700	1	0.0008		False
Cluster_18692	1	0.0008		False
Cluster_2990	1	0.0008		False
Cluster_10795	1	0.0008		False
Cluster_25022	1	0.0008		False
Cluster_10531	1	0.0008		False
Cluster_5852	1	0.0008		False
Cluster_23792	1	0.0008		False
Cluster_12610	1	0.0008		False
Cluster_21958	1	0.0008		False
Cluster_23525	1	0.0008		False
Cluster_597	1	0.0008		False
Cluster_3782	1	0.0008		False
Cluster_23656	1	0.0008		False
Cluster_8835	1	0.0008		False
Cluster_4531	1	0.0008		False
Cluster_14614	1	0.0008		False
Cluster_18402	1	0.0008		False
Cluster_14289	1	0.0008		False
Cluster_21852	1	0.0008		False
Cluster_6199	1	0.0008		False
Cluster_22412	1	0.0008		False
Cluster_24608	1	0.0008		False
Cluster_10722	1	0.0008		False
Cluster_25677	1	0.0008		False
Cluster_7529	1	0.0008		False
Cluster_7517	1	0.0008		False
Cluster_23365	1	0.0008		False
Cluster_2296	1	0.0008		False
Cluster_25095	1	0.0008		False
Cluster_876	1	0.0008		False
Cluster_5040	1	0.0008		False
Cluster_13823	1	0.0008		False
Cluster_1736	1	0.0008		False
Cluster_6445	1	0.0008		False
Cluster_5836	1	0.0008		False
Cluster_16311	1	0.0008		False
Cluster_23592	1	0.0008		False
Cluster_18399	1	0.0008		False
Cluster_8334	1	0.0008		False
Cluster_19538	1	0.0008		False
Cluster_12678	1	0.0008		False
Cluster_9840	1	0.0008		False
Cluster_11448	1	0.0008		False
Cluster_206	1	0.0008		False
Cluster_13990	1	0.0008		False
Cluster_5202	1	0.0008		False
Cluster_2979	1	0.0008		False
Cluster_7134	1	0.0008		False
Cluster_6520	1	0.0008		False
Cluster_9072	1	0.0008		False
Cluster_13759	1	0.0008		False
Cluster_21911	1	0.0008		False
Cluster_20326	1	0.0008		False
Cluster_16181	1	0.0008		False
Cluster_4030	1	0.0008		False
Cluster_13232	1	0.0008		False
Cluster_14083	1	0.0008		False
Cluster_4094	1	0.0008		False
Cluster_2959	1	0.0008		False
Cluster_11091	1	0.0008		False
Cluster_5186	1	0.0008		False
Cluster_23808	1	0.0008		False
Cluster_11899	1	0.0008		False
Cluster_11967	1	0.0008		False
Cluster_19034	1	0.0008		False
Cluster_24927	1	0.0008		False
Cluster_9869	1	0.0008		False
Cluster_6925	1	0.0008		False
Cluster_5268	1	0.0008		False
Cluster_23649	1	0.0008		False
Cluster_16423	1	0.0008		False
Cluster_8502	1	0.0008		False
Cluster_20920	1	0.0008		False
Cluster_7713	1	0.0008		False
Cluster_23574	1	0.0008		False
Cluster_23010	1	0.0008		False
Cluster_13559	1	0.0008		False
Cluster_1544	1	0.0008		False
Cluster_17719	1	0.0008		False
Cluster_16358	1	0.0008		False
Cluster_5541	1	0.0008		False
Cluster_12243	1	0.0008		False
Cluster_20150	1	0.0008		False
Cluster_22883	1	0.0008		False
Cluster_22878	1	0.0008		False
Cluster_19057	1	0.0008		False
Cluster_20984	1	0.0008		False
Cluster_7339	1	0.0008		False
Cluster_22255	1	0.0008		False
Cluster_9165	1	0.0008		False
Cluster_7506	1	0.0008		False
Cluster_630	1	0.0008		False
Cluster_18051	1	0.0008		False
Cluster_13498	1	0.0008		False
Cluster_305	1	0.0008		False
Cluster_17544	1	0.0008		False
Cluster_14656	1	0.0008		False
Cluster_21392	1	0.0008		False
Cluster_8524	1	0.0008		False
Cluster_15475	1	0.0008		False
Cluster_12518	1	0.0008		False
Cluster_18514	1	0.0008		False
Cluster_12023	1	0.0008		False
Cluster_16456	1	0.0008		False
Cluster_18070	1	0.0008		False
Cluster_20707	1	0.0008		False
Cluster_7205	1	0.0008		False
Cluster_25265	1	0.0008		False
Cluster_17136	1	0.0008		False
Cluster_14078	1	0.0008		False
Cluster_15007	1	0.0008		False
Cluster_307	1	0.0008		False
Cluster_11346	1	0.0008		False
Cluster_21699	1	0.0008		False
Cluster_22987	1	0.0008		False
Cluster_24500	1	0.0008		False
Cluster_3545	1	0.0008		False
Cluster_1221	1	0.0008		False
Cluster_5224	1	0.0008		False
Cluster_23289	1	0.0008		False
Cluster_2820	1	0.0008		False
Cluster_11906	1	0.0008		False
Cluster_17387	1	0.0008		False
Cluster_8889	1	0.0008		False
Cluster_9434	1	0.0008		False
Cluster_10036	1	0.0008		False
Cluster_22972	1	0.0008		False
Cluster_11863	1	0.0008		False
Cluster_26129	1	0.0008		False
Cluster_8423	1	0.0008		False
Cluster_14592	1	0.0008		False
Cluster_21325	1	0.0008		False
Cluster_20353	1	0.0008		False
Cluster_16702	1	0.0008		False
Cluster_14365	1	0.0008		False
Cluster_14725	1	0.0008		False
Cluster_24221	1	0.0008		False
Cluster_12570	1	0.0008		False
Cluster_74	1	0.0008		False
Cluster_15296	1	0.0008		False
Cluster_17048	1	0.0008		False
Cluster_19141	1	0.0008		False
Cluster_22008	1	0.0008		False
Cluster_6895	1	0.0008		False
Cluster_18018	1	0.0008		False
Cluster_26012	1	0.0008		False
Cluster_12551	1	0.0008		False
Cluster_17435	1	0.0008		False
Cluster_11359	1	0.0008		False
Cluster_22810	1	0.0008		False
Cluster_21450	1	0.0008		False
Cluster_9459	1	0.0008		False
Cluster_21742	1	0.0008		False
Cluster_15176	1	0.0008		False
Cluster_20997	1	0.0008		False
Cluster_13927	1	0.0008		False
Cluster_7354	1	0.0008		False
Cluster_24396	1	0.0008		False
Cluster_10403	1	0.0008		False
Cluster_17491	1	0.0008		False
Cluster_10148	1	0.0008		False
Cluster_14808	1	0.0008		False
Cluster_3617	1	0.0008		False
Cluster_12770	1	0.0008		False
Cluster_4656	1	0.0008		False
Cluster_16449	1	0.0008		False
Cluster_13157	1	0.0008		False
Cluster_18363	1	0.0008		False
Cluster_8943	1	0.0008		False
Cluster_16230	1	0.0008		False
Cluster_978	1	0.0008		False
Cluster_15332	1	0.0008		False
Cluster_15424	1	0.0008		False
Cluster_14574	1	0.0008		False
Cluster_17394	1	0.0008		False
Cluster_25517	1	0.0008		False
Cluster_2611	1	0.0008		False
Cluster_9479	1	0.0008		False
Cluster_16992	1	0.0008		False
Cluster_21217	1	0.0008		False
Cluster_6107	1	0.0008		False
Cluster_25539	1	0.0008		False
Cluster_11349	1	0.0008		False
Cluster_10822	1	0.0008		False
Cluster_14352	1	0.0008		False
Cluster_10484	1	0.0008		False
Cluster_12541	1	0.0008		False
Cluster_23998	1	0.0008		False
Cluster_11909	1	0.0008		False
Cluster_23286	1	0.0008		False
Cluster_24749	1	0.0008		False
Cluster_25661	1	0.0008		False
Cluster_627	1	0.0008		False
Cluster_26126	1	0.0008		False
Cluster_17058	1	0.0008		False
Cluster_22651	1	0.0008		False
Cluster_5882	1	0.0008		False
Cluster_6791	1	0.0008		False
Cluster_5937	1	0.0008		False
Cluster_4610	1	0.0008		False
Cluster_8469	1	0.0008		False
Cluster_10381	1	0.0008		False
Cluster_3752	1	0.0008		False
Cluster_6894	1	0.0008		False
Cluster_23825	1	0.0008		False
Cluster_19921	1	0.0008		False
Cluster_19290	1	0.0008		False
Cluster_1782	1	0.0008		False
Cluster_18157	1	0.0008		False
Cluster_13363	1	0.0008		False
Cluster_8649	1	0.0008		False
Cluster_7375	1	0.0008		False
Cluster_24549	1	0.0008		False
Cluster_2843	1	0.0008		False
Cluster_17676	1	0.0008		False
Cluster_625	1	0.0008		False
Cluster_13800	1	0.0008		False
Cluster_21552	1	0.0008		False
Cluster_10895	1	0.0008		False
Cluster_25739	1	0.0008		False
Cluster_25913	1	0.0008		False
Cluster_12741	1	0.0008		False
Cluster_21406	1	0.0008		False
Cluster_3736	1	0.0008		False
Cluster_15101	1	0.0008		False
Cluster_11642	1	0.0008		False
Cluster_4419	1	0.0008		False
Cluster_3772	1	0.0008		False
Cluster_7771	1	0.0008		False
Cluster_14659	1	0.0008		False
Cluster_7948	1	0.0008		False
Cluster_6395	1	0.0008		False
Cluster_19388	1	0.0008		False
Cluster_15617	1	0.0008		False
Cluster_16459	1	0.0008		False
Cluster_22262	1	0.0008		False
Cluster_7874	1	0.0008		False
Cluster_10158	1	0.0008		False
Cluster_12226	1	0.0008		False
Cluster_8525	1	0.0008		False
Cluster_14490	1	0.0008		False
Cluster_17554	1	0.0008		False
Cluster_14646	1	0.0008		False
Cluster_4293	1	0.0008		False
Cluster_5176	1	0.0008		False
Cluster_6180	1	0.0008		False
Cluster_23708	1	0.0008		False
Cluster_16446	1	0.0008		False
Cluster_22245	1	0.0008		False
Cluster_24556	1	0.0008		False
Cluster_17819	1	0.0008		False
Cluster_9247	1	0.0008		False
Cluster_22618	1	0.0008		False
Cluster_17011	1	0.0008		False
Cluster_22783	1	0.0008		False
Cluster_19118	1	0.0008		False
Cluster_24625	1	0.0008		False
Cluster_24160	1	0.0008		False
Cluster_1393	1	0.0008		False
Cluster_24402	1	0.0008		False
Cluster_8389	1	0.0008		False
Cluster_18849	1	0.0008		False
Cluster_18041	1	0.0008		False
Cluster_11120	1	0.0008		False
Cluster_6902	1	0.0008		False
Cluster_11665	1	0.0008		False
Cluster_10497	1	0.0008		False
Cluster_8226	1	0.0008		False
Cluster_22164	1	0.0008		False
Cluster_19664	1	0.0008		False
Cluster_23427	1	0.0008		False
Cluster_21105	1	0.0008		False
Cluster_8920	1	0.0008		False
Cluster_2989	1	0.0008		False
Cluster_11599	1	0.0008		False
Cluster_5526	1	0.0008		False
Cluster_14600	1	0.0008		False
Cluster_10233	1	0.0008		False
Cluster_9993	1	0.0008		False
Cluster_8175	1	0.0008		False
Cluster_12494	1	0.0008		False
Cluster_11356	1	0.0008		False
Cluster_25924	1	0.0008		False
Cluster_24756	1	0.0008		False
Cluster_5225	1	0.0008		False
Cluster_3544	1	0.0008		False
Cluster_25154	1	0.0008		False
Cluster_13051	1	0.0008		False
Cluster_18498	1	0.0008		False
Cluster_680	1	0.0008		False
Cluster_11029	1	0.0008		False
Cluster_10994	1	0.0008		False
Cluster_24069	1	0.0008		False
Cluster_23488	1	0.0008		False
Cluster_606	1	0.0008		False
Cluster_2150	1	0.0008		False
Cluster_3845	1	0.0008		False
Cluster_6979	1	0.0008		False
Cluster_8589	1	0.0008		False
Cluster_18413	1	0.0008		False
Cluster_1639	1	0.0008		False
Cluster_4605	1	0.0008		False
Cluster_19215	1	0.0008		False
Cluster_22017	1	0.0008		False
Cluster_9111	1	0.0008		False
Cluster_8698	1	0.0008		False
Cluster_19648	1	0.0008		False
Cluster_20770	1	0.0008		False
Cluster_10810	1	0.0008		False
Cluster_15514	1	0.0008		False
Cluster_20551	1	0.0008		False
Cluster_16780	1	0.0008		False
Cluster_11689	1	0.0008		False
Cluster_5326	1	0.0008		False
Cluster_25508	1	0.0008		False
Cluster_12997	1	0.0008		False
Cluster_13636	1	0.0008		False
Cluster_519	1	0.0008		False
Cluster_24577	1	0.0008		False
Cluster_9888	1	0.0008		False
Cluster_21208	1	0.0008		False
Cluster_13299	1	0.0008		False
Cluster_13179	1	0.0008		False
Cluster_1430	1	0.0008		False
Cluster_10641	1	0.0008		False
Cluster_20570	1	0.0008		False
Cluster_7999	1	0.0008		False
Cluster_20014	1	0.0008		False
Cluster_23924	1	0.0008		False
Cluster_6959	1	0.0008		False
Cluster_14817	1	0.0008		False
Cluster_2170	1	0.0008		False
Cluster_5491	1	0.0008		False
Cluster_4043	1	0.0008		False
Cluster_7806	1	0.0008		False
Cluster_10008	1	0.0008		False
Cluster_10704	1	0.0008		False
Cluster_12428	1	0.0008		False
Cluster_25286	1	0.0008		False
Cluster_12507	1	0.0008		False
Cluster_25998	1	0.0008		False
Cluster_18332	1	0.0008		False
Cluster_10130	1	0.0008		False
Cluster_20683	1	0.0008		False
Cluster_5104	1	0.0008		False
Cluster_20718	1	0.0008		False
Cluster_23539	1	0.0008		False
Cluster_1101	1	0.0008		False
Cluster_7232	1	0.0008		False
Cluster_14137	1	0.0008		False
Cluster_5897	1	0.0008		False
Cluster_15363	1	0.0008		False
Cluster_19767	1	0.0008		False
Cluster_15723	1	0.0008		False
Cluster_13093	1	0.0008		False
Cluster_8458	1	0.0008		False
Cluster_25825	1	0.0008		False
Cluster_18877	1	0.0008		False
Cluster_6990	1	0.0008		False
Cluster_23975	1	0.0008		False
Cluster_19871	1	0.0008		False
Cluster_2237	1	0.0008		False
Cluster_10987	1	0.0008		False
Cluster_1797	1	0.0008		False
Cluster_5033	1	0.0008		False
Cluster_6934	1	0.0008		False
Cluster_5671	1	0.0008		False
Cluster_21055	1	0.0008		False
Cluster_14386	1	0.0008		False
Cluster_23913	1	0.0008		False
Cluster_7256	1	0.0008		False
Cluster_2665	1	0.0008		False
Cluster_23739	1	0.0008		False
Cluster_15800	1	0.0008		False
Cluster_10255	1	0.0008		False
Cluster_7970	1	0.0008		False
Cluster_15147	1	0.0008		False
Cluster_1654	1	0.0008		False
Cluster_12984	1	0.0008		False
Cluster_5651	1	0.0008		False
Cluster_24263	1	0.0008		False
Cluster_13617	1	0.0008		False
Cluster_18561	1	0.0008		False
Cluster_6595	1	0.0008		False
Cluster_19567	1	0.0008		False
Cluster_7555	1	0.0008		False
Cluster_18639	1	0.0008		False
Cluster_25004	1	0.0008		False
Cluster_6512	1	0.0008		False
Cluster_11223	1	0.0008		False
Cluster_2199	1	0.0008		False
Cluster_228	1	0.0008		False
Cluster_7125	1	0.0008		False
Cluster_13561	1	0.0008		False
Cluster_11686	1	0.0008		False
Cluster_6493	1	0.0008		False
Cluster_6762	1	0.0008		False
Cluster_22607	1	0.0008		False
Cluster_20494	1	0.0008		False
Cluster_7574	1	0.0008		False
Cluster_6935	1	0.0008		False
Cluster_13988	1	0.0008		False
Cluster_19611	1	0.0008		False
Cluster_13639	1	0.0008		False
Cluster_1675	1	0.0008		False
Cluster_7453	1	0.0008		False
Cluster_6018	1	0.0008		False
Cluster_12903	1	0.0008		False
Cluster_9468	1	0.0008		False
Cluster_13176	1	0.0008		False
Cluster_10164	1	0.0008		False
Cluster_20391	1	0.0008		False
Cluster_16258	1	0.0008		False
Cluster_19840	1	0.0008		False
Cluster_25083	1	0.0008		False
Cluster_9648	1	0.0008		False
Cluster_5105	1	0.0008		False
Cluster_16875	1	0.0008		False
Cluster_10783	1	0.0008		False
Cluster_6594	1	0.0008		False
Cluster_3685	1	0.0008		False
Cluster_13877	1	0.0008		False
Cluster_20335	1	0.0008		False
Cluster_5397	1	0.0008		False
Cluster_7473	1	0.0008		False
Cluster_7916	1	0.0008		False
Cluster_18093	1	0.0008		False
Cluster_10245	1	0.0008		False
Cluster_469	1	0.0008		False
Cluster_20885	1	0.0008		False
Cluster_6530	1	0.0008		False
Cluster_7124	1	0.0008		False
Cluster_5582	1	0.0008		False
Cluster_13761	1	0.0008		False
Cluster_22497	1	0.0008		False
Cluster_13321	1	0.0008		False
Cluster_9026	1	0.0008		False
Cluster_7554	1	0.0008		False
Cluster_15927	1	0.0008		False
Cluster_19806	1	0.0008		False
Cluster_326	1	0.0008		False
Cluster_13882	1	0.0008		False
Cluster_8106	1	0.0008		False
Cluster_17064	1	0.0008		False
Cluster_25623	1	0.0008		False
Cluster_13332	1	0.0008		False
Cluster_4604	1	0.0008		False
Cluster_447	1	0.0008		False
Cluster_20472	1	0.0008		False
Cluster_14031	1	0.0008		False
Cluster_17768	1	0.0008		False
Cluster_17328	1	0.0008		False
Cluster_3844	1	0.0008		False
Cluster_7693	1	0.0008		False
Cluster_7742	1	0.0008		False
Cluster_22158	1	0.0008		False
Cluster_7539	1	0.0008		False
Cluster_17453	1	0.0008		False
Cluster_6653	1	0.0008		False
Cluster_21789	1	0.0008		False
Cluster_1160	1	0.0008		False
Cluster_1726	1	0.0008		False
Cluster_4171	1	0.0008		False
Cluster_12793	1	0.0008		False
Cluster_16005	1	0.0008		False
Cluster_9388	1	0.0008		False
Cluster_21062	1	0.0008		False
Cluster_20741	1	0.0008		False
Cluster_9333	1	0.0008		False
Cluster_2747	1	0.0008		False
Cluster_18636	1	0.0008		False
Cluster_20487	1	0.0008		False
Cluster_16211	1	0.0008		False
Cluster_25614	1	0.0008		False
Cluster_13413	1	0.0008		False
Cluster_25289	1	0.0008		False
Cluster_1988	1	0.0008		False
Cluster_3345	1	0.0008		False
Cluster_17981	1	0.0008		False
Cluster_23144	1	0.0008		False
Cluster_22831	1	0.0008		False
Cluster_1412	1	0.0008		False
Cluster_3958	1	0.0008		False
Cluster_16477	1	0.0008		False
Cluster_1933	1	0.0008		False
Cluster_26020	1	0.0008		False
Cluster_15608	1	0.0008		False
Cluster_1495	1	0.0008		False
Cluster_17568	1	0.0008		False
Cluster_445	1	0.0008		False
Cluster_22484	1	0.0008		False
Cluster_14682	1	0.0008		False
Cluster_4521	1	0.0008		False
Cluster_1149	1	0.0008		False
Cluster_4151	1	0.0008		False
Cluster_19465	1	0.0008		False
Cluster_6320	1	0.0008		False
Cluster_9009	1	0.0008		False
Cluster_24639	1	0.0008		False
Cluster_2902	1	0.0008		False
Cluster_8117	1	0.0008		False
Cluster_17174	1	0.0008		False
Cluster_16880	1	0.0008		False
Cluster_12077	1	0.0008		False
Cluster_12695	1	0.0008		False
Cluster_25342	1	0.0008		False
Cluster_3639	1	0.0008		False
Cluster_15232	1	0.0008		False
Cluster_24176	1	0.0008		False
Cluster_26084	1	0.0008		False
Cluster_5745	1	0.0008		False
Cluster_8368	1	0.0008		False
Cluster_25774	1	0.0008		False
Cluster_15759	1	0.0008		False
Cluster_10510	1	0.0008		False
Cluster_15814	1	0.0008		False
Cluster_15396	1	0.0008		False
Cluster_2968	1	0.0008		False
Cluster_20059	1	0.0008		False
Cluster_13066	1	0.0008		False
Cluster_17426	1	0.0008		False
Cluster_12631	1	0.0008		False
Cluster_24761	1	0.0008		False
Cluster_23119	1	0.0008		False
Cluster_280	1	0.0008		False
Cluster_4167	1	0.0008		False
Cluster_25808	1	0.0008		False
Cluster_4244	1	0.0008		False
Cluster_16936	1	0.0008		False
Cluster_21194	1	0.0008		False
Cluster_24877	1	0.0008		False
Cluster_5259	1	0.0008		False
Cluster_11721	1	0.0008		False
Cluster_24332	1	0.0008		False
Cluster_9727	1	0.0008		False
Cluster_8091	1	0.0008		False
Cluster_11259	1	0.0008		False
Cluster_12622	1	0.0008		False
Cluster_21274	1	0.0008		False
Cluster_1344	1	0.0008		False
Cluster_24424	1	0.0008		False
Cluster_25574	1	0.0008		False
Cluster_14517	1	0.0008		False
Cluster_6989	1	0.0008		False
Cluster_8302	1	0.0008		False
Cluster_8579	1	0.0008		False
Cluster_11464	1	0.0008		False
Cluster_19709	1	0.0008		False
Cluster_12405	1	0.0008		False
Cluster_10025	1	0.0008		False
Cluster_26097	1	0.0008		False
Cluster_5290	1	0.0008		False
Cluster_21886	1	0.0008		False
Cluster_11246	1	0.0008		False
Cluster_2046	1	0.0008		False
Cluster_21336	1	0.0008		False
Cluster_15546	1	0.0008		False
Cluster_23031	1	0.0008		False
Cluster_5234	1	0.0008		False
Cluster_13480	1	0.0008		False
Cluster_23389	1	0.0008		False
Cluster_15134	1	0.0008		False
Cluster_13915	1	0.0008		False
Cluster_19166	1	0.0008		False
Cluster_14736	1	0.0008		False
Cluster_18582	1	0.0008		False
Cluster_22666	1	0.0008		False
Cluster_8912	1	0.0008		False
Cluster_9262	1	0.0008		False
Cluster_9424	1	0.0008		False
Cluster_25525	1	0.0008		False
Cluster_24475	1	0.0008		False
Cluster_3797	1	0.0008		False
Cluster_7980	1	0.0008		False
Cluster_5058	1	0.0008		False
Cluster_9173	1	0.0008		False
Cluster_19571	1	0.0008		False
Cluster_2107	1	0.0008		False
Cluster_10778	1	0.0008		False
Cluster_20253	1	0.0008		False
Cluster_23022	1	0.0008		False
Cluster_2395	1	0.0008		False
Cluster_22355	1	0.0008		False
Cluster_23677	1	0.0008		False
Cluster_14536	1	0.0008		False
Cluster_7286	1	0.0008		False
Cluster_24007	1	0.0008		False
Cluster_10804	1	0.0008		False
Cluster_7168	1	0.0008		False
Cluster_15746	1	0.0008		False
Cluster_11200	1	0.0008		False
Cluster_24413	1	0.0008		False
Cluster_19442	1	0.0008		False
Cluster_12106	1	0.0008		False
Cluster_881	1	0.0008		False
Cluster_19771	1	0.0008		False
Cluster_5078	1	0.0008		False
Cluster_9153	1	0.0008		False
Cluster_18069	1	0.0008		False
Cluster_21187	1	0.0008		False
Cluster_9208	1	0.0008		False
Cluster_10578	1	0.0008		False
Cluster_25592	1	0.0008		False
Cluster_13973	1	0.0008		False
Cluster_5681	1	0.0008		False
Cluster_23682	1	0.0008		False
Cluster_8590	1	0.0008		False
Cluster_4735	1	0.0008		False
Cluster_5996	1	0.0008		False
Cluster_23095	1	0.0008		False
Cluster_25725	1	0.0008		False
Cluster_7317	1	0.0008		False
Cluster_23116	1	0.0008		False
Cluster_9425	1	0.0008		False
Cluster_18973	1	0.0008		False
Cluster_831	1	0.0008		False
Cluster_15399	1	0.0008		False
Cluster_12291	1	0.0008		False
Cluster_13069	1	0.0008		False
Cluster_12150	1	0.0008		False
Cluster_7438	1	0.0008		False
Cluster_20243	1	0.0008		False
Cluster_10883	1	0.0008		False
Cluster_3675	1	0.0008		False
Cluster_13777	1	0.0008		False
Cluster_7817	1	0.0008		False
Cluster_7483	1	0.0008		False
Cluster_16713	1	0.0008		False
Cluster_6343	1	0.0008		False
Cluster_8994	1	0.0008		False
Cluster_20785	1	0.0008		False
Cluster_11256	1	0.0008		False
Cluster_15625	1	0.0008		False
Cluster_15160	1	0.0008		False
Cluster_7829	1	0.0008		False
Cluster_15402	1	0.0008		False
Cluster_11043	1	0.0008		False
Cluster_2812	1	0.0008		False
Cluster_5235	1	0.0008		False
Cluster_19540	1	0.0008		False
Cluster_3655	1	0.0008		False
Cluster_5667	1	0.0008		False
Cluster_24299	1	0.0008		False
Cluster_20585	1	0.0008		False
Cluster_12766	1	0.0008		False
Cluster_16513	1	0.0008		False
Cluster_16028	1	0.0008		False
Cluster_25600	1	0.0008		False
Cluster_5447	1	0.0008		False
Cluster_5122	1	0.0008		False
Cluster_9041	1	0.0008		False
Cluster_19506	1	0.0008		False
Cluster_16775	1	0.0008		False
Cluster_19452	1	0.0008		False
Cluster_13582	1	0.0008		False
Cluster_8236	1	0.0008		False
Cluster_15756	1	0.0008		False
Cluster_2330	1	0.0008		False
Cluster_21964	1	0.0008		False
Cluster_126	1	0.0008		False
Cluster_18480	1	0.0008		False
Cluster_7363	1	0.0008		False
Cluster_1844	1	0.0008		False
Cluster_14539	1	0.0008		False
Cluster_16461	1	0.0008		False
Cluster_1096	1	0.0008		False
Cluster_21621	1	0.0008		False
Cluster_5841	1	0.0008		False
Cluster_6683	1	0.0008		False
Cluster_8802	1	0.0008		False
Cluster_15749	1	0.0008		False
Cluster_4437	1	0.0008		False
Cluster_4818	1	0.0008		False
Cluster_1978	1	0.0008		False
Cluster_6638	1	0.0008		False
Cluster_14661	1	0.0008		False
Cluster_5744	1	0.0008		False
Cluster_22595	1	0.0008		False
Cluster_3160	1	0.0008		False
Cluster_3726	1	0.0008		False
Cluster_26	1	0.0008		False
Cluster_22362	1	0.0008		False
Cluster_22722	1	0.0008		False
Cluster_9358	1	0.0008		False
Cluster_17962	1	0.0008		False
Cluster_23137	1	0.0008		False
Cluster_24093	1	0.0008		False
Cluster_4546	1	0.0008		False
Cluster_1958	1	0.0008		False
Cluster_3933	1	0.0008		False
Cluster_21339	1	0.0008		False
Cluster_1345	1	0.0008		False
Cluster_20610	1	0.0008		False
Cluster_11430	1	0.0008		False
Cluster_3988	1	0.0008		False
Cluster_21889	1	0.0008		False
Cluster_7411	1	0.0008		False
Cluster_23836	1	0.0008		False
Cluster_3495	1	0.0008		False
Cluster_14739	1	0.0008		False
Cluster_448	1	0.0008		False
Cluster_17868	1	0.0008		False
Cluster_14913	1	0.0008		False
Cluster_8868	1	0.0008		False
Cluster_5919	1	0.0008		False
Cluster_5927	1	0.0008		False
Cluster_22522	1	0.0008		False
Cluster_10281	1	0.0008		False
Cluster_20049	1	0.0008		False
Cluster_25659	1	0.0008		False
Cluster_6820	1	0.0008		False
Cluster_26003	1	0.0008		False
Cluster_22795	1	0.0008		False
Cluster_24617	1	0.0008		False
Cluster_13263	1	0.0008		False
Cluster_4181	1	0.0008		False
Cluster_12893	1	0.0008		False
Cluster_9335	1	0.0008		False
Cluster_21277	1	0.0008		False
Cluster_24508	1	0.0008		False
Cluster_2617	1	0.0008		False
Cluster_24427	1	0.0008		False
Cluster_17876	1	0.0008		False
Cluster_14514	1	0.0008		False
Cluster_14070	1	0.0008		False
Cluster_16153	1	0.0008		False
Cluster_12710	1	0.0008		False
Cluster_3611	1	0.0008		False
Cluster_16923	1	0.0008		False
Cluster_875	1	0.0008		False
Cluster_8680	1	0.0008		False
Cluster_11842	1	0.0008		False
Cluster_10329	1	0.0008		False
Cluster_20420	1	0.0008		False
Cluster_5808	1	0.0008		False
Cluster_21197	1	0.0008		False
Cluster_23756	1	0.0008		False
Cluster_10769	1	0.0008		False
Cluster_9209	1	0.0008		False
Cluster_13490	1	0.0008		False
Cluster_17297	1	0.0008		False
Cluster_14714	1	0.0008		False
Cluster_23399	1	0.0008		False
Cluster_9834	1	0.0008		False
Cluster_10405	1	0.0008		False
Cluster_951	1	0.0008		False
Cluster_8823	1	0.0008		False
Cluster_25861	1	0.0008		False
Cluster_21896	1	0.0008		False
Cluster_9890	1	0.0008		False
Cluster_11948	1	0.0008		False
Cluster_9731	1	0.0008		False
Cluster_7140	1	0.0008		False
Cluster_18725	1	0.0008		False
Cluster_18365	1	0.0008		False
Cluster_25777	1	0.0008		False
Cluster_10622	1	0.0008		False
Cluster_877	1	0.0008		False
Cluster_23160	1	0.0008		False
Cluster_26072	1	0.0008		False
Cluster_23625	1	0.0008		False
Cluster_18078	1	0.0008		False
Cluster_5059	1	0.0008		False
Cluster_23556	1	0.0008		False
Cluster_4044	1	0.0008		False
Cluster_22851	1	0.0008		False
Cluster_1935	1	0.0008		False
Cluster_2420	1	0.0008		False
Cluster_6675	1	0.0008		False
Cluster_23402	1	0.0008		False
Cluster_8489	1	0.0008		False
Cluster_22059	1	0.0008		False
Cluster_17006	1	0.0008		False
Cluster_5103	1	0.0008		False
Cluster_14800	1	0.0008		False
Cluster_5258	1	0.0008		False
Cluster_21184	1	0.0008		False
Cluster_23549	1	0.0008		False
Cluster_2545	1	0.0008		False
Cluster_19864	1	0.0008		False
Cluster_207	1	0.0008		False
Cluster_15386	1	0.0008		False
Cluster_18902	1	0.0008		False
Cluster_18774	1	0.0008		False
Cluster_22912	1	0.0008		False
Cluster_23674	1	0.0008		False
Cluster_6988	1	0.0008		False
Cluster_14523	1	0.0008		False
Cluster_13659	1	0.0008		False
Cluster_8607	1	0.0008		False
Cluster_7455	1	0.0008		False
Cluster_6933	1	0.0008		False
Cluster_24004	1	0.0008		False
Cluster_4319	1	0.0008		False
Cluster_5034	1	0.0008		False
Cluster_6412	1	0.0008		False
Cluster_8578	1	0.0008		False
Cluster_10807	1	0.0008		False
Cluster_8340	1	0.0008		False
Cluster_24892	1	0.0008		False
Cluster_14018	1	0.0008		False
Cluster_6726	1	0.0008		False
Cluster_6160	1	0.0008		False
Cluster_13352	1	0.0008		False
Cluster_205	1	0.0008		False
Cluster_22000	1	0.0008		False
Cluster_18010	1	0.0008		False
Cluster_12578	1	0.0008		False
Cluster_9008	1	0.0008		False
Cluster_15415	1	0.0008		False
Cluster_23749	1	0.0008		False
Cluster_14846	1	0.0008		False
Cluster_9879	1	0.0008		False
Cluster_21763	1	0.0008		False
Cluster_21323	1	0.0008		False
Cluster_26094	1	0.0008		False
Cluster_12804	1	0.0008		False
Cluster_150	1	0.0008		False
Cluster_8128	1	0.0008		False
Cluster_15137	1	0.0008		False
Cluster_1653	1	0.0008		False
Cluster_3638	1	0.0008		False
Cluster_14363	1	0.0008		False
Cluster_12685	1	0.0008		False
Cluster_21458	1	0.0008		False
Cluster_5482	1	0.0008		False
Cluster_5035	1	0.0008		False
Cluster_8869	1	0.0008		False
Cluster_25066	1	0.0008		False
Cluster_4941	1	0.0008		False
Cluster_8052	1	0.0008		False
Cluster_13808	1	0.0008		False
Cluster_3989	1	0.0008		False
Cluster_2544	1	0.0008		False
Cluster_10566	1	0.0008		False
Cluster_3148	1	0.0008		False
Cluster_19380	1	0.0008		False
Cluster_13010	1	0.0008		False
Cluster_22243	1	0.0008		False
Cluster_19830	1	0.0008		False
Cluster_17203	1	0.0008		False
Cluster_22056	1	0.0008		False
Cluster_9502	1	0.0008		False
Cluster_10920	1	0.0008		False
Cluster_20905	1	0.0008		False
Cluster_4758	1	0.0008		False
Cluster_23990	1	0.0008		False
Cluster_106	1	0.0008		False
Cluster_23221	1	0.0008		False
Cluster_6639	1	0.0008		False
Cluster_7553	1	0.0008		False
Cluster_20345	1	0.0008		False
Cluster_19178	1	0.0008		False
Cluster_21448	1	0.0008		False
Cluster_17879	1	0.0008		False
Cluster_9241	1	0.0008		False
Cluster_9359	1	0.0008		False
Cluster_2443	1	0.0008		False
Cluster_24083	1	0.0008		False
Cluster_19986	1	0.0008		False
Cluster_13342	1	0.0008		False
Cluster_10326	1	0.0008		False
Cluster_10766	1	0.0008		False
Cluster_2663	1	0.0008		False
Cluster_14856	1	0.0008		False
Cluster_13902	1	0.0008		False
Cluster_6654	1	0.0008		False
Cluster_16143	1	0.0008		False
Cluster_7630	1	0.0008		False
Cluster_20362	1	0.0008		False
Cluster_20722	1	0.0008		False
Cluster_455	1	0.0008		False
Cluster_24289	1	0.0008		False
Cluster_10109	1	0.0008		False
Cluster_23746	1	0.0008		False
Cluster_16408	1	0.0008		False
Cluster_5362	1	0.0008		False
Cluster_12412	1	0.0008		False
Cluster_23500	1	0.0008		False
Cluster_1512	1	0.0008		False
Cluster_16527	1	0.0008		False
Cluster_13592	1	0.0008		False
Cluster_81	1	0.0008		False
Cluster_25973	1	0.0008		False
Cluster_18490	1	0.0008		False
Cluster_9334	1	0.0008		False
Cluster_13725	1	0.0008		False
Cluster_15095	1	0.0008		False
Cluster_1296	1	0.0008		False
Cluster_13365	1	0.0008		False
Cluster_976	1	0.0008		False
Cluster_2736	1	0.0008		False
Cluster_17616	1	0.0008		False
Cluster_23823	1	0.0008		False
Cluster_9390	1	0.0008		False
Cluster_7439	1	0.0008		False
Cluster_23546	1	0.0008		False
Cluster_17801	1	0.0008		False
Cluster_17009	1	0.0008		False
Cluster_16698	1	0.0008		False
Cluster_20795	1	0.0008		False
Cluster_16727	1	0.0008		False
Cluster_16367	1	0.0008		False
Cluster_25915	1	0.0008		False
Cluster_6674	1	0.0008		False
Cluster_14498	1	0.0008		False
Cluster_15031	1	0.0008		False
Cluster_6797	1	0.0008		False
Cluster_15389	1	0.0008		False
Cluster_22841	1	0.0008		False
Cluster_13525	1	0.0008		False
Cluster_20669	1	0.0008		False
Cluster_11128	1	0.0008		False
Cluster_13656	1	0.0008		False
Cluster_18600	1	0.0008		False
Cluster_20531	1	0.0008		False
Cluster_13792	1	0.0008		False
Cluster_24168	1	0.0008		False
Cluster_11958	1	0.0008		False
Cluster_7828	1	0.0008		False
Cluster_22610	1	0.0008		False
Cluster_21796	1	0.0008		False
Cluster_23157	1	0.0008		False
Cluster_22770	1	0.0008		False
Cluster_18825	1	0.0008		False
Cluster_20017	1	0.0008		False
Cluster_25877	1	0.0008		False
Cluster_14396	1	0.0008		False
Cluster_23927	1	0.0008		False
Cluster_25761	1	0.0008		False
Cluster_22229	1	0.0008		False
Cluster_25321	1	0.0008		False
Cluster_15517	1	0.0008		False
Cluster_6685	1	0.0008		False
Cluster_18286	1	0.0008		False
Cluster_8479	1	0.0008		False
Cluster_11217	1	0.0008		False
Cluster_3594	1	0.0008		False
Cluster_3708	1	0.0008		False
Cluster_878	1	0.0008		False
Cluster_12994	1	0.0008		False
Cluster_7365	1	0.0008		False
Cluster_15242	1	0.0008		False
Cluster_25882	1	0.0008		False
Cluster_14559	1	0.0008		False
Cluster_25424	1	0.0008		False
Cluster_4997	1	0.0008		False
Cluster_19068	1	0.0008		False
Cluster_9139	1	0.0008		False
Cluster_24574	1	0.0008		False
Cluster_4243	1	0.0008		False
Cluster_17776	1	0.0008		False
Cluster_12008	1	0.0008		False
Cluster_20693	1	0.0008		False
Cluster_18892	1	0.0008		False
Cluster_14221	1	0.0008		False
Cluster_11471	1	0.0008		False
Cluster_25296	1	0.0008		False
Cluster_14990	1	0.0008		False
Cluster_12641	1	0.0008		False
Cluster_5089	1	0.0008		False
Cluster_25176	1	0.0008		False
Cluster_24902	1	0.0008		False
Cluster_3493	1	0.0008		False
Cluster_23856	1	0.0008		False
Cluster_10997	1	0.0008		False
Cluster_7761	1	0.0008		False
Cluster_13083	1	0.0008		False
Cluster_22551	1	0.0008		False
Cluster_9297	1	0.0008		False
Cluster_15717	1	0.0008		False
Cluster_24342	1	0.0008		False
Cluster_11374	1	0.0008		False
Cluster_3935	1	0.0008		False
Cluster_7864	1	0.0008		False
Cluster_12810	1	0.0008		False
Cluster_21359	1	0.0008		False
Cluster_8459	1	0.0008		False
Cluster_1343	1	0.0008		False
Cluster_14232	1	0.0008		False
Cluster_11450	1	0.0008		False
Cluster_14500	1	0.0008		False
Cluster_15144	1	0.0008		False
Cluster_2221	1	0.0008		False
Cluster_724	1	0.0008		False
Cluster_23041	1	0.0008		False
Cluster_14746	1	0.0008		False
Cluster_1820	1	0.0008		False
Cluster_21906	1	0.0008		False
Cluster_13614	1	0.0008		False
Cluster_2037	1	0.0008		False
Cluster_9889	1	0.0008		False
Cluster_11236	1	0.0008		False
Cluster_2893	1	0.0008		False
Cluster_24078	1	0.0008		False
Cluster_19564	1	0.0008		False
Cluster_21346	1	0.0008		False
Cluster_16790	1	0.0008		False
Cluster_25007	1	0.0008		False
Cluster_10353	1	0.0008		False
Cluster_7032	1	0.0008		False
Cluster_18708	1	0.0008		False
Cluster_9174	1	0.0008		False
Cluster_24725	1	0.0008		False
Cluster_3673	1	0.0008		False
Cluster_16959	1	0.0008		False
Cluster_22718	1	0.0008		False
Cluster_10507	1	0.0008		False
Cluster_12972	1	0.0008		False
Cluster_10428	1	0.0008		False
Cluster_12704	1	0.0008		False
Cluster_11325	1	0.0008		False
Cluster_9423	1	0.0008		False
Cluster_11765	1	0.0008		False
Cluster_7998	1	0.0008		False
Cluster_19324	1	0.0008		False
Cluster_208	1	0.0008		False
Cluster_11409	1	0.0008		False
Cluster_19432	1	0.0008		False
Cluster_18874	1	0.0008		False
Cluster_12878	1	0.0008		False
Cluster_14700	1	0.0008		False
Cluster_21940	1	0.0008		False
Cluster_12255	1	0.0008		False
Cluster_8165	1	0.0008		False
Cluster_10984	1	0.0008		False
Cluster_14546	1	0.0008		False
Cluster_350	1	0.0008		False
Cluster_13168	1	0.0008		False
Cluster_10707	1	0.0008		False
Cluster_19421	1	0.0008		False
Cluster_11565	1	0.0008		False
Cluster_24792	1	0.0008		False
Cluster_6096	1	0.0008		False
Cluster_6978	1	0.0008		False
Cluster_24656	1	0.0008		False
Cluster_7056	1	0.0008		False
Cluster_1683	1	0.0008		False
Cluster_8533	1	0.0008		False
Cluster_9524	1	0.0008		False
Cluster_24525	1	0.0008		False
Cluster_11392	1	0.0008		False
Cluster_3653	1	0.0008		False
Cluster_25475	1	0.0008		False
Cluster_1638	1	0.0008		False
Cluster_24600	1	0.0008		False
Cluster_16949	1	0.0008		False
Cluster_18168	1	0.0008		False
Cluster_9175	1	0.0008		False
Cluster_23070	1	0.0008		False
Cluster_23514	1	0.0008		False
Cluster_10343	1	0.0008		False
Cluster_17067	1	0.0008		False
Cluster_1989	1	0.0008		False
Cluster_16309	1	0.0008		False
Cluster_25299	1	0.0008		False
Cluster_22391	1	0.0008		False
Cluster_25636	1	0.0008		False
Cluster_21599	1	0.0008		False
Cluster_11033	1	0.0008		False
Cluster_10866	1	0.0008		False
Cluster_20111	1	0.0008		False
Cluster_6218	1	0.0008		False
Cluster_14756	1	0.0008		False
Cluster_23051	1	0.0008		False
Cluster_15154	1	0.0008		False
Cluster_12583	1	0.0008		False
Cluster_7538	1	0.0008		False
Cluster_10167	1	0.0008		False
Cluster_22226	1	0.0008		False
Cluster_9525	1	0.0008		False
Cluster_5436	1	0.0008		False
Cluster_24490	1	0.0008		False
Cluster_4220	1	0.0008		False
Cluster_9155	1	0.0008		False
Cluster_15488	1	0.0008		False
Cluster_18614	1	0.0008		False
Cluster_18289	1	0.0008		False
Cluster_16425	1	0.0008		False
Cluster_22604	1	0.0008		False
Cluster_20497	1	0.0008		False
Cluster_9226	1	0.0008		False
Cluster_17644	1	0.0008		False
Cluster_14556	1	0.0008		False
Cluster_16602	1	0.0008		False
Cluster_8164	1	0.0008		False
Cluster_17935	1	0.0008		False
Cluster_22885	1	0.0008		False
Cluster_8247	1	0.0008		False
Cluster_12245	1	0.0008		False
Cluster_21950	1	0.0008		False
Cluster_14160	1	0.0008		False
Cluster_15739	1	0.0008		False
Cluster_3595	1	0.0008		False
Cluster_6684	1	0.0008		False
Cluster_22487	1	0.0008		False
Cluster_5743	1	0.0008		False
Cluster_16371	1	0.0008		False
Cluster_15913	1	0.0008		False
Cluster_773	1	0.0008		False
Cluster_6709	1	0.0008		False
Cluster_4446	1	0.0008		False
Cluster_14549	1	0.0008		False
Cluster_10793	1	0.0008		False
Cluster_7364	1	0.0008		False
Cluster_20895	1	0.0008		False
Cluster_7511	1	0.0008		False
Cluster_11552	1	0.0008		False
Cluster_13892	1	0.0008		False
Cluster_25617	1	0.0008		False
Cluster_12262	1	0.0008		False
Cluster_23147	1	0.0008		False
Cluster_16350	1	0.0008		False
Cluster_22472	1	0.0008		False
Cluster_24659	1	0.0008		False
Cluster_20928	1	0.0008		False
Cluster_3296	1	0.0008		False
Cluster_17501	1	0.0008		False
Cluster_14749	1	0.0008		False
Cluster_10593	1	0.0008		False
Cluster_21909	1	0.0008		False
Cluster_3990	1	0.0008		False
Cluster_11752	1	0.0008		False
Cluster_11696	1	0.0008		False
Cluster_7865	1	0.0008		False
Cluster_21349	1	0.0008		False
Cluster_15539	1	0.0008		False
Cluster_12670	1	0.0008		False
Cluster_19202	1	0.0008		False
Cluster_18623	1	0.0008		False
Cluster_24352	1	0.0008		False
Cluster_20484	1	0.0008		False
Cluster_22541	1	0.0008		False
Cluster_25093	1	0.0008		False
Cluster_2782	1	0.0008		False
Cluster_20831	1	0.0008		False
Cluster_15975	1	0.0008		False
Cluster_20381	1	0.0008		False
Cluster_6231	1	0.0008		False
Cluster_8659	1	0.0008		False
Cluster_6056	1	0.0008		False
Cluster_272	1	0.0008		False
Cluster_24155	1	0.0008		False
Cluster_7978	1	0.0008		False
Cluster_12772	1	0.0008		False
Cluster_3306	1	0.0008		False
Cluster_9130	1	0.0008		False
Cluster_18348	1	0.0008		False
Cluster_16759	1	0.0008		False
Cluster_11650	1	0.0008		False
Cluster_3693	1	0.0008		False
Cluster_24925	1	0.0008		False
Cluster_22918	1	0.0008		False
Cluster_8470	1	0.0008		False
Cluster_25084	1	0.0008		False
Cluster_9194	1	0.0008		False
Cluster_17318	1	0.0008		False
Cluster_14306	1	0.0008		False
Cluster_2873	1	0.0008		False
Cluster_12441	1	0.0008		False
Cluster_21706	1	0.0008		False
Cluster_15880	1	0.0008		False
Cluster_14012	1	0.0008		False
Cluster_21540	1	0.0008		False
Cluster_4172	1	0.0008		False
Cluster_4136	1	0.0008		False
Cluster_26010	1	0.0008		False
Cluster_20237	1	0.0008		False
Cluster_6998	1	0.0008		False
Cluster_10347	1	0.0008		False
Cluster_5414	1	0.0008		False
Cluster_17063	1	0.0008		False
Cluster_25624	1	0.0008		False
Cluster_8679	1	0.0008		False
Cluster_24992	1	0.0008		False
Cluster_10907	1	0.0008		False
Cluster_11037	1	0.0008		False
Cluster_9963	1	0.0008		False
Cluster_10784	1	0.0008		False
Cluster_18094	1	0.0008		False
Cluster_21740	1	0.0008		False
Cluster_4152	1	0.0008		False
Cluster_14900	1	0.0008		False
Cluster_12098	1	0.0008		False
Cluster_24230	1	0.0008		False
Cluster_21452	1	0.0008		False
Cluster_22812	1	0.0008		False
Cluster_624	1	0.0008		False
Cluster_20603	1	0.0008		False
Cluster_2853	1	0.0008		False
Cluster_14340	1	0.0008		False
Cluster_111	1	0.0008		False
Cluster_24449	1	0.0008		False
Cluster_1438	1	0.0008		False
Cluster_4977	1	0.0008		False
Cluster_12794	1	0.0008		False
Cluster_24502	1	0.0008		False
Cluster_4886	1	0.0008		False
Cluster_25675	1	0.0008		False
Cluster_2178	1	0.0008		False
Cluster_6761	1	0.0008		False
Cluster_22951	1	0.0008		False
Cluster_24456	1	0.0008		False
Cluster_16546	1	0.0008		False
Cluster_5729	1	0.0008		False
Cluster_19632	1	0.0008		False
Cluster_11609	1	0.0008		False
Cluster_23367	1	0.0008		False
Cluster_23727	1	0.0008		False
Cluster_25097	1	0.0008		False
Cluster_17454	1	0.0008		False
Cluster_8145	1	0.0008		False
Cluster_21996	1	0.0008		False
Cluster_22970	1	0.0008		False
Cluster_21288	1	0.0008		False
Cluster_9880	1	0.0008		False
Cluster_19339	1	0.0008		False
Cluster_5007	1	0.0008		False
Cluster_14129	1	0.0008		False
Cluster_22483	1	0.0008		False
Cluster_13311	1	0.0008		False
Cluster_3554	1	0.0008		False
Cluster_19889	1	0.0008		False
Cluster_2203	1	0.0008		False
Cluster_6365	1	0.0008		False
Cluster_8634	1	0.0008		False
Cluster_15917	1	0.0008		False
Cluster_4957	1	0.0008		False
Cluster_40	1	0.0008		False
Cluster_10628	1	0.0008		False
Cluster_16823	1	0.0008		False
Cluster_24702	1	0.0008		False
Cluster_11942	1	0.0008		False
Cluster_25613	1	0.0008		False
Cluster_13414	1	0.0008		False
Cluster_14790	1	0.0008		False
Cluster_26078	1	0.0008		False
Cluster_726	1	0.0008		False
Cluster_18072	1	0.0008		False
Cluster_23143	1	0.0008		False
Cluster_23408	1	0.0008		False
Cluster_11499	1	0.0008		False
Cluster_802	1	0.0008		False
Cluster_23527	1	0.0008		False
Cluster_21465	1	0.0008		False
Cluster_20368	1	0.0008		False
Cluster_3232	1	0.0008		False
Cluster_7027	1	0.0008		False
Cluster_22404	1	0.0008		False
Cluster_16160	1	0.0008		False
Cluster_7231	1	0.0008		False
Cluster_14602	1	0.0008		False
Cluster_1102	1	0.0008		False
Cluster_12418	1	0.0008		False
Cluster_15575	1	0.0008		False
Cluster_14425	1	0.0008		False
Cluster_8267	1	0.0008		False
Cluster_2406	1	0.0008		False
Cluster_11275	1	0.0008		False
Cluster_8144	1	0.0008		False
Cluster_16402	1	0.0008		False
Cluster_17444	1	0.0008		False
Cluster_11195	1	0.0008		False
Cluster_1980	1	0.0008		False
Cluster_304	1	0.0008		False
Cluster_16399	1	0.0008		False
Cluster_22301	1	0.0008		False
Cluster_3950	1	0.0008		False
Cluster_5636	1	0.0008		False
Cluster_5672	1	0.0008		False
Cluster_18311	1	0.0008		False
Cluster_19317	1	0.0008		False
Cluster_13087	1	0.0008		False
Cluster_15688	1	0.0008		False
Cluster_15713	1	0.0008		False
Cluster_25815	1	0.0008		False
Cluster_17341	1	0.0008		False
Cluster_15939	1	0.0008		False
Cluster_3575	1	0.0008		False
Cluster_16692	1	0.0008		False
Cluster_11131	1	0.0008		False
Cluster_16085	1	0.0008		False
Cluster_20528	1	0.0008		False
Cluster_1286	1	0.0008		False
Cluster_20407	1	0.0008		False
Cluster_3125	1	0.0008		False
Cluster_6364	1	0.0008		False
Cluster_1585	1	0.0008		False
Cluster_19274	1	0.0008		False
Cluster_11122	1	0.0008		False
Cluster_24400	1	0.0008		False
Cluster_1317	1	0.0008		False
Cluster_7684	1	0.0008		False
Cluster_11952	1	0.0008		False
Cluster_21709	1	0.0008		False
Cluster_5652	1	0.0008		False
Cluster_15028	1	0.0008		False
Cluster_3970	1	0.0008		False
Cluster_13627	1	0.0008		False
Cluster_13798	1	0.0008		False
Cluster_4028	1	0.0008		False
Cluster_9669	1	0.0008		False
Cluster_13094	1	0.0008		False
Cluster_25191	1	0.0008		False
Cluster_15364	1	0.0008		False
Cluster_19336	1	0.0008		False
Cluster_21550	1	0.0008		False
Cluster_2353	1	0.0008		False
Cluster_25250	1	0.0008		False
Cluster_14956	1	0.0008		False
Cluster_12451	1	0.0008		False
Cluster_18358	1	0.0008		False
Cluster_9112	1	0.0008		False
Cluster_17791	1	0.0008		False
Cluster_24145	1	0.0008		False
Cluster_9195	1	0.0008		False
Cluster_21571	1	0.0008		False
Cluster_8973	1	0.0008		False
Cluster_20219	1	0.0008		False
Cluster_8416	1	0.0008		False
Cluster_22379	1	0.0008		False
Cluster_18423	1	0.0008		False
Cluster_11640	1	0.0008		False
Cluster_16749	1	0.0008		False
Cluster_12983	1	0.0008		False
Cluster_25417	1	0.0008		False
Cluster_24264	1	0.0008		False
Cluster_17735	1	0.0008		False
Cluster_14350	1	0.0008		False
Cluster_15524	1	0.0008		False
Cluster_25003	1	0.0008		False
Cluster_11606	1	0.0008		False
Cluster_10357	1	0.0008		False
Cluster_8953	1	0.0008		False
Cluster_13348	1	0.0008		False
Cluster_22687	1	0.0008		False
Cluster_16549	1	0.0008		False
Cluster_19187	1	0.0008		False
Cluster_21867	1	0.0008		False
Cluster_3999	1	0.0008		False
Cluster_14371	1	0.0008		False
Cluster_1863	1	0.0008		False
Cluster_7344	1	0.0008		False
Cluster_6010	1	0.0008		False
Cluster_6484	1	0.0008		False
Cluster_4466	1	0.0008		False
Cluster_8801	1	0.0008		False
Cluster_1306	1	0.0008		False
Cluster_2620	1	0.0008		False
Cluster_12186	1	0.0008		False
Cluster_6086	1	0.0008		False
Cluster_21107	1	0.0008		False
Cluster_9200	1	0.0008		False
Cluster_11044	1	0.0008		False
Cluster_23602	1	0.0008		False
Cluster_1693	1	0.0008		False
Cluster_18974	1	0.0008		False
Cluster_22712	1	0.0008		False
Cluster_209	1	0.0008		False
Cluster_13446	1	0.0008		False
Cluster_13690	1	0.0008		False
Cluster_24598	1	0.0008		False
Cluster_10884	1	0.0008		False
Cluster_7160	1	0.0008		False
Cluster_10334	1	0.0008		False
Cluster_4206	1	0.0008		False
Cluster_21840	1	0.0008		False
Cluster_16714	1	0.0008		False
Cluster_4900	1	0.0008		False
Cluster_23492	1	0.0008		False
Cluster_7495	1	0.0008		False
Cluster_8014	1	0.0008		False
Cluster_16051	1	0.0008		False
Cluster_7988	1	0.0008		False
Cluster_20620	1	0.0008		False
Cluster_20165	1	0.0008		False
Cluster_5050	1	0.0008		False
Cluster_68	1	0.0008		False
Cluster_14153	1	0.0008		False
Cluster_594	1	0.0008		False
Cluster_7933	1	0.0008		False
Cluster_12872	1	0.0008		False
Cluster_15780	1	0.0008		False
Cluster_23949	1	0.0008		False
Cluster_21806	1	0.0008		False
Cluster_12337	1	0.0008		False
Cluster_5298	1	0.0008		False
Cluster_7149	1	0.0008		False
Cluster_16514	1	0.0008		False
Cluster_22247	1	0.0008		False
Cluster_13162	1	0.0008		False
Cluster_12887	1	0.0008		False
Cluster_13400	1	0.0008		False
Cluster_11667	1	0.0008		False
Cluster_2417	1	0.0008		False
Cluster_9906	1	0.0008		False
Cluster_18230	1	0.0008		False
Cluster_10969	1	0.0008		False
Cluster_3483	1	0.0008		False
Cluster_16723	1	0.0008		False
Cluster_5099	1	0.0008		False
Cluster_4856	1	0.0008		False
Cluster_8349	1	0.0008		False
Cluster_7675	1	0.0008		False
Cluster_3438	1	0.0008		False
Cluster_21658	1	0.0008		False
Cluster_12910	1	0.0008		False
Cluster_493	1	0.0008		False
Cluster_2960	1	0.0008		False
Cluster_1210	1	0.0008		False
Cluster_18992	1	0.0008		False
Cluster_6140	1	0.0008		False
Cluster_2811	1	0.0008		False
Cluster_13145	1	0.0008		False
Cluster_3829	1	0.0008		False
Cluster_14890	1	0.0008		False
Cluster_3584	1	0.0008		False
Cluster_2188	1	0.0008		False
Cluster_16018	1	0.0008		False
Cluster_5551	1	0.0008		False
Cluster_18898	1	0.0008		False
Cluster_23350	1	0.0008		False
Cluster_1554	1	0.0008		False
Cluster_13459	1	0.0008		False
Cluster_16147	1	0.0008		False
Cluster_5121	1	0.0008		False
Cluster_12002	1	0.0008		False
Cluster_19589	1	0.0008		False
Cluster_23474	1	0.0008		False
Cluster_15673	1	0.0008		False
Cluster_8360	1	0.0008		False
Cluster_25982	1	0.0008		False
Cluster_923	1	0.0008		False
Cluster_26004	1	0.0008		False
Cluster_6612	1	0.0008		False
Cluster_4832	1	0.0008		False
Cluster_8407	1	0.0008		False
Cluster_7655	1	0.0008		False
Cluster_879	1	0.0008		False
Cluster_4876	1	0.0008		False
Cluster_1916	1	0.0008		False
Cluster_2565	1	0.0008		False
Cluster_8271	1	0.0008		False
Cluster_2004	1	0.0008		False
Cluster_10196	1	0.0008		False
Cluster_542	1	0.0008		False
Cluster_24908	1	0.0008		False
Cluster_21076	1	0.0008		False
Cluster_22090	1	0.0008		False
Cluster_14914	1	0.0008		False
Cluster_23827	1	0.0008		False
Cluster_24348	1	0.0008		False
Cluster_3102	1	0.0008		False
Cluster_2792	1	0.0008		False
Cluster_1276	1	0.0008		False
Cluster_1232	1	0.0008		False
Cluster_2715	1	0.0008		False
Cluster_26083	1	0.0008		False
Cluster_20931	1	0.0008		False
Cluster_2643	1	0.0008		False
Cluster_15258	1	0.0008		False
Cluster_13155	1	0.0008		False
Cluster_1950	1	0.0008		False
Cluster_21001	1	0.0008		False
Cluster_23012	1	0.0008		False
Cluster_13898	1	0.0008		False
Cluster_3980	1	0.0008		False
Cluster_4332	1	0.0008		False
Cluster_6439	1	0.0008		False
Cluster_6757	1	0.0008		False
Cluster_9261	1	0.0008		False
Cluster_20922	1	0.0008		False
Cluster_18264	1	0.0008		False
Cluster_21648	1	0.0008		False
Cluster_17173	1	0.0008		False
Cluster_21273	1	0.0008		False
Cluster_24423	1	0.0008		False
Cluster_2005	1	0.0008		False
Cluster_17115	1	0.0008		False
Cluster_3168	1	0.0008		False
Cluster_13992	1	0.0008		False
Cluster_9350	1	0.0008		False
Cluster_3286	1	0.0008		False
Cluster_1256	1	0.0008		False
Cluster_11463	1	0.0008		False
Cluster_4356	1	0.0008		False
Cluster_459	1	0.0008		False
Cluster_3317	1	0.0008		False
Cluster_1555	1	0.0008		False
Cluster_10073	1	0.0008		False
Cluster_25715	1	0.0008		False
Cluster_17437	1	0.0008		False
Cluster_16927	1	0.0008		False
Cluster_20995	1	0.0008		False
Cluster_23900	1	0.0008		False
Cluster_6630	1	0.0008		False
Cluster_21193	1	0.0008		False
Cluster_4961	1	0.0008		False
Cluster_18162	1	0.0008		False
Cluster_13456	1	0.0008		False
Cluster_15005	1	0.0008		False
Cluster_19586	1	0.0008		False
Cluster_10720	1	0.0008		False
Cluster_22410	1	0.0008		False
Cluster_13502	1	0.0008		False
Cluster_2383	1	0.0008		False
Cluster_21850	1	0.0008		False
Cluster_12319	1	0.0008		False
Cluster_2901	1	0.0008		False
Cluster_18400	1	0.0008		False
Cluster_11511	1	0.0008		False
Cluster_660	1	0.0008		False
Cluster_23590	1	0.0008		False
Cluster_4798	1	0.0008		False
Cluster_5016	1	0.0008		False
Cluster_20505	1	0.0008		False
Cluster_6123	1	0.0008		False
Cluster_14698	1	0.0008		False
Cluster_14727	1	0.0008		False
Cluster_19055	1	0.0008		False
Cluster_22257	1	0.0008		False
Cluster_18446	1	0.0008		False
Cluster_18690	1	0.0008		False
Cluster_13702	1	0.0008		False
Cluster_15824	1	0.0008		False
Cluster_23129	1	0.0008		False
Cluster_4621	1	0.0008		False
Cluster_24311	1	0.0008		False
Cluster_16041	1	0.0008		False
Cluster_7494	1	0.0008		False
Cluster_14408	1	0.0008		False
Cluster_8301	1	0.0008		False
Cluster_8938	1	0.0008		False
Cluster_14143	1	0.0008		False
Cluster_12612	1	0.0008		False
Cluster_17891	1	0.0008		False
Cluster_5706	1	0.0008		False
Cluster_5342	1	0.0008		False
Cluster_17099	1	0.0008		False
Cluster_16608	1	0.0008		False
Cluster_20705	1	0.0008		False
Cluster_25267	1	0.0008		False
Cluster_25020	1	0.0008		False
Cluster_5514	1	0.0008		False
Cluster_1364	1	0.0008		False
Cluster_12334	1	0.0008		False
Cluster_25992	1	0.0008		False
Cluster_6317	1	0.0008		False
Cluster_9193	1	0.0008		False
Cluster_12422	1	0.0008		False
Cluster_3777	1	0.0008		False
Cluster_5361	1	0.0008		False
Cluster_12605	1	0.0008		False
Cluster_18888	1	0.0008		False
Cluster_8120	1	0.0008		False
Cluster_16242	1	0.0008		False
Cluster_8766	1	0.0008		False
Cluster_229	1	0.0008		False
Cluster_19599	1	0.0008		False
Cluster_173	1	0.0008		False
Cluster_20712	1	0.0008		False
Cluster_17555	1	0.0008		False
Cluster_22080	1	0.0008		False
Cluster_12431	1	0.0008		False
Cluster_21530	1	0.0008		False
Cluster_23813	1	0.0008		False
Cluster_2355	1	0.0008		False
Cluster_19356	1	0.0008		False
Cluster_5270	1	0.0008		False
Cluster_4264	1	0.0008		False
Cluster_2874	1	0.0008		False
Cluster_24206	1	0.0008		False
Cluster_1865	1	0.0008		False
Cluster_25925	1	0.0008		False
Cluster_5976	1	0.0008		False
Cluster_6980	1	0.0008		False
Cluster_18977	1	0.0008		False
Cluster_8570	1	0.0008		False
Cluster_24084	1	0.0008		False
Cluster_10887	1	0.0008		False
Cluster_20247	1	0.0008		False
Cluster_25155	1	0.0008		False
Cluster_1787	1	0.0008		False
Cluster_19971	1	0.0008		False
Cluster_16717	1	0.0008		False
Cluster_23875	1	0.0008		False
Cluster_8348	1	0.0008		False
Cluster_10337	1	0.0008		False
Cluster_3439	1	0.0008		False
Cluster_3828	1	0.0008		False
Cluster_14880	1	0.0008		False
Cluster_24240	1	0.0008		False
Cluster_25898	1	0.0008		False
Cluster_10872	1	0.0008		False
Cluster_15012	1	0.0008		False
Cluster_6102	1	0.0008		False
Cluster_14330	1	0.0008		False
Cluster_19665	1	0.0008		False
Cluster_2854	1	0.0008		False
Cluster_22620	1	0.0008		False
Cluster_9710	1	0.0008		False
Cluster_22165	1	0.0008		False
Cluster_9964	1	0.0008		False
Cluster_8214	1	0.0008		False
Cluster_15306	1	0.0008		False
Cluster_21730	1	0.0008		False
Cluster_4942	1	0.0008		False
Cluster_25974	1	0.0008		False
Cluster_3573	1	0.0008		False
Cluster_25702	1	0.0008		False
Cluster_8051	1	0.0008		False
Cluster_3454	1	0.0008		False
Cluster_1010	1	0.0008		False
Cluster_6863	1	0.0008		False
Cluster_23482	1	0.0008		False
Cluster_11388	1	0.0008		False
Cluster_10485	1	0.0008		False
Cluster_2839	1	0.0008		False
Cluster_23477	1	0.0008		False
Cluster_16144	1	0.0008		False
Cluster_5299	1	0.0008		False
Cluster_26007	1	0.0008		False
Cluster_16536	1	0.0008		False
Cluster_13267	1	0.0008		False
Cluster_13020	1	0.0008		False
Cluster_1700	1	0.0008		False
Cluster_19909	1	0.0008		False
Cluster_25456	1	0.0008		False
Cluster_16265	1	0.0008		False
Cluster_3553	1	0.0008		False
Cluster_12196	1	0.0008		False
Cluster_8688	1	0.0008		False
Cluster_6907	1	0.0008		False
Cluster_11170	1	0.0008		False
Cluster_33	1	0.0008		False
Cluster_3123	1	0.0008		False
Cluster_8071	1	0.0008		False
Cluster_5800	1	0.0008		False
Cluster_8633	1	0.0008		False
Cluster_1583	1	0.0008		False
Cluster_25502	1	0.0008		False
Cluster_2204	1	0.0008		False
Cluster_10316	1	0.0008		False
Cluster_16736	1	0.0008		False
Cluster_11921	1	0.0008		False
Cluster_11290	1	0.0008		False
Cluster_903	1	0.0008		False
Cluster_7320	1	0.0008		False
Cluster_24961	1	0.0008		False
Cluster_23133	1	0.0008		False
Cluster_20478	1	0.0008		False
Cluster_15492	1	0.0008		False
Cluster_17762	1	0.0008		False
Cluster_16154	1	0.0008		False
Cluster_17322	1	0.0008		False
Cluster_8143	1	0.0008		False
Cluster_16924	1	0.0008		False
Cluster_611	1	0.0008		False
Cluster_22152	1	0.0008		False
Cluster_19652	1	0.0008		False
Cluster_23780	1	0.0008		False
Cluster_14028	1	0.0008		False
Cluster_1076	1	0.0008		False
Cluster_5300	1	0.0008		False
Cluster_6411	1	0.0008		False
Cluster_5467	1	0.0008		False
Cluster_21068	1	0.0008		False
Cluster_19261	1	0.0008		False
Cluster_17395	1	0.0008		False
Cluster_14575	1	0.0008		False
Cluster_19596	1	0.0008		False
Cluster_17562	1	0.0008		False
Cluster_9398	1	0.0008		False
Cluster_12073	1	0.0008		False
Cluster_18267	1	0.0008		False
Cluster_18020	1	0.0008		False
Cluster_15602	1	0.0008		False
Cluster_17629	1	0.0008		False
Cluster_25446	1	0.0008		False
Cluster_7683	1	0.0008		False
Cluster_25690	1	0.0008		False
Cluster_1056	1	0.0008		False
Cluster_7638	1	0.0008		False
Cluster_3086	1	0.0008		False
Cluster_14939	1	0.0008		False
Cluster_3475	1	0.0008		False
Cluster_16488	1	0.0008		False
Cluster_2205	1	0.0008		False
Cluster_10189	1	0.0008		False
Cluster_21313	1	0.0008		False
Cluster_24209	1	0.0008		False
Cluster_25459	1	0.0008		False
Cluster_15474	1	0.0008		False
Cluster_14524	1	0.0008		False
Cluster_17545	1	0.0008		False
Cluster_21564	1	0.0008		False
Cluster_22505	1	0.0008		False
Cluster_4265	1	0.0008		False
Cluster_9756	1	0.0008		False
Cluster_26101	1	0.0008		False
Cluster_25264	1	0.0008		False
Cluster_13982	1	0.0008		False
Cluster_3169	1	0.0008		False
Cluster_24417	1	0.0008		False
Cluster_12199	1	0.0008		False
Cluster_18515	1	0.0008		False
Cluster_468	1	0.0008		False
Cluster_8974	1	0.0008		False
Cluster_12279	1	0.0008		False
Cluster_15371	1	0.0008		False
Cluster_10319	1	0.0008		False
Cluster_5515	1	0.0008		False
Cluster_13977	1	0.0008		False
Cluster_7611	1	0.0008		False
Cluster_8848	1	0.0008		False
Cluster_22469	1	0.0008		False
Cluster_3612	1	0.0008		False
Cluster_12720	1	0.0008		False
Cluster_21324	1	0.0008		False
Cluster_22705	1	0.0008		False
Cluster_9549	1	0.0008		False
Cluster_19300	1	0.0008		False
Cluster_2855	1	0.0008		False
Cluster_15956	1	0.0008		False
Cluster_10612	1	0.0008		False
Cluster_12803	1	0.0008		False
Cluster_24250	1	0.0008		False
Cluster_24	1	0.0008		False
Cluster_19940	1	0.0008		False
Cluster_14364	1	0.0008		False
Cluster_2374	1	0.0008		False
Cluster_17283	1	0.0008		False
Cluster_17745	1	0.0008		False
Cluster_11057	1	0.0008		False
Cluster_9965	1	0.0008		False
Cluster_6817	1	0.0008		False
Cluster_16661	1	0.0008		False
Cluster_533	1	0.0008		False
Cluster_24271	1	0.0008		False
Cluster_18573	1	0.0008		False
Cluster_6483	1	0.0008		False
Cluster_1864	1	0.0008		False
Cluster_4637	1	0.0008		False
Cluster_7343	1	0.0008		False
Cluster_23615	1	0.0008		False
Cluster_13338	1	0.0008		False
Cluster_12966	1	0.0008		False
Cluster_13888	1	0.0008		False
Cluster_25145	1	0.0008		False
Cluster_20257	1	0.0008		False
Cluster_1761	1	0.0008		False
Cluster_6555	1	0.0008		False
Cluster_10787	1	0.0008		False
Cluster_1777	1	0.0008		False
Cluster_8703	1	0.0008		False
Cluster_16817	1	0.0008		False
Cluster_1694	1	0.0008		False
Cluster_6125	1	0.0008		False
Cluster_15153	1	0.0008		False
Cluster_373	1	0.0008		False
Cluster_6970	1	0.0008		False
Cluster_18588	1	0.0008		False
Cluster_17198	1	0.0008		False
Cluster_2529	1	0.0008		False
Cluster_8580	1	0.0008		False
Cluster_1630	1	0.0008		False
Cluster_19899	1	0.0008		False
Cluster_19967	1	0.0008		False
Cluster_11489	1	0.0008		False
Cluster_7296	1	0.0008		False
Cluster_20234	1	0.0008		False
Cluster_21380	1	0.0008		False
Cluster_17855	1	0.0008		False
Cluster_10344	1	0.0008		False
Cluster_18675	1	0.0008		False
Cluster_25627	1	0.0008		False
Cluster_23028	1	0.0008		False
Cluster_13436	1	0.0008		False
Cluster_6950	1	0.0008		False
Cluster_18613	1	0.0008		False
Cluster_7934	1	0.0008		False
Cluster_19103	1	0.0008		False
Cluster_3865	1	0.0008		False
Cluster_604	1	0.0008		False
Cluster_22603	1	0.0008		False
Cluster_20812	1	0.0008		False
Cluster_1757	1	0.0008		False
Cluster_6575	1	0.0008		False
Cluster_17643	1	0.0008		False
Cluster_21178	1	0.0008		False
Cluster_19448	1	0.0008		False
Cluster_4405	1	0.0008		False
Cluster_1439	1	0.0008		False
Cluster_7990	1	0.0008		False
Cluster_3787	1	0.0008		False
Cluster_25598	1	0.0008		False
Cluster_10572	1	0.0008		False
Cluster_14580	1	0.0008		False
Cluster_6232	1	0.0008		False
Cluster_961	1	0.0008		False
Cluster_26069	1	0.0008		False
Cluster_13209	1	0.0008		False
Cluster_13815	1	0.0008		False
Cluster_23939	1	0.0008		False
Cluster_12347	1	0.0008		False
Cluster_23713	1	0.0008		False
Cluster_2781	1	0.0008		False
Cluster_22237	1	0.0008		False
Cluster_17210	1	0.0008		False
Cluster_8678	1	0.0008		False
Cluster_20970	1	0.0008		False
Cluster_8081	1	0.0008		False
Cluster_18240	1	0.0008		False
Cluster_20132	1	0.0008		False
Cluster_23524	1	0.0008		False
Cluster_9057	1	0.0008		False
Cluster_99	1	0.0008		False
Cluster_15238	1	0.0008		False
Cluster_13135	1	0.0008		False
Cluster_15914	1	0.0008		False
Cluster_10794	1	0.0008		False
Cluster_2465	1	0.0008		False
Cluster_16836	1	0.0008		False
Cluster_24977	1	0.0008		False
Cluster_12597	1	0.0008		False
Cluster_16386	1	0.0008		False
Cluster_5471	1	0.0008		False
Cluster_23724	1	0.0008		False
Cluster_20376	1	0.0008		False
Cluster_18206	1	0.0008		False
Cluster_822	1	0.0008		False
Cluster_13191	1	0.0008		False
Cluster_7979	1	0.0008		False
Cluster_706	1	0.0008		False
Cluster_8658	1	0.0008		False
Cluster_13250	1	0.0008		False
Cluster_3583	1	0.0008		False
Cluster_17457	1	0.0008		False
Cluster_1553	1	0.0008		False
Cluster_25802	1	0.0008		False
Cluster_24888	1	0.0008		False
Cluster_14248	1	0.0008		False
Cluster_24338	1	0.0008		False
Cluster_42	1	0.0008		False
Cluster_12628	1	0.0008		False
Cluster_23461	1	0.0008		False
Cluster_18624	1	0.0008		False
Cluster_9077	1	0.0008		False
Cluster_5207	1	0.0008		False
Cluster_16415	1	0.0008		False
Cluster_21110	1	0.0008		False
Cluster_25358	1	0.0008		False
Cluster_22075	1	0.0008		False
Cluster_19277	1	0.0008		False
Cluster_7219	1	0.0008		False
Cluster_2222	1	0.0008		False
Cluster_12993	1	0.0008		False
Cluster_25423	1	0.0008		False
Cluster_18271	1	0.0008		False
Cluster_9602	1	0.0008		False
Cluster_324	1	0.0008		False
Cluster_2464	1	0.0008		False
Cluster_20301	1	0.0008		False
Cluster_17581	1	0.0008		False
Cluster_21989	1	0.0008		False
Cluster_13206	1	0.0008		False
Cluster_11315	1	0.0008		False
Cluster_21638	1	0.0008		False
Cluster_17968	1	0.0008		False
Cluster_4707	1	0.0008		False
Cluster_449	1	0.0008		False
Cluster_1455	1	0.0008		False
Cluster_7031	1	0.0008		False
Cluster_24715	1	0.0008		False
Cluster_22728	1	0.0008		False
Cluster_18250	1	0.0008		False
Cluster_3485	1	0.0008		False
Cluster_23936	1	0.0008		False
Cluster_9448	1	0.0008		False
Cluster_24773	1	0.0008		False
Cluster_18135	1	0.0008		False
Cluster_14258	1	0.0008		False
Cluster_17862	1	0.0008		False
Cluster_13084	1	0.0008		False
Cluster_2563	1	0.0008		False
Cluster_1086	1	0.0008		False
Cluster_22407	1	0.0008		False
Cluster_7653	1	0.0008		False
Cluster_11486	1	0.0008		False
Cluster_3056	1	0.0008		False
Cluster_23330	1	0.0008		False
Cluster_22013	1	0.0008		False
Cluster_23880	1	0.0008		False
Cluster_6693	1	0.0008		False
Cluster_750	1	0.0008		False
Cluster_10470	1	0.0008		False
Cluster_23917	1	0.0008		False
Cluster_10354	1	0.0008		False
Cluster_14482	1	0.0008		False
Cluster_2384	1	0.0008		False
Cluster_17845	1	0.0008		False
Cluster_22684	1	0.0008		False
Cluster_9786	1	0.0008		False
Cluster_1169	1	0.0008		False
Cluster_18815	1	0.0008		False
Cluster_12703	1	0.0008		False
Cluster_16095	1	0.0008		False
Cluster_1695	1	0.0008		False
Cluster_5357	1	0.0008		False
Cluster_13788	1	0.0008		False
Cluster_6554	1	0.0008		False
Cluster_19563	1	0.0008		False
Cluster_14477	1	0.0008		False
Cluster_7594	1	0.0008		False
Cluster_11227	1	0.0008		False
Cluster_11060	1	0.0008		False
Cluster_4228	1	0.0008		False
Cluster_4503	1	0.0008		False
Cluster_14211	1	0.0008		False
Cluster_1140	1	0.0008		False
Cluster_20687	1	0.0008		False
Cluster_18436	1	0.0008		False
Cluster_16022	1	0.0008		False
Cluster_13675	1	0.0008		False
Cluster_12357	1	0.0008		False
Cluster_24680	1	0.0008		False
Cluster_19323	1	0.0008		False
Cluster_3864	1	0.0008		False
Cluster_19763	1	0.0008		False
Cluster_20672	1	0.0008		False
Cluster_15698	1	0.0008		False
Cluster_7018	1	0.0008		False
Cluster_6453	1	0.0008		False
Cluster_12820	1	0.0008		False
Cluster_9928	1	0.0008		False
Cluster_7493	1	0.0008		False
Cluster_467	1	0.0008		False
Cluster_16031	1	0.0008		False
Cluster_19458	1	0.0008		False
Cluster_4404	1	0.0008		False
Cluster_10983	1	0.0008		False
Cluster_5394	1	0.0008		False
Cluster_7662	1	0.0008		False
Cluster_16653	1	0.0008		False
Cluster_17839	1	0.0008		False
Cluster_10275	1	0.0008		False
Cluster_8044	1	0.0008		False
Cluster_23192	1	0.0008		False
Cluster_22638	1	0.0008		False
Cluster_6597	1	0.0008		False
Cluster_10858	1	0.0008		False
Cluster_477	1	0.0008		False
Cluster_3661	1	0.0008		False
Cluster_8896	1	0.0008		False
Cluster_1391	1	0.0008		False
Cluster_7557	1	0.0008		False
Cluster_4489	1	0.0008		False
Cluster_14453	1	0.0008		False
Cluster_3441	1	0.0008		False
Cluster_7119	1	0.0008		False
Cluster_17022	1	0.0008		False
Cluster_2667	1	0.0008		False
Cluster_18560	1	0.0008		False
Cluster_18926	1	0.0008		False
Cluster_20509	1	0.0008		False
Cluster_11993	1	0.0008		False
Cluster_23272	1	0.0008		False
Cluster_10195	1	0.0008		False
Cluster_26127	1	0.0008		False
Cluster_314	1	0.0008		False
Cluster_25228	1	0.0008		False
Cluster_23125	1	0.0008		False
Cluster_5895	1	0.0008		False
Cluster_21528	1	0.0008		False
Cluster_14981	1	0.0008		False
Cluster_7608	1	0.0008		False
Cluster_10131	1	0.0008		False
Cluster_19059	1	0.0008		False
Cluster_1068	1	0.0008		False
Cluster_1795	1	0.0008		False
Cluster_475	1	0.0008		False
Cluster_17677	1	0.0008		False
Cluster_17095	1	0.0008		False
Cluster_956	1	0.0008		False
Cluster_17682	1	0.0008		False
Cluster_2536	1	0.0008		False
Cluster_2572	1	0.0008		False
Cluster_10213	1	0.0008		False
Cluster_16845	1	0.0008		False
Cluster_9991	1	0.0008		False
Cluster_18760	1	0.0008		False
Cluster_18320	1	0.0008		False
Cluster_10122	1	0.0008		False
Cluster_23174	1	0.0008		False
Cluster_20166	1	0.0008		False
Cluster_6793	1	0.0008		False
Cluster_10811	1	0.0008		False
Cluster_13159	1	0.0008		False
Cluster_4369	1	0.0008		False
Cluster_10019	1	0.0008		False
Cluster_6462	1	0.0008		False
Cluster_15879	1	0.0008		False
Cluster_16781	1	0.0008		False
Cluster_13929	1	0.0008		False
Cluster_4558	1	0.0008		False
Cluster_14647	1	0.0008		False
Cluster_6642	1	0.0008		False
Cluster_12227	1	0.0008		False
Cluster_15050	1	0.0008		False
Cluster_10496	1	0.0008		False
Cluster_7922	1	0.0008		False
Cluster_10640	1	0.0008		False
Cluster_25519	1	0.0008		False
Cluster_20571	1	0.0008		False
Cluster_16862	1	0.0008		False
Cluster_21219	1	0.0008		False
Cluster_21805	1	0.0008		False
Cluster_22864	1	0.0008		False
Cluster_1269	1	0.0008		False
Cluster_18455	1	0.0008		False
Cluster_19912	1	0.0008		False
Cluster_11703	1	0.0008		False
Cluster_19046	1	0.0008		False
Cluster_24557	1	0.0008		False
Cluster_8319	1	0.0008		False
Cluster_18149	1	0.0008		False
Cluster_4578	1	0.0008		False
Cluster_6408	1	0.0008		False
Cluster_7773	1	0.0008		False
Cluster_4607	1	0.0008		False
Cluster_16968	1	0.0008		False
Cluster_13038	1	0.0008		False
Cluster_12185	1	0.0008		False
Cluster_4340	1	0.0008		False
Cluster_56	1	0.0008		False
Cluster_15203	1	0.0008		False
Cluster_6110	1	0.0008		False
Cluster_19000	1	0.0008		False
Cluster_782	1	0.0008		False
Cluster_21024	1	0.0008		False
Cluster_9346	1	0.0008		False
Cluster_11503	1	0.0008		False
Cluster_24757	1	0.0008		False
Cluster_25719	1	0.0008		False
Cluster_2744	1	0.0008		False
Cluster_11357	1	0.0008		False
Cluster_13445	1	0.0008		False
Cluster_20771	1	0.0008		False
Cluster_12489	1	0.0008		False
Cluster_7196	1	0.0008		False
Cluster_24123	1	0.0008		False
Cluster_732	1	0.0008		False
Cluster_2341	1	0.0008		False
Cluster_22830	1	0.0008		False
Cluster_10650	1	0.0008		False
Cluster_17980	1	0.0008		False
Cluster_9846	1	0.0008		False
Cluster_19243	1	0.0008		False
Cluster_15040	1	0.0008		False
Cluster_26021	1	0.0008		False
Cluster_24547	1	0.0008		False
Cluster_24953	1	0.0008		False
Cluster_6526	1	0.0008		False
Cluster_11163	1	0.0008		False
Cluster_8827	1	0.0008		False
Cluster_6156	1	0.0008		False
Cluster_10965	1	0.0008		False
Cluster_15284	1	0.0008		False
Cluster_17137	1	0.0008		False
Cluster_4036	1	0.0008		False
Cluster_5968	1	0.0008		False
Cluster_6225	1	0.0008		False
Cluster_20706	1	0.0008		False
Cluster_2259	1	0.0008		False
Cluster_14657	1	0.0008		False
Cluster_18038	1	0.0008		False
Cluster_1497	1	0.0008		False
Cluster_17386	1	0.0008		False
Cluster_24747	1	0.0008		False
Cluster_14030	1	0.0008		False
Cluster_5180	1	0.0008		False
Cluster_6132	1	0.0008		False
Cluster_17836	1	0.0008		False
Cluster_6176	1	0.0008		False
Cluster_22986	1	0.0008		False
Cluster_13455	1	0.0008		False
Cluster_19585	1	0.0008		False
Cluster_25537	1	0.0008		False
Cluster_2613	1	0.0008		False
Cluster_9518	1	0.0008		False
Cluster_2745	1	0.0008		False
Cluster_4869	1	0.0008		False
Cluster_101	1	0.0008		False
Cluster_2279	1	0.0008		False
Cluster_5902	1	0.0008		False
Cluster_18159	1	0.0008		False
Cluster_24384	1	0.0008		False
Cluster_20452	1	0.0008		False
Cluster_22178	1	0.0008		False
Cluster_4052	1	0.0008		False
Cluster_20740	1	0.0008		False
Cluster_3409	1	0.0008		False
Cluster_8941	1	0.0008		False
Cluster_11784	1	0.0008		False
Cluster_11088	1	0.0008		False
Cluster_2809	1	0.0008		False
Cluster_12538	1	0.0008		False
Cluster_5628	1	0.0008		False
Cluster_18534	1	0.0008		False
Cluster_13760	1	0.0008		False
Cluster_2996	1	0.0008		False
Cluster_971	1	0.0008		False
Cluster_13320	1	0.0008		False
Cluster_15182	1	0.0008		False
Cluster_17116	1	0.0008		False
Cluster_11597	1	0.0008		False
Cluster_16643	1	0.0008		False
Cluster_15177	1	0.0008		False
Cluster_10609	1	0.0008		False
Cluster_857	1	0.0008		False
Cluster_24114	1	0.0008		False
Cluster_14443	1	0.0008		False
Cluster_25716	1	0.0008		False
Cluster_5312	1	0.0008		False
Cluster_698	1	0.0008		False
Cluster_1562	1	0.0008		False
Cluster_41	1	0.0008		False
Cluster_13156	1	0.0008		False
Cluster_18462	1	0.0008		False
Cluster_900	1	0.0008		False
Cluster_3024	1	0.0008		False
Cluster_13926	1	0.0008		False
Cluster_16855	1	0.0008		False
Cluster_12738	1	0.0008		False
Cluster_5107	1	0.0008		False
Cluster_2058	1	0.0008		False
Cluster_1730	1	0.0008		False
Cluster_8396	1	0.0008		False
Cluster_25516	1	0.0008		False
Cluster_20390	1	0.0008		False
Cluster_1508	1	0.0008		False
Cluster_1794	1	0.0008		False
Cluster_17817	1	0.0008		False
Cluster_1223	1	0.0008		False
Cluster_5791	1	0.0008		False
Cluster_15433	1	0.0008		False
Cluster_17539	1	0.0008		False
Cluster_19751	1	0.0008		False
Cluster_13547	1	0.0008		False
Cluster_10558	1	0.0008		False
Cluster_7392	1	0.0008		False
Cluster_4737	1	0.0008		False
Cluster_13212	1	0.0008		False
Cluster_1441	1	0.0008		False
Cluster_7001	1	0.0008		False
Cluster_6352	1	0.0008		False
Cluster_4459	1	0.0008		False
Cluster_18757	1	0.0008		False
Cluster_17661	1	0.0008		False
Cluster_22068	1	0.0008		False
Cluster_11201	1	0.0008		False
Cluster_5444	1	0.0008		False
Cluster_22375	1	0.0008		False
Cluster_2397	1	0.0008		False
Cluster_16745	1	0.0008		False
Cluster_8243	1	0.0008		False
Cluster_20215	1	0.0008		False
Cluster_24149	1	0.0008		False
Cluster_20809	1	0.0008		False
Cluster_14962	1	0.0008		False
Cluster_20001	1	0.0008		False
Cluster_2582	1	0.0008		False
Cluster_9676	1	0.0008		False
Cluster_6372	1	0.0008		False
Cluster_4479	1	0.0008		False
Cluster_25676	1	0.0008		False
Cluster_10463	1	0.0008		False
Cluster_24455	1	0.0008		False
Cluster_18557	1	0.0008		False
Cluster_7711	1	0.0008		False
Cluster_23030	1	0.0008		False
Cluster_22313	1	0.0008		False
Cluster_3795	1	0.0008		False
Cluster_17739	1	0.0008		False
Cluster_13481	1	0.0008		False
Cluster_14868	1	0.0008		False
Cluster_478	1	0.0008		False
Cluster_5543	1	0.0008		False
Cluster_10758	1	0.0008		False
Cluster_753	1	0.0008		False
Cluster_17913	1	0.0008		False
Cluster_18303	1	0.0008		False
Cluster_20193	1	0.0008		False
Cluster_9656	1	0.0008		False
Cluster_21995	1	0.0008		False
Cluster_16545	1	0.0008		False
Cluster_19014	1	0.0008		False
Cluster_19570	1	0.0008		False
Cluster_11073	1	0.0008		False
Cluster_7500	1	0.0008		False
Cluster_9725	1	0.0008		False
Cluster_19718	1	0.0008		False
Cluster_12630	1	0.0008		False
Cluster_24760	1	0.0008		False
Cluster_14429	1	0.0008		False
Cluster_4588	1	0.0008		False
Cluster_21469	1	0.0008		False
Cluster_11720	1	0.0008		False
Cluster_25819	1	0.0008		False
Cluster_23443	1	0.0008		False
Cluster_15644	1	0.0008		False
Cluster_10054	1	0.0008		False
Cluster_13114	1	0.0008		False
Cluster_16562	1	0.0008		False
Cluster_20871	1	0.0008		False
Cluster_25011	1	0.0008		False
Cluster_22564	1	0.0008		False
Cluster_4165	1	0.0008		False
Cluster_5116	1	0.0008		False
Cluster_20767	1	0.0008		False
Cluster_20327	1	0.0008		False
Cluster_19023	1	0.0008		False
Cluster_24926	1	0.0008		False
Cluster_7905	1	0.0008		False
Cluster_16089	1	0.0008		False
Cluster_16331	1	0.0008		False
Cluster_11966	1	0.0008		False
Cluster_24156	1	0.0008		False
Cluster_15779	1	0.0008		False
Cluster_24560	1	0.0008		False
Cluster_25754	1	0.0008		False
Cluster_19518	1	0.0008		False
Cluster_14945	1	0.0008		False
Cluster_22764	1	0.0008		False
Cluster_14634	1	0.0008		False
Cluster_17924	1	0.0008		False
Cluster_8192	1	0.0008		False
Cluster_14305	1	0.0008		False
Cluster_16434	1	0.0008		False
Cluster_16762	1	0.0008		False
Cluster_20611	1	0.0008		False
Cluster_10044	1	0.0008		False
Cluster_25679	1	0.0008		False
Cluster_23453	1	0.0008		False
Cluster_22530	1	0.0008		False
Cluster_2491	1	0.0008		False
Cluster_23328	1	0.0008		False
Cluster_4247	1	0.0008		False
Cluster_14192	1	0.0008		False
Cluster_6186	1	0.0008		False
Cluster_1347	1	0.0008		False
Cluster_6541	1	0.0008		False
Cluster_8733	1	0.0008		False
Cluster_25544	1	0.0008		False
Cluster_10280	1	0.0008		False
Cluster_9724	1	0.0008		False
Cluster_18668	1	0.0008		False
Cluster_11422	1	0.0008		False
Cluster_7060	1	0.0008		False
Cluster_21244	1	0.0008		False
Cluster_11884	1	0.0008		False
Cluster_17265	1	0.0008		False
Cluster_370	1	0.0008		False
Cluster_8220	1	0.0008		False
Cluster_1600	1	0.0008		False
Cluster_24462	1	0.0008		False
Cluster_2326	1	0.0008		False
Cluster_20963	1	0.0008		False
Cluster_23568	1	0.0008		False
Cluster_5520	1	0.0008		False
Cluster_22104	1	0.0008		False
Cluster_17536	1	0.0008		False
Cluster_19604	1	0.0008		False
Cluster_21620	1	0.0008		False
Cluster_16102	1	0.0008		False
Cluster_25837	1	0.0008		False
Cluster_25387	1	0.0008		False
Cluster_14660	1	0.0008		False
Cluster_12118	1	0.0008		False
Cluster_4993	1	0.0008		False
Cluster_10667	1	0.0008		False
Cluster_11495	1	0.0008		False
Cluster_25372	1	0.0008		False
Cluster_7049	1	0.0008		False
Cluster_1409	1	0.0008		False
Cluster_24146	1	0.0008		False
Cluster_2651	1	0.0008		False
Cluster_24929	1	0.0008		False
Cluster_15776	1	0.0008		False
Cluster_5199	1	0.0008		False
Cluster_25601	1	0.0008		False
Cluster_16086	1	0.0008		False
Cluster_14174	1	0.0008		False
Cluster_24159	1	0.0008		False
Cluster_799	1	0.0008		False
Cluster_3657	1	0.0008		False
Cluster_10548	1	0.0008		False
Cluster_13557	1	0.0008		False
Cluster_8537	1	0.0008		False
Cluster_6872	1	0.0008		False
Cluster_19741	1	0.0008		False
Cluster_7314	1	0.0008		False
Cluster_13303	1	0.0008		False
Cluster_695	1	0.0008		False
Cluster_18481	1	0.0008		False
Cluster_13860	1	0.0008		False
Cluster_14426	1	0.0008		False
Cluster_25491	1	0.0008		False
Cluster_11276	1	0.0008		False
Cluster_2033	1	0.0008		False
Cluster_2671	1	0.0008		False
Cluster_21466	1	0.0008		False
Cluster_12151	1	0.0008		False
Cluster_5237	1	0.0008		False
Cluster_18547	1	0.0008		False
Cluster_163	1	0.0008		False
Cluster_24445	1	0.0008		False
Cluster_3730	1	0.0008		False
Cluster_15161	1	0.0008		False
Cluster_6069	1	0.0008		False
Cluster_12932	1	0.0008		False
Cluster_20076	1	0.0008		False
Cluster_25394	1	0.0008		False
Cluster_25816	1	0.0008		False
Cluster_697	1	0.0008		False
Cluster_23064	1	0.0008		False
Cluster_7815	1	0.0008		False
Cluster_22202	1	0.0008		False
Cluster_13757	1	0.0008		False
Cluster_3677	1	0.0008		False
Cluster_3794	1	0.0008		False
Cluster_3223	1	0.0008		False
Cluster_6852	1	0.0008		False
Cluster_19541	1	0.0008		False
Cluster_2104	1	0.0008		False
Cluster_18819	1	0.0008		False
Cluster_22001	1	0.0008		False
Cluster_16099	1	0.0008		False
Cluster_16891	1	0.0008		False
Cluster_22809	1	0.0008		False
Cluster_18011	1	0.0008		False
Cluster_19017	1	0.0008		False
Cluster_5393	1	0.0008		False
Cluster_20375	1	0.0008		False
Cluster_13837	1	0.0008		False
Cluster_15981	1	0.0008		False
Cluster_20068	1	0.0008		False
Cluster_3202	1	0.0008		False
Cluster_13372	1	0.0008		False
Cluster_964	1	0.0008		False
Cluster_18554	1	0.0008		False
Cluster_7201	1	0.0008		False
Cluster_1132	1	0.0008		False
Cluster_2436	1	0.0008		False
Cluster_7457	1	0.0008		False
Cluster_7542	1	0.0008		False
Cluster_14801	1	0.0008		False
Cluster_10141	1	0.0008		False
Cluster_23654	1	0.0008		False
Cluster_14009	1	0.0008		False
Cluster_1225	1	0.0008		False
Cluster_6497	1	0.0008		False
Cluster_19693	1	0.0008		False
Cluster_17498	1	0.0008		False
Cluster_22193	1	0.0008		False
Cluster_16835	1	0.0008		False
Cluster_22273	1	0.0008		False
Cluster_12758	1	0.0008		False
Cluster_16385	1	0.0008		False
Cluster_2452	1	0.0008		False
Cluster_4325	1	0.0008		False
Cluster_1526	1	0.0008		False
Cluster_13136	1	0.0008		False
Cluster_1156	1	0.0008		False
Cluster_18754	1	0.0008		False
Cluster_6730	1	0.0008		False
Cluster_13491	1	0.0008		False
Cluster_3069	1	0.0008		False
Cluster_18058	1	0.0008		False
Cluster_26052	1	0.0008		False
Cluster_397	1	0.0008		False
Cluster_20564	1	0.0008		False
Cluster_17927	1	0.0008		False
Cluster_16437	1	0.0008		False
Cluster_6794	1	0.0008		False
Cluster_3852	1	0.0008		False
Cluster_22079	1	0.0008		False
Cluster_17157	1	0.0008		False
Cluster_7851	1	0.0008		False
Cluster_1882	1	0.0008		False
Cluster_6677	1	0.0008		False
Cluster_13394	1	0.0008		False
Cluster_24719	1	0.0008		False
Cluster_24933	1	0.0008		False
Cluster_19036	1	0.0008		False
Cluster_938	1	0.0008		False
Cluster_22850	1	0.0008		False
Cluster_21410	1	0.0008		False
Cluster_16115	1	0.0008		False
Cluster_21985	1	0.0008		False
Cluster_3872	1	0.0008		False
Cluster_4458	1	0.0008		False
Cluster_15647	1	0.0008		False
Cluster_3836	1	0.0008		False
Cluster_6657	1	0.0008		False
Cluster_7697	1	0.0008		False
Cluster_395	1	0.0008		False
Cluster_11612	1	0.0008		False
Cluster_7774	1	0.0008		False
Cluster_3040	1	0.0008		False
Cluster_18676	1	0.0008		False
Cluster_2743	1	0.0008		False
Cluster_21257	1	0.0008		False
Cluster_13435	1	0.0008		False
Cluster_17856	1	0.0008		False
Cluster_20421	1	0.0008		False
Cluster_25303	1	0.0008		False
Cluster_14006	1	0.0008		False
Cluster_21712	1	0.0008		False
Cluster_24537	1	0.0008		False
Cluster_9418	1	0.0008		False
Cluster_8020	1	0.0008		False
Cluster_23701	1	0.0008		False
Cluster_9093	1	0.0008		False
Cluster_14312	1	0.0008		False
Cluster_25747	1	0.0008		False
Cluster_19233	1	0.0008		False
Cluster_15030	1	0.0008		False
Cluster_25481	1	0.0008		False
Cluster_4106	1	0.0008		False
Cluster_18117	1	0.0008		False
Cluster_26042	1	0.0008		False
Cluster_6712	1	0.0008		False
Cluster_3372	1	0.0008		False
Cluster_3336	1	0.0008		False
Cluster_25834	1	0.0008		False
Cluster_20530	1	0.0008		False
Cluster_17018	1	0.0008		False
Cluster_6795	1	0.0008		False
Cluster_13139	1	0.0008		False
Cluster_25384	1	0.0008		False
Cluster_2614	1	0.0008		False
Cluster_988	1	0.0008		False
Cluster_21247	1	0.0008		False
Cluster_7249	1	0.0008		False
Cluster_18816	1	0.0008		False
Cluster_16096	1	0.0008		False
Cluster_321	1	0.0008		False
Cluster_12667	1	0.0008		False
Cluster_24737	1	0.0008		False
Cluster_25123	1	0.0008		False
Cluster_25212	1	0.0008		False
Cluster_14040	1	0.0008		False
Cluster_20730	1	0.0008		False
Cluster_10118	1	0.0008		False
Cluster_13058	1	0.0008		False
Cluster_15657	1	0.0008		False
Cluster_20104	1	0.0008		False
Cluster_24844	1	0.0008		False
Cluster_17363	1	0.0008		False
Cluster_14284	1	0.0008		False
Cluster_7775	1	0.0008		False
Cluster_6002	1	0.0008		False
Cluster_22963	1	0.0008		False
Cluster_3352	1	0.0008		False
Cluster_11872	1	0.0008		False
Cluster_23991	1	0.0008		False
Cluster_18544	1	0.0008		False
Cluster_23220	1	0.0008		False
Cluster_23067	1	0.0008		False
Cluster_25668	1	0.0008		False
Cluster_8151	1	0.0008		False
Cluster_12548	1	0.0008		False
Cluster_19928	1	0.0008		False
Cluster_18679	1	0.0008		False
Cluster_10838	1	0.0008		False
Cluster_11910	1	0.0008		False
Cluster_19158	1	0.0008		False
Cluster_11485	1	0.0008		False
Cluster_10388	1	0.0008		False
Cluster_16633	1	0.0008		False
Cluster_20202	1	0.0008		False
Cluster_10170	1	0.0008		False
Cluster_1224	1	0.0008		False
Cluster_2288	1	0.0008		False
Cluster_19381	1	0.0008		False
Cluster_13011	1	0.0008		False
Cluster_2233	1	0.0008		False
Cluster_10151	1	0.0008		False
Cluster_24716	1	0.0008		False
Cluster_19831	1	0.0008		False
Cluster_8604	1	0.0008		False
Cluster_5221	1	0.0008		False
Cluster_11002	1	0.0008		False
Cluster_1462	1	0.0008		False
Cluster_10290	1	0.0008		False
Cluster_15108	1	0.0008		False
Cluster_913	1	0.0008		False
Cluster_2166	1	0.0008		False
Cluster_18387	1	0.0008		False
Cluster_11316	1	0.0008		False
Cluster_1642	1	0.0008		False
Cluster_14177	1	0.0008		False
Cluster_4091	1	0.0008		False
Cluster_22509	1	0.0008		False
Cluster_16591	1	0.0008		False
Cluster_23312	1	0.0008		False
Cluster_4579	1	0.0008		False
Cluster_4302	1	0.0008		False
Cluster_25455	1	0.0008		False
Cluster_13537	1	0.0008		False
Cluster_9740	1	0.0008		False
Cluster_8622	1	0.0008		False
Cluster_24139	1	0.0008		False
Cluster_19420	1	0.0008		False
Cluster_21404	1	0.0008		False
Cluster_16735	1	0.0008		False
Cluster_10315	1	0.0008		False
Cluster_12275	1	0.0008		False
Cluster_1541	1	0.0008		False
Cluster_23040	1	0.0008		False
Cluster_7487	1	0.0008		False
Cluster_10373	1	0.0008		False
Cluster_13737	1	0.0008		False
Cluster_4129	1	0.0008		False
Cluster_18719	1	0.0008		False
Cluster_12952	1	0.0008		False
Cluster_16791	1	0.0008		False
Cluster_22709	1	0.0008		False
Cluster_26124	1	0.0008		False
Cluster_4368	1	0.0008		False
Cluster_6600	1	0.0008		False
Cluster_1268	1	0.0008		False
Cluster_16535	1	0.0008		False
Cluster_2918	1	0.0008		False
Cluster_2035	1	0.0008		False
Cluster_23619	1	0.0008		False
Cluster_23284	1	0.0008		False
Cluster_13844	1	0.0008		False
Cluster_15962	1	0.0008		False
Cluster_2482	1	0.0008		False
Cluster_3156	1	0.0008		False
Cluster_10486	1	0.0008		False
Cluster_1186	1	0.0008		False
Cluster_21260	1	0.0008		False
Cluster_5752	1	0.0008		False
Cluster_25156	1	0.0008		False
Cluster_8962	1	0.0008		False
Cluster_23876	1	0.0008		False
Cluster_14779	1	0.0008		False
Cluster_197	1	0.0008		False
Cluster_25560	1	0.0008		False
Cluster_1069	1	0.0008		False
Cluster_24754	1	0.0008		False
Cluster_9295	1	0.0008		False
Cluster_25926	1	0.0008		False
Cluster_14220	1	0.0008		False
Cluster_11470	1	0.0008		False
Cluster_1852	1	0.0008		False
Cluster_7609	1	0.0008		False
Cluster_3937	1	0.0008		False
Cluster_7881	1	0.0008		False
Cluster_14991	1	0.0008		False
Cluster_11354	1	0.0008		False
Cluster_15305	1	0.0008		False
Cluster_935	1	0.0008		False
Cluster_15634	1	0.0008		False
Cluster_22550	1	0.0008		False
Cluster_2931	1	0.0008		False
Cluster_2308	1	0.0008		False
Cluster_11451	1	0.0008		False
Cluster_12811	1	0.0008		False
Cluster_886	1	0.0008		False
Cluster_12606	1	0.0008		False
Cluster_22771	1	0.0008		False
Cluster_4488	1	0.0008		False
Cluster_21687	1	0.0008		False
Cluster_1836	1	0.0008		False
Cluster_4433	1	0.0008		False
Cluster_6687	1	0.0008		False
Cluster_5772	1	0.0008		False
Cluster_16901	1	0.0008		False
Cluster_5736	1	0.0008		False
Cluster_398	1	0.0008		False
Cluster_7400	1	0.0008		False
Cluster_24554	1	0.0008		False
Cluster_4995	1	0.0008		False
Cluster_14579	1	0.0008		False
Cluster_195	1	0.0008		False
Cluster_15429	1	0.0008		False
Cluster_22750	1	0.0008		False
Cluster_11983	1	0.0008		False
Cluster_18228	1	0.0008		False
Cluster_17402	1	0.0008		False
Cluster_24205	1	0.0008		False
Cluster_7118	1	0.0008		False
Cluster_24819	1	0.0008		False
Cluster_13716	1	0.0008		False
Cluster_17556	1	0.0008		False
Cluster_2362	1	0.0008		False
Cluster_14935	1	0.0008		False
Cluster_17160	1	0.0008		False
Cluster_22442	1	0.0008		False
Cluster_21672	1	0.0008		False
Cluster_24837	1	0.0008		False
Cluster_17500	1	0.0008		False
Cluster_24387	1	0.0008		False
Cluster_15660	1	0.0008		False
Cluster_2059	1	0.0008		False
Cluster_13228	1	0.0008		False
Cluster_15125	1	0.0008		False
Cluster_4163	1	0.0008		False
Cluster_22706	1	0.0008		False
Cluster_6025	1	0.0008		False
Cluster_11441	1	0.0008		False
Cluster_12671	1	0.0008		False
Cluster_987	1	0.0008		False
Cluster_22540	1	0.0008		False
Cluster_4272	1	0.0008		False
Cluster_18716	1	0.0008		False
Cluster_10034	1	0.0008		False
Cluster_2862	1	0.0008		False
Cluster_4236	1	0.0008		False
Cluster_23616	1	0.0008		False
Cluster_4535	1	0.0008		False
Cluster_17823	1	0.0008		False
Cluster_836	1	0.0008		False
Cluster_9230	1	0.0008		False
Cluster_11772	1	0.0008		False
Cluster_25534	1	0.0008		False
Cluster_11344	1	0.0008		False
Cluster_8734	1	0.0008		False
Cluster_7867	1	0.0008		False
Cluster_20380	1	0.0008		False
Cluster_10489	1	0.0008		False
Cluster_9294	1	0.0008		False
Cluster_24372	1	0.0008		False
Cluster_9723	1	0.0008		False
Cluster_12037	1	0.0008		False
Cluster_0	1	0.0008		False
Cluster_8113	1	0.0008		False
Cluster_15287	1	0.0008		False
Cluster_22506	1	0.0008		False
Cluster_25847	1	0.0008		False
Cluster_18516	1	0.0008		False
Cluster_20178	1	0.0008		False
Cluster_22740	1	0.0008		False
Cluster_4252	1	0.0008		False
Cluster_19345	1	0.0008		False
Cluster_2808	1	0.0008		False
Cluster_614	1	0.0008		False
Cluster_22452	1	0.0008		False
Cluster_24679	1	0.0008		False
Cluster_296	1	0.0008		False
Cluster_2079	1	0.0008		False
Cluster_14654	1	0.0008		False
Cluster_23801	1	0.0008		False
Cluster_19905	1	0.0008		False
Cluster_3597	1	0.0008		False
Cluster_4930	1	0.0008		False
Cluster_5617	1	0.0008		False
Cluster_25734	1	0.0008		False
Cluster_16351	1	0.0008		False
Cluster_25462	1	0.0008		False
Cluster_24136	1	0.0008		False
Cluster_1352	1	0.0008		False
Cluster_20298	1	0.0008		False
Cluster_4994	1	0.0008		False
Cluster_6441	1	0.0008		False
Cluster_25100	1	0.0008		False
Cluster_19595	1	0.0008		False
Cluster_3110	1	0.0008		False
Cluster_9519	1	0.0008		False
Cluster_17814	1	0.0008		False
Cluster_8245	1	0.0008		False
Cluster_8181	1	0.0008		False
Cluster_24491	1	0.0008		False
Cluster_22288	1	0.0008		False
Cluster_12848	1	0.0008		False
Cluster_21970	1	0.0008		False
Cluster_8779	1	0.0008		False
Cluster_8546	1	0.0008		False
Cluster_3408	1	0.0008		False
Cluster_505	1	0.0008		False
Cluster_21121	1	0.0008		False
Cluster_6847	1	0.0008		False
Cluster_13933	1	0.0008		False
Cluster_10538	1	0.0008		False
Cluster_25445	1	0.0008		False
Cluster_14161	1	0.0008		False
Cluster_17559	1	0.0008		False
Cluster_24816	1	0.0008		False
Cluster_19731	1	0.0008		False
Cluster_14776	1	0.0008		False
Cluster_6921	1	0.0008		False
Cluster_19522	1	0.0008		False
Cluster_15174	1	0.0008		False
Cluster_25159	1	0.0008		False
Cluster_17221	1	0.0008		False
Cluster_22390	1	0.0008		False
Cluster_19795	1	0.0008		False
Cluster_12499	1	0.0008		False
Cluster_24048	1	0.0008		False
Cluster_16318	1	0.0008		False
Cluster_5545	1	0.0008		False
Cluster_3462	1	0.0008		False
Cluster_2103	1	0.0008		False
Cluster_23050	1	0.0008		False
Cluster_3224	1	0.0008		False
Cluster_7461	1	0.0008		False
Cluster_3793	1	0.0008		False
Cluster_19669	1	0.0008		False
Cluster_22169	1	0.0008		False
Cluster_507	1	0.0008		False
Cluster_4802	1	0.0008		False
Cluster_12016	1	0.0008		False
Cluster_11594	1	0.0008		False
Cluster_8759	1	0.0008		False
Cluster_12033	1	0.0008		False
Cluster_13310	1	0.0008		False
Cluster_6118	1	0.0008		False
Cluster_15283	1	0.0008		False
Cluster_23419	1	0.0008		False
Cluster_18052	1	0.0008		False
Cluster_17126	1	0.0008		False
Cluster_26058	1	0.0008		False
Cluster_9749	1	0.0008		False
Cluster_9576	1	0.0008		False
Cluster_14535	1	0.0008		False
Cluster_10686	1	0.0008		False
Cluster_4570	1	0.0008		False
Cluster_14791	1	0.0008		False
Cluster_9275	1	0.0008		False
Cluster_23096	1	0.0008		False
Cluster_1561	1	0.0008		False
Cluster_199	1	0.0008		False
Cluster_12105	1	0.0008		False
Cluster_8716	1	0.0008		False
Cluster_11164	1	0.0008		False
Cluster_7687	1	0.0008		False
Cluster_24833	1	0.0008		False
Cluster_9556	1	0.0008		False
Cluster_19165	1	0.0008		False
Cluster_24383	1	0.0008		False
Cluster_13916	1	0.0008		False
Cluster_22665	1	0.0008		False
Cluster_9914	1	0.0008		False
Cluster_17350	1	0.0008		False
Cluster_10026	1	0.0008		False
Cluster_8147	1	0.0008		False
Cluster_11245	1	0.0008		False
Cluster_17474	1	0.0008		False
Cluster_20438	1	0.0008		False
Cluster_14266	1	0.0008		False
Cluster_25960	1	0.0008		False
Cluster_1815	1	0.0008		False
Cluster_17827	1	0.0008		False
Cluster_6881	1	0.0008		False
Cluster_8006	1	0.0008		False
Cluster_763	1	0.0008		False
Cluster_14591	1	0.0008		False
Cluster_17371	1	0.0008		False
Cluster_5643	1	0.0008		False
Cluster_21226	1	0.0008		False
Cluster_1892	1	0.0008		False
Cluster_6784	1	0.0008		False
Cluster_4120	1	0.0008		False
Cluster_9255	1	0.0008		False
Cluster_26011	1	0.0008		False
Cluster_9304	1	0.0008		False
Cluster_16644	1	0.0008		False
Cluster_21472	1	0.0008		False
Cluster_17425	1	0.0008		False
Cluster_22642	1	0.0008		False
Cluster_332	1	0.0008		False
Cluster_2706	1	0.0008		False
Cluster_14444	1	0.0008		False
Cluster_3196	1	0.0008		False
Cluster_16579	1	0.0008		False
Cluster_7600	1	0.0008		False
Cluster_21741	1	0.0008		False
Cluster_884	1	0.0008		False
Cluster_14901	1	0.0008		False
Cluster_4633	1	0.0008		False
Cluster_15629	1	0.0008		False
Cluster_18533	1	0.0008		False
Cluster_4688	1	0.0008		False
Cluster_1060	1	0.0008		False
Cluster_14341	1	0.0008		False
Cluster_15762	1	0.0008		False
Cluster_20589	1	0.0008		False
Cluster_17492	1	0.0008		False
Cluster_6131	1	0.0008		False
Cluster_1049	1	0.0008		False
Cluster_24175	1	0.0008		False
Cluster_18733	1	0.0008		False
Cluster_4051	1	0.0008		False
Cluster_7409	1	0.0008		False
Cluster_8942	1	0.0008		False
Cluster_23207	1	0.0008		False
Cluster_17309	1	0.0008		False
Cluster_16067	1	0.0008		False
Cluster_16220	1	0.0008		False
Cluster_22349	1	0.0008		False
Cluster_15881	1	0.0008		False
Cluster_13937	1	0.0008		False
Cluster_12696	1	0.0008		False
Cluster_5338	1	0.0008		False
Cluster_5901	1	0.0008		False
Cluster_11670	1	0.0008		False
Cluster_16779	1	0.0008		False
Cluster_21541	1	0.0008		False
Cluster_13919	1	0.0008		False
Cluster_3753	1	0.0008		False
Cluster_25662	1	0.0008		False
Cluster_19931	1	0.0008		False
Cluster_1783	1	0.0008		False
Cluster_23385	1	0.0008		False
Cluster_12542	1	0.0008		False
Cluster_8799	1	0.0008		False
Cluster_5883	1	0.0008		False
Cluster_5417	1	0.0008		False
Cluster_18937	1	0.0008		False
Cluster_22796	1	0.0008		False
Cluster_19922	1	0.0008		False
Cluster_14269	1	0.0008		False
Cluster_14454	1	0.0008		False
Cluster_25529	1	0.0008		False
Cluster_7921	1	0.0008		False
Cluster_294	1	0.0008		False
Cluster_22652	1	0.0008		False
Cluster_616	1	0.0008		False
Cluster_10832	1	0.0008		False
Cluster_3922	1	0.0008		False
Cluster_21229	1	0.0008		False
Cluster_20208	1	0.0008		False
Cluster_18378	1	0.0008		False
Cluster_25190	1	0.0008		False
Cluster_19828	1	0.0008		False
Cluster_3773	1	0.0008		False
Cluster_10214	1	0.0008		False
Cluster_7847	1	0.0008		False
Cluster_22261	1	0.0008		False
Cluster_17790	1	0.0008		False
Cluster_9804	1	0.0008		False
Cluster_5620	1	0.0008		False
Cluster_21014	1	0.0008		False
Cluster_21570	1	0.0008		False
Cluster_25270	1	0.0008		False
Cluster_14976	1	0.0008		False
Cluster_382	1	0.0008		False
Cluster_11641	1	0.0008		False
Cluster_15102	1	0.0008		False
Cluster_6381	1	0.0008		False
Cluster_1001	1	0.0008		False
Cluster_11130	1	0.0008		False
Cluster_3442	1	0.0008		False
Cluster_21718	1	0.0008		False
Cluster_3557	1	0.0008		False
Cluster_4954	1	0.0008		False
Cluster_8770	1	0.0008		False
Cluster_20586	1	0.0008		False
Cluster_11704	1	0.0008		False
Cluster_19469	1	0.0008		False
Cluster_12765	1	0.0008		False
Cluster_17306	1	0.0008		False
Cluster_714	1	0.0008		False
Cluster_4292	1	0.0008		False
Cluster_11987	1	0.0008		False
Cluster_15755	1	0.0008		False
Cluster_26117	1	0.0008		False
Cluster_2551	1	0.0008		False
Cluster_17012	1	0.0008		False
Cluster_15086	1	0.0008		False
Cluster_4215	1	0.0008		False
Cluster_3119	1	0.0008		False
Cluster_16776	1	0.0008		False
Cluster_6867	1	0.0008		False
Cluster_5811	1	0.0008		False
Cluster_8566	1	0.0008		False
Cluster_20786	1	0.0008		False
Cluster_1814	1	0.0008		False
Cluster_11504	1	0.0008		False
Cluster_5960	1	0.0008		False
Cluster_868	1	0.0008		False
Cluster_4974	1	0.0008		False
Cluster_8750	1	0.0008		False
Cluster_153	1	0.0008		False
Cluster_14063	1	0.0008		False
Cluster_9254	1	0.0008		False
Cluster_25218	1	0.0008		False
Cluster_5714	1	0.0008		False
Cluster_6785	1	0.0008		False
Cluster_4848	1	0.0008		False
Cluster_1711	1	0.0008		False
Cluster_13052	1	0.0008		False
Cluster_19705	1	0.0008		False
Cluster_7025	1	0.0008		False
Cluster_12409	1	0.0008		False
Cluster_17900	1	0.0008		False
Cluster_23437	1	0.0008		False
Cluster_9083	1	0.0008		False
Cluster_2571	1	0.0008		False
Cluster_3248	1	0.0008		False
Cluster_11333	1	0.0008		False
Cluster_25543	1	0.0008		False
Cluster_25957	1	0.0008		False
Cluster_24733	1	0.0008		False
Cluster_12663	1	0.0008		False
Cluster_18175	1	0.0008		False
Cluster_2652	1	0.0008		False
Cluster_14835	1	0.0008		False
Cluster_23454	1	0.0008		False
Cluster_7562	1	0.0008		False
Cluster_13479	1	0.0008		False
Cluster_23370	1	0.0008		False
Cluster_23269	1	0.0008		False
Cluster_4985	1	0.0008		False
Cluster_17367	1	0.0008		False
Cluster_22091	1	0.0008		False
Cluster_17727	1	0.0008		False
Cluster_19493	1	0.0008		False
Cluster_22967	1	0.0008		False
Cluster_16801	1	0.0008		False
Cluster_22899	1	0.0008		False
Cluster_2672	1	0.0008		False
Cluster_9586	1	0.0008		False
Cluster_5022	1	0.0008		False
Cluster_18231	1	0.0008		False
Cluster_2636	1	0.0008		False
Cluster_21585	1	0.0008		False
Cluster_25743	1	0.0008		False
Cluster_22035	1	0.0008		False
Cluster_17527	1	0.0008		False
Cluster_20964	1	0.0008		False
Cluster_17408	1	0.0008		False
Cluster_7677	1	0.0008		False
Cluster_22103	1	0.0008		False
Cluster_4703	1	0.0008		False
Cluster_6851	1	0.0008		False
Cluster_22448	1	0.0008		False
Cluster_14891	1	0.0008		False
Cluster_7891	1	0.0008		False
Cluster_7730	1	0.0008		False
Cluster_9285	1	0.0008		False
Cluster_25826	1	0.0008		False
Cluster_14099	1	0.0008		False
Cluster_3892	1	0.0008		False
Cluster_9141	1	0.0008		False
Cluster_6754	1	0.0008		False
Cluster_82	1	0.0008		False
Cluster_15862	1	0.0008		False
Cluster_14293	1	0.0008		False
Cluster_13944	1	0.0008		False
Cluster_2492	1	0.0008		False
Cluster_13304	1	0.0008		False
Cluster_2415	1	0.0008		False
Cluster_20621	1	0.0008		False
Cluster_15781	1	0.0008		False
Cluster_16879	1	0.0008		False
Cluster_5373	1	0.0008		False
Cluster_6739	1	0.0008		False
Cluster_18833	1	0.0008		False
Cluster_3060	1	0.0008		False
Cluster_6457	1	0.0008		False
Cluster_11412	1	0.0008		False
Cluster_18383	1	0.0008		False
Cluster_12852	1	0.0008		False
Cluster_14173	1	0.0008		False
Cluster_14115	1	0.0008		False
Cluster_18124	1	0.0008		False
Cluster_20081	1	0.0008		False
Cluster_6201	1	0.0008		False
Cluster_21610	1	0.0008		False
Cluster_20339	1	0.0008		False
Cluster_4507	1	0.0008		False
Cluster_19216	1	0.0008		False
Cluster_15968	1	0.0008		False
Cluster_13691	1	0.0008		False
Cluster_21049	1	0.0008		False
Cluster_15581	1	0.0008		False
Cluster_3904	1	0.0008		False
Cluster_701	1	0.0008		False
Cluster_24052	1	0.0008		False
Cluster_5353	1	0.0008		False
Cluster_16637	1	0.0008		False
Cluster_23535	1	0.0008		False
Cluster_18691	1	0.0008		False
Cluster_3738	1	0.0008		False
Cluster_16284	1	0.0008		False
Cluster_1753	1	0.0008		False
Cluster_10521	1	0.0008		False
Cluster_22282	1	0.0008		False
Cluster_19697	1	0.0008		False
Cluster_19728	1	0.0008		False
Cluster_14419	1	0.0008		False
Cluster_9109	1	0.0008		False
Cluster_22197	1	0.0008		False
Cluster_16040	1	0.0008		False
Cluster_7269	1	0.0008		False
Cluster_1922	1	0.0008		False
Cluster_13124	1	0.0008		False
Cluster_25021	1	0.0008		False
Cluster_10532	1	0.0008		False
Cluster_12467	1	0.0008		False
Cluster_20194	1	0.0008		False
Cluster_9322	1	0.0008		False
Cluster_10721	1	0.0008		False
Cluster_19407	1	0.0008		False
Cluster_5873	1	0.0008		False
Cluster_24916	1	0.0008		False
Cluster_19013	1	0.0008		False
Cluster_22411	1	0.0008		False
Cluster_24042	1	0.0008		False
Cluster_23735	1	0.0008		False
Cluster_18401	1	0.0008		False
Cluster_849	1	0.0008		False
Cluster_1773	1	0.0008		False
Cluster_3905	1	0.0008		False
Cluster_13833	1	0.0008		False
Cluster_12308	1	0.0008		False
Cluster_13476	1	0.0008		False
Cluster_16312	1	0.0008		False
Cluster_572	1	0.0008		False
Cluster_22896	1	0.0008		False
Cluster_17238	1	0.0008		False
Cluster_21870	1	0.0008		False
Cluster_8191	1	0.0008		False
Cluster_17914	1	0.0008		False
Cluster_18304	1	0.0008		False
Cluster_7240	1	0.0008		False
Cluster_20274	1	0.0008		False
Cluster_10053	1	0.0008		False
Cluster_3315	1	0.0008		False
Cluster_6775	1	0.0008		False
Cluster_7002	1	0.0008		False
Cluster_15643	1	0.0008		False
Cluster_23444	1	0.0008		False
Cluster_3587	1	0.0008		False
Cluster_13113	1	0.0008		False
Cluster_3392	1	0.0008		False
Cluster_8404	1	0.0008		False
Cluster_2146	1	0.0008		False
Cluster_22563	1	0.0008		False
Cluster_7391	1	0.0008		False
Cluster_20886	1	0.0008		False
Cluster_4984	1	0.0008		False
Cluster_5528	1	0.0008		False
Cluster_23341	1	0.0008		False
Cluster_11778	1	0.0008		False
Cluster_5203	1	0.0008		False
Cluster_9073	1	0.0008		False
Cluster_19684	1	0.0008		False
Cluster_5158	1	0.0008		False
Cluster_19219	1	0.0008		False
Cluster_13231	1	0.0008		False
Cluster_2007	1	0.0008		False
Cluster_2581	1	0.0008		False
Cluster_1119	1	0.0008		False
Cluster_21046	1	0.0008		False
Cluster_6249	1	0.0008		False
Cluster_16297	1	0.0008		False
Cluster_21912	1	0.0008		False
Cluster_14633	1	0.0008		False
Cluster_3814	1	0.0008		False
Cluster_353	1	0.0008		False
Cluster_8780	1	0.0008		False
Cluster_11804	1	0.0008		False
Cluster_17923	1	0.0008		False
Cluster_12865	1	0.0008		False
Cluster_3711	1	0.0008		False
Cluster_8228	1	0.0008		False
Cluster_6371	1	0.0008		False
Cluster_8503	1	0.0008		False
Cluster_11685	1	0.0008		False
Cluster_17153	1	0.0008		False
Cluster_20930	1	0.0008		False
Cluster_21818	1	0.0008		False
Cluster_11092	1	0.0008		False
Cluster_6260	1	0.0008		False
Cluster_25468	1	0.0008		False
Cluster_16876	1	0.0008		False
Cluster_15855	1	0.0008		False
Cluster_2717	1	0.0008		False
Cluster_15278	1	0.0008		False
Cluster_13175	1	0.0008		False
Cluster_25753	1	0.0008		False
Cluster_9053	1	0.0008		False
Cluster_5178	1	0.0008		False
Cluster_17524	1	0.0008		False
Cluster_8152	1	0.0008		False
Cluster_14545	1	0.0008		False
Cluster_25833	1	0.0008		False
Cluster_9456	1	0.0008		False
Cluster_25383	1	0.0008		False
Cluster_15591	1	0.0008		False
Cluster_24655	1	0.0008		False
Cluster_11920	1	0.0008		False
Cluster_10663	1	0.0008		False
Cluster_1313	1	0.0008		False
Cluster_15266	1	0.0008		False
Cluster_19918	1	0.0008		False
Cluster_3048	1	0.0008		False
Cluster_9085	1	0.0008		False
Cluster_9476	1	0.0008		False
Cluster_9913	1	0.0008		False
Cluster_16962	1	0.0008		False
Cluster_20448	1	0.0008		False
Cluster_21345	1	0.0008		False
Cluster_8172	1	0.0008		False
Cluster_19812	1	0.0008		False
Cluster_17724	1	0.0008		False
Cluster_8136	1	0.0008		False
Cluster_13032	1	0.0008		False
Cluster_14745	1	0.0008		False
Cluster_7023	1	0.0008		False
Cluster_22964	1	0.0008		False
Cluster_15979	1	0.0008		False
Cluster_6738	1	0.0008		False
Cluster_4659	1	0.0008		False
Cluster_10911	1	0.0008		False
Cluster_11766	1	0.0008		False
Cluster_1641	1	0.0008		False
Cluster_6783	1	0.0008		False
Cluster_18393	1	0.0008		False
Cluster_25124	1	0.0008		False
Cluster_4470	1	0.0008		False
Cluster_6500	1	0.0008		False
Cluster_15791	1	0.0008		False
Cluster_1461	1	0.0008		False
Cluster_24366	1	0.0008		False
Cluster_22632	1	0.0008		False
Cluster_14762	1	0.0008		False
Cluster_19132	1	0.0008		False
Cluster_16305	1	0.0008		False
Cluster_25295	1	0.0008		False
Cluster_23198	1	0.0008		False
Cluster_17775	1	0.0008		False
Cluster_16634	1	0.0008		False
Cluster_9303	1	0.0008		False
Cluster_402	1	0.0008		False
Cluster_16945	1	0.0008		False
Cluster_2377	1	0.0008		False
Cluster_24241	1	0.0008		False
Cluster_18957	1	0.0008		False
Cluster_14331	1	0.0008		False
Cluster_19121	1	0.0008		False
Cluster_22621	1	0.0008		False
Cluster_5885	1	0.0008		False
Cluster_1785	1	0.0008		False
Cluster_23278	1	0.0008		False
Cluster_25175	1	0.0008		False
Cluster_7336	1	0.0008		False
Cluster_4690	1	0.0008		False
Cluster_21731	1	0.0008		False
Cluster_3371	1	0.0008		False
Cluster_5767	1	0.0008		False
Cluster_80	1	0.0008		False
Cluster_6711	1	0.0008		False
Cluster_23855	1	0.0008		False
Cluster_21522	1	0.0008		False
Cluster_14395	1	0.0008		False
Cluster_25113	1	0.0008		False
Cluster_17575	1	0.0008		False
Cluster_23643	1	0.0008		False
Cluster_721	1	0.0008		False
Cluster_21795	1	0.0008		False
Cluster_19376	1	0.0008		False
Cluster_14562	1	0.0008		False
Cluster_18826	1	0.0008		False
Cluster_22081	1	0.0008		False
Cluster_6001	1	0.0008		False
Cluster_7352	1	0.0008		False
Cluster_6587	1	0.0008		False
Cluster_1381	1	0.0008		False
Cluster_12430	1	0.0008		False
Cluster_8886	1	0.0008		False
Cluster_13553	1	0.0008		False
Cluster_3775	1	0.0008		False
Cluster_1903	1	0.0008		False
Cluster_17939	1	0.0008		False
Cluster_8977	1	0.0008		False
Cluster_6315	1	0.0008		False
Cluster_21531	1	0.0008		False
Cluster_3351	1	0.0008		False
Cluster_15341	1	0.0008		False
Cluster_3966	1	0.0008		False
Cluster_16429	1	0.0008		False
Cluster_18743	1	0.0008		False
Cluster_21669	1	0.0008		False
Cluster_4499	1	0.0008		False
Cluster_18285	1	0.0008		False
Cluster_15901	1	0.0008		False
Cluster_5884	1	0.0008		False
Cluster_19301	1	0.0008		False
Cluster_11695	1	0.0008		False
Cluster_3851	1	0.0008		False
Cluster_10467	1	0.0008		False
Cluster_8229	1	0.0008		False
Cluster_7852	1	0.0008		False
Cluster_11082	1	0.0008		False
Cluster_18553	1	0.0008		False
Cluster_1881	1	0.0008		False
Cluster_24251	1	0.0008		False
Cluster_19941	1	0.0008		False
Cluster_6892	1	0.0008		False
Cluster_13285	1	0.0008		False
Cluster_5781	1	0.0008		False
Cluster_3754	1	0.0008		False
Cluster_24190	1	0.0008		False
Cluster_797	1	0.0008		False
Cluster_20277	1	0.0008		False
Cluster_18307	1	0.0008		False
Cluster_7069	1	0.0008		False
Cluster_17917	1	0.0008		False
Cluster_13743	1	0.0008		False
Cluster_2857	1	0.0008		False
Cluster_16660	1	0.0008		False
Cluster_16125	1	0.0008		False
Cluster_20197	1	0.0008		False
Cluster_5179	1	0.0008		False
Cluster_24270	1	0.0008		False
Cluster_20282	1	0.0008		False
Cluster_24369	1	0.0008		False
Cluster_9967	1	0.0008		False
Cluster_6314	1	0.0008		False
Cluster_15351	1	0.0008		False
Cluster_12259	1	0.0008		False
Cluster_11622	1	0.0008		False
Cluster_1400	1	0.0008		False
Cluster_20896	1	0.0008		False
Cluster_5517	1	0.0008		False
Cluster_13543	1	0.0008		False
Cluster_13957	1	0.0008		False
Cluster_20314	1	0.0008		False
Cluster_3697	1	0.0008		False
Cluster_795	1	0.0008		False
Cluster_12732	1	0.0008		False
Cluster_24662	1	0.0008		False
Cluster_699	1	0.0008		False
Cluster_26100	1	0.0008		False
Cluster_18753	1	0.0008		False
Cluster_13127	1	0.0008		False
Cluster_16272	1	0.0008		False
Cluster_7872	1	0.0008		False
Cluster_10308	1	0.0008		False
Cluster_24529	1	0.0008		False
Cluster_11631	1	0.0008		False
Cluster_16287	1	0.0008		False
Cluster_6248	1	0.0008		False
Cluster_11569	1	0.0008		False
Cluster_4267	1	0.0008		False
Cluster_2877	1	0.0008		False
Cluster_4144	1	0.0008		False
Cluster_12361	1	0.0008		False
Cluster_19694	1	0.0008		False
Cluster_15063	1	0.0008		False
Cluster_19260	1	0.0008		False
Cluster_24218	1	0.0008		False
Cluster_13393	1	0.0008		False
Cluster_8646	1	0.0008		False
Cluster_24645	1	0.0008		False
Cluster_3477	1	0.0008		False
Cluster_24934	1	0.0008		False
Cluster_4953	1	0.0008		False
Cluster_217	1	0.0008		False
Cluster_18829	1	0.0008		False
Cluster_14204	1	0.0008		False
Cluster_18021	1	0.0008		False
Cluster_143	1	0.0008		False
Cluster_5190	1	0.0008		False
Cluster_14555	1	0.0008		False
Cluster_9619	1	0.0008		False
Cluster_22886	1	0.0008		False
Cluster_23968	1	0.0008		False
Cluster_14626	1	0.0008		False
Cluster_11807	1	0.0008		False
Cluster_2471	1	0.0008		False
Cluster_5134	1	0.0008		False
Cluster_4722	1	0.0008		False
Cluster_16426	1	0.0008		False
Cluster_23581	1	0.0008		False
Cluster_21666	1	0.0008		False
Cluster_7202	1	0.0008		False
Cluster_22292	1	0.0008		False
Cluster_11106	1	0.0008		False
Cluster_23862	1	0.0008		False
Cluster_15318	1	0.0008		False
Cluster_5645	1	0.0008		False
Cluster_25635	1	0.0008		False
Cluster_19687	1	0.0008		False
Cluster_7541	1	0.0008		False
Cluster_252	1	0.0008		False
Cluster_1487	1	0.0008		False
Cluster_4973	1	0.0008		False
Cluster_6060	1	0.0008		False
Cluster_4416	1	0.0008		False
Cluster_5465	1	0.0008		False
Cluster_23447	1	0.0008		False
Cluster_21355	1	0.0008		False
Cluster_17330	1	0.0008		False
Cluster_9084	1	0.0008		False
Cluster_7268	1	0.0008		False
Cluster_14755	1	0.0008		False
Cluster_10865	1	0.0008		False
Cluster_20763	1	0.0008		False
Cluster_19672	1	0.0008		False
Cluster_22172	1	0.0008		False
Cluster_20323	1	0.0008		False
Cluster_8182	1	0.0008		False
Cluster_24743	1	0.0008		False
Cluster_20599	1	0.0008		False
Cluster_11903	1	0.0008		False
Cluster_954	1	0.0008		False
Cluster_10105	1	0.0008		False
Cluster_14845	1	0.0008		False
Cluster_9075	1	0.0008		False
Cluster_13251	1	0.0008		False
Cluster_11343	1	0.0008		False
Cluster_25533	1	0.0008		False
Cluster_682	1	0.0008		False
Cluster_5205	1	0.0008		False
Cluster_4014	1	0.0008		False
Cluster_5339	1	0.0008		False
Cluster_15891	1	0.0008		False
Cluster_12686	1	0.0008		False
Cluster_13729	1	0.0008		False
Cluster_15099	1	0.0008		False
Cluster_20356	1	0.0008		False
Cluster_8900	1	0.0008		False
Cluster_23460	1	0.0008		False
Cluster_7408	1	0.0008		False
Cluster_1048	1	0.0008		False
Cluster_16981	1	0.0008		False
Cluster_10033	1	0.0008		False
Cluster_11866	1	0.0008		False
Cluster_15385	1	0.0008		False
Cluster_20971	1	0.0008		False
Cluster_24127	1	0.0008		False
Cluster_25919	1	0.0008		False
Cluster_15835	1	0.0008		False
Cluster_316	1	0.0008		False
Cluster_17005	1	0.0008		False
Cluster_6922	1	0.0008		False
Cluster_19512	1	0.0008		False
Cluster_8206	1	0.0008		False
Cluster_2467	1	0.0008		False
Cluster_1626	1	0.0008		False
Cluster_2300	1	0.0008		False
Cluster_3641	1	0.0008		False
Cluster_6753	1	0.0008		False
Cluster_12026	1	0.0008		False
Cluster_3461	1	0.0008		False
Cluster_7793	1	0.0008		False
Cluster_7224	1	0.0008		False
Cluster_20665	1	0.0008		False
Cluster_7462	1	0.0008		False
Cluster_4598	1	0.0008		False
Cluster_13529	1	0.0008		False
Cluster_21895	1	0.0008		False
Cluster_233	1	0.0008		False
Cluster_1260	1	0.0008		False
Cluster_16064	1	0.0008		False
Cluster_4271	1	0.0008		False
Cluster_2861	1	0.0008		False
Cluster_22062	1	0.0008		False
Cluster_13645	1	0.0008		False
Cluster_10406	1	0.0008		False
Cluster_18843	1	0.0008		False
Cluster_14581	1	0.0008		False
Cluster_3867	1	0.0008		False
Cluster_25052	1	0.0008		False
Cluster_6577	1	0.0008		False
Cluster_17813	1	0.0008		False
Cluster_1371	1	0.0008		False
Cluster_23555	1	0.0008		False
Cluster_6608	1	0.0008		False
Cluster_5374	1	0.0008		False
Cluster_22789	1	0.0008		False
Cluster_10239	1	0.0008		False
Cluster_17875	1	0.0008		False
Cluster_18960	1	0.0008		False
Cluster_2515	1	0.0008		False
Cluster_9748	1	0.0008		False
Cluster_21822	1	0.0008		False
Cluster_10440	1	0.0008		False
Cluster_2387	1	0.0008		False
Cluster_6119	1	0.0008		False
Cluster_19090	1	0.0008		False
Cluster_11593	1	0.0008		False
Cluster_20909	1	0.0008		False
Cluster_1249	1	0.0008		False
Cluster_1775	1	0.0008		False
Cluster_8856	1	0.0008		False
Cluster_1351	1	0.0008		False
Cluster_7382	1	0.0008		False
Cluster_21039	1	0.0008		False
Cluster_6442	1	0.0008		False
Cluster_3381	1	0.0008		False
Cluster_22589	1	0.0008		False
Cluster_16647	1	0.0008		False
Cluster_15173	1	0.0008		False
Cluster_5354	1	0.0008		False
Cluster_6662	1	0.0008		False
Cluster_893	1	0.0008		False
Cluster_2216	1	0.0008		False
Cluster_14447	1	0.0008		False
Cluster_7597	1	0.0008		False
Cluster_1966	1	0.0008		False
Cluster_5875	1	0.0008		False
Cluster_3881	1	0.0008		False
Cluster_25042	1	0.0008		False
Cluster_5854	1	0.0008		False
Cluster_1851	1	0.0008		False
Cluster_12382	1	0.0008		False
Cluster_7882	1	0.0008		False
Cluster_8961	1	0.0008		False
Cluster_9211	1	0.0008		False
Cluster_5375	1	0.0008		False
Cluster_21017	1	0.0008		False
Cluster_5751	1	0.0008		False
Cluster_1754	1	0.0008		False
Cluster_20796	1	0.0008		False
Cluster_17673	1	0.0008		False
Cluster_21148	1	0.0008		False
Cluster_12029	1	0.0008		False
Cluster_9039	1	0.0008		False
Cluster_2887	1	0.0008		False
Cluster_2932	1	0.0008		False
Cluster_2413	1	0.0008		False
Cluster_13960	1	0.0008		False
Cluster_12821	1	0.0008		False
Cluster_2976	1	0.0008		False
Cluster_10217	1	0.0008		False
Cluster_2765	1	0.0008		False
Cluster_16030	1	0.0008		False
Cluster_13655	1	0.0008		False
Cluster_3367	1	0.0008		False
Cluster_5771	1	0.0008		False
Cluster_10471	1	0.0008		False
Cluster_23745	1	0.0008		False
Cluster_5355	1	0.0008		False
Cluster_16657	1	0.0008		False
Cluster_25310	1	0.0008		False
Cluster_1774	1	0.0008		False
Cluster_13843	1	0.0008		False
Cluster_20596	1	0.0008		False
Cluster_5874	1	0.0008		False
Cluster_8376	1	0.0008		False
Cluster_21693	1	0.0008		False
Cluster_20261	1	0.0008		False
Cluster_4911	1	0.0008		False
Cluster_12938	1	0.0008		False
Cluster_13726	1	0.0008		False
Cluster_10450	1	0.0008		False
Cluster_2361	1	0.0008		False
Cluster_17615	1	0.0008		False
Cluster_283	1	0.0008		False
Cluster_12214	1	0.0008		False
Cluster_11869	1	0.0008		False
Cluster_26123	1	0.0008		False
Cluster_11061	1	0.0008		False
Cluster_5189	1	0.0008		False
Cluster_10742	1	0.0008		False
Cluster_4301	1	0.0008		False
Cluster_10699	1	0.0008		False
Cluster_23434	1	0.0008		False
Cluster_15633	1	0.0008		False
Cluster_20906	1	0.0008		False
Cluster_343	1	0.0008		False
Cluster_14198	1	0.0008		False
Cluster_2137	1	0.0008		False
Cluster_18529	1	0.0008		False
Cluster_23762	1	0.0008		False
Cluster_10325	1	0.0008		False
Cluster_11428	1	0.0008		False
Cluster_15207	1	0.0008		False
Cluster_10765	1	0.0008		False
Cluster_14278	1	0.0008		False
Cluster_24753	1	0.0008		False
Cluster_8621	1	0.0008		False
Cluster_23089	1	0.0008		False
Cluster_24468	1	0.0008		False
Cluster_2800	1	0.0008		False
Cluster_7	1	0.0008		False
Cluster_13241	1	0.0008		False
Cluster_1201	1	0.0008		False
Cluster_9074	1	0.0008		False
Cluster_7132	1	0.0008		False
Cluster_9283	1	0.0008		False
Cluster_18729	1	0.0008		False
Cluster_8504	1	0.0008		False
Cluster_8065	1	0.0008		False
Cluster_8798	1	0.0008		False
Cluster_5839	1	0.0008		False
Cluster_20940	1	0.0008		False
Cluster_1542	1	0.0008		False
Cluster_1457	1	0.0008		False
Cluster_4705	1	0.0008		False
Cluster_14643	1	0.0008		False
Cluster_16108	1	0.0008		False
Cluster_3487	1	0.0008		False
Cluster_12223	1	0.0008		False
Cluster_18270	1	0.0008		False
Cluster_23395	1	0.0008		False
Cluster_7225	1	0.0008		False
Cluster_25065	1	0.0008		False
Cluster_19257	1	0.0008		False
Cluster_22055	1	0.0008		False
Cluster_18190	1	0.0008		False
Cluster_9054	1	0.0008		False
Cluster_7156	1	0.0008		False
Cluster_5428	1	0.0008		False
Cluster_10565	1	0.0008		False
Cluster_23629	1	0.0008		False
Cluster_24553	1	0.0008		False
Cluster_2481	1	0.0008		False
Cluster_4681	1	0.0008		False
Cluster_1835	1	0.0008		False
Cluster_4809	1	0.0008		False
Cluster_15224	1	0.0008		False
Cluster_4078	1	0.0008		False
Cluster_21003	1	0.0008		False
Cluster_25442	1	0.0008		False
Cluster_17171	1	0.0008		False
Cluster_25750	1	0.0008		False
Cluster_24564	1	0.0008		False
Cluster_22857	1	0.0008		False
Cluster_21417	1	0.0008		False
Cluster_3469	1	0.0008		False
Cluster_25999	1	0.0008		False
Cluster_9990	1	0.0008		False
Cluster_10203	1	0.0008		False
Cluster_14630	1	0.0008		False
Cluster_17291	1	0.0008		False
Cluster_25771	1	0.0008		False
Cluster_23538	1	0.0008		False
Cluster_20933	1	0.0008		False
Cluster_17150	1	0.0008		False
Cluster_8923	1	0.0008		False
Cluster_21135	1	0.0008		False
Cluster_17566	1	0.0008		False
Cluster_20719	1	0.0008		False
Cluster_1334	1	0.0008		False
Cluster_12945	1	0.0008		False
Cluster_586	1	0.0008		False
Cluster_17235	1	0.0008		False
Cluster_24324	1	0.0008		False
Cluster_25166	1	0.0008		False
Cluster_10071	1	0.0008		False
Cluster_24432	1	0.0008		False
Cluster_15811	1	0.0008		False
Cluster_12305	1	0.0008		False
Cluster_8772	1	0.0008		False
Cluster_18638	1	0.0008		False
Cluster_4058	1	0.0008		False
Cluster_13110	1	0.0008		False
Cluster_6138	1	0.0008		False
Cluster_24421	1	0.0008		False
Cluster_23738	1	0.0008		False
Cluster_15496	1	0.0008		False
Cluster_17766	1	0.0008		False
Cluster_20519	1	0.0008		False
Cluster_11461	1	0.0008		False
Cluster_19656	1	0.0008		False
Cluster_22560	1	0.0008		False
Cluster_19525	1	0.0008		False
Cluster_19808	1	0.0008		False
Cluster_7077	1	0.0008		False
Cluster_19649	1	0.0008		False
Cluster_11775	1	0.0008		False
Cluster_23034	1	0.0008		False
Cluster_21873	1	0.0008		False
Cluster_12962	1	0.0008		False
Cluster_8663	1	0.0008		False
Cluster_21436	1	0.0008		False
Cluster_2036	1	0.0008		False
Cluster_11028	1	0.0008		False
Cluster_9979	1	0.0008		False
Cluster_4259	1	0.0008		False
Cluster_1185	1	0.0008		False
Cluster_1241	1	0.0008		False
Cluster_11513	1	0.0008		False
Cluster_23489	1	0.0008		False
Cluster_19010	1	0.0008		False
Cluster_13380	1	0.0008		False
Cluster_6097	1	0.0008		False
Cluster_15858	1	0.0008		False
Cluster_15275	1	0.0008		False
Cluster_16256	1	0.0008		False
Cluster_10009	1	0.0008		False
Cluster_25465	1	0.0008		False
Cluster_14141	1	0.0008		False
Cluster_1502	1	0.0008		False
Cluster_7057	1	0.0008		False
Cluster_4745	1	0.0008		False
Cluster_79	1	0.0008		False
Cluster_11713	1	0.0008		False
Cluster_19902	1	0.0008		False
Cluster_11688	1	0.0008		False
Cluster_3175	1	0.0008		False
Cluster_19774	1	0.0008		False
Cluster_22455	1	0.0008		False
Cluster_21209	1	0.0008		False
Cluster_13986	1	0.0008		False
Cluster_13298	1	0.0008		False
Cluster_25509	1	0.0008		False
Cluster_9959	1	0.0008		False
Cluster_12868	1	0.0008		False
Cluster_12294	1	0.0008		False
Cluster_25169	1	0.0008		False
Cluster_13864	1	0.0008		False
Cluster_2558	1	0.0008		False
Cluster_5181	1	0.0008		False
Cluster_5245	1	0.0008		False
Cluster_11917	1	0.0008		False
Cluster_2128	1	0.0008		False
Cluster_15302	1	0.0008		False
Cluster_18298	1	0.0008		False
Cluster_9653	1	0.0008		False
Cluster_25390	1	0.0008		False
Cluster_18178	1	0.0008		False
Cluster_23060	1	0.0008		False
Cluster_23227	1	0.0008		False
Cluster_5546	1	0.0008		False
Cluster_6333	1	0.0008		False
Cluster_21613	1	0.0008		False
Cluster_6388	1	0.0008		False
Cluster_22159	1	0.0008		False
Cluster_1008	1	0.0008		False
Cluster_12174	1	0.0008		False
Cluster_17622	1	0.0008		False
Cluster_22445	1	0.0008		False
Cluster_2578	1	0.0008		False
Cluster_9227	1	0.0008		False
Cluster_21675	1	0.0008		False
Cluster_9673	1	0.0008		False
Cluster_18380	1	0.0008		False
Cluster_17405	1	0.0008		False
Cluster_18830	1	0.0008		False
Cluster_8246	1	0.0008		False
Cluster_12426	1	0.0008		False
Cluster_10177	1	0.0008		False
Cluster_14921	1	0.0008		False
Cluster_8545	1	0.0008		False
Cluster_23185	1	0.0008		False
Cluster_25288	1	0.0008		False
Cluster_25996	1	0.0008		False
Cluster_17631	1	0.0008		False
Cluster_1062	1	0.0008		False
Cluster_4744	1	0.0008		False
Cluster_20716	1	0.0008		False
Cluster_17569	1	0.0008		False
Cluster_5818	1	0.0008		False
Cluster_9219	1	0.0008		False
Cluster_8969	1	0.0008		False
Cluster_15609	1	0.0008		False
Cluster_807	1	0.0008		False
Cluster_5437	1	0.0008		False
Cluster_22100	1	0.0008		False
Cluster_9762	1	0.0008		False
Cluster_21624	1	0.0008		False
Cluster_10312	1	0.0008		False
Cluster_8420	1	0.0008		False
Cluster_3297	1	0.0008		False
Cluster_20537	1	0.0008		False
Cluster_6468	1	0.0008		False
Cluster_25452	1	0.0008		False
Cluster_11936	1	0.0008		False
Cluster_5831	1	0.0008		False
Cluster_5790	1	0.0008		False
Cluster_1834	1	0.0008		False
Cluster_536	1	0.0008		False
Cluster_22847	1	0.0008		False
Cluster_12287	1	0.0008		False
Cluster_25506	1	0.0008		False
Cluster_6648	1	0.0008		False
Cluster_23315	1	0.0008		False
Cluster_13638	1	0.0008		False
Cluster_21206	1	0.0008		False
Cluster_1890	1	0.0008		False
Cluster_5113	1	0.0008		False
Cluster_22534	1	0.0008		False
Cluster_17106	1	0.0008		False
Cluster_15650	1	0.0008		False
Cluster_21084	1	0.0008		False
Cluster_20737	1	0.0008		False
Cluster_15965	1	0.0008		False
Cluster_9530	1	0.0008		False
Cluster_19646	1	0.0008		False
Cluster_275	1	0.0008		False
Cluster_11880	1	0.0008		False
Cluster_21240	1	0.0008		False
Cluster_25706	1	0.0008		False
Cluster_4536	1	0.0008		False
Cluster_7786	1	0.0008		False
Cluster_4572	1	0.0008		False
Cluster_10284	1	0.0008		False
Cluster_25540	1	0.0008		False
Cluster_20844	1	0.0008		False
Cluster_24104	1	0.0008		False
Cluster_10619	1	0.0008		False
Cluster_21439	1	0.0008		False
Cluster_6402	1	0.0008		False
Cluster_14047	1	0.0008		False
Cluster_23486	1	0.0008		False
Cluster_24730	1	0.0008		False
Cluster_12660	1	0.0008		False
Cluster_18313	1	0.0008		False
Cluster_10991	1	0.0008		False
Cluster_11482	1	0.0008		False
Cluster_4651	1	0.0008		False
Cluster_3835	1	0.0008		False
Cluster_22303	1	0.0008		False
Cluster_10220	1	0.0008		False
Cluster_24864	1	0.0008		False
Cluster_22557	1	0.0008		False
Cluster_25567	1	0.0008		False
Cluster_6424	1	0.0008		False
Cluster_6262	1	0.0008		False
Cluster_17866	1	0.0008		False
Cluster_6173	1	0.0008		False
Cluster_23388	1	0.0008		False
Cluster_19892	1	0.0008		False
Cluster_10579	1	0.0008		False
Cluster_25850	1	0.0008		False
Cluster_11211	1	0.0008		False
Cluster_20554	1	0.0008		False
Cluster_7000	1	0.0008		False
Cluster_18068	1	0.0008		False
Cluster_13202	1	0.0008		False
Cluster_4897	1	0.0008		False
Cluster_4033	1	0.0008		False
Cluster_11005	1	0.0008		False
Cluster_17167	1	0.0008		False
Cluster_376	1	0.0008		False
Cluster_4088	1	0.0008		False
Cluster_1660	1	0.0008		False
Cluster_20011	1	0.0008		False
Cluster_6208	1	0.0008		False
Cluster_6523	1	0.0008		False
Cluster_6153	1	0.0008		False
Cluster_23151	1	0.0008		False
Cluster_20819	1	0.0008		False
Cluster_10644	1	0.0008		False
Cluster_25327	1	0.0008		False
Cluster_20205	1	0.0008		False
Cluster_23290	1	0.0008		False
Cluster_18375	1	0.0008		False
Cluster_23921	1	0.0008		False
Cluster_9843	1	0.0008		False
Cluster_3359	1	0.0008		False
Cluster_19508	1	0.0008		False
Cluster_1226	1	0.0008		False
Cluster_6878	1	0.0008		False
Cluster_15463	1	0.0008		False
Cluster_19427	1	0.0008		False
Cluster_17793	1	0.0008		False
Cluster_6009	1	0.0008		False
Cluster_20676	1	0.0008		False
Cluster_703	1	0.0008		False
Cluster_26045	1	0.0008		False
Cluster_25273	1	0.0008		False
Cluster_6944	1	0.0008		False
Cluster_3568	1	0.0008		False
Cluster_7624	1	0.0008		False
Cluster_12328	1	0.0008		False
Cluster_24638	1	0.0008		False
Cluster_12768	1	0.0008		False
Cluster_16026	1	0.0008		False
Cluster_11813	1	0.0008		False
Cluster_13530	1	0.0008		False
Cluster_18764	1	0.0008		False
Cluster_3241	1	0.0008		False
Cluster_4326	1	0.0008		False
Cluster_21715	1	0.0008		False
Cluster_11875	1	0.0008		False
Cluster_5605	1	0.0008		False
Cluster_21773	1	0.0008		False
Cluster_6719	1	0.0008		False
Cluster_3502	1	0.0008		False
Cluster_6858	1	0.0008		False
Cluster_17593	1	0.0008		False
Cluster_10501	1	0.0008		False
Cluster_23118	1	0.0008		False
Cluster_25215	1	0.0008		False
Cluster_18564	1	0.0008		False
Cluster_13730	1	0.0008		False
Cluster_23047	1	0.0008		False
Cluster_25648	1	0.0008		False
Cluster_20058	1	0.0008		False
Cluster_25001	1	0.0008		False
Cluster_1920	1	0.0008		False
Cluster_12568	1	0.0008		False
Cluster_10576	1	0.0008		False
Cluster_18730	1	0.0008		False
Cluster_9638	1	0.0008		False
Cluster_5151	1	0.0008		False
Cluster_1524	1	0.0008		False
Cluster_9683	1	0.0008		False
Cluster_11673	1	0.0008		False
Cluster_5521	1	0.0008		False
Cluster_7398	1	0.0008		False
Cluster_20816	1	0.0008		False
Cluster_808	1	0.0008		False
Cluster_3008	1	0.0008		False
Cluster_21977	1	0.0008		False
Cluster_545	1	0.0008		False
Cluster_23630	1	0.0008		False
Cluster_13183	1	0.0008		False
Cluster_15748	1	0.0008		False
Cluster_6945	1	0.0008		False
Cluster_6358	1	0.0008		False
Cluster_25658	1	0.0008		False
Cluster_20117	1	0.0008		False
Cluster_2490	1	0.0008		False
Cluster_1174	1	0.0008		False
Cluster_13432	1	0.0008		False
Cluster_18530	1	0.0008		False
Cluster_20601	1	0.0008		False
Cluster_10776	1	0.0008		False
Cluster_1889	1	0.0008		False
Cluster_547	1	0.0008		False
Cluster_21888	1	0.0008		False
Cluster_11248	1	0.0008		False
Cluster_5604	1	0.0008		False
Cluster_8221	1	0.0008		False
Cluster_6378	1	0.0008		False
Cluster_3718	1	0.0008		False
Cluster_11615	1	0.0008		False
Cluster_15548	1	0.0008		False
Cluster_22397	1	0.0008		False
Cluster_8893	1	0.0008		False
Cluster_17061	1	0.0008		False
Cluster_13421	1	0.0008		False
Cluster_14738	1	0.0008		False
Cluster_5020	1	0.0008		False
Cluster_2737	1	0.0008		False
Cluster_20387	1	0.0008		False
Cluster_1297	1	0.0008		False
Cluster_20837	1	0.0008		False
Cluster_12657	1	0.0008		False
Cluster_22123	1	0.0008		False
Cluster_15398	1	0.0008		False
Cluster_20372	1	0.0008		False
Cluster_18202	1	0.0008		False
Cluster_15667	1	0.0008		False
Cluster_24380	1	0.0008		False
Cluster_17507	1	0.0008		False
Cluster_25806	1	0.0008		False
Cluster_22953	1	0.0008		False
Cluster_22547	1	0.0008		False
Cluster_11780	1	0.0008		False
Cluster_16938	1	0.0008		False
Cluster_7776	1	0.0008		False
Cluster_17353	1	0.0008		False
Cluster_2479	1	0.0008		False
Cluster_23141	1	0.0008		False
Cluster_15044	1	0.0008		False
Cluster_20679	1	0.0008		False
Cluster_25611	1	0.0008		False
Cluster_9611	1	0.0008		False
Cluster_24178	1	0.0008		False
Cluster_1139	1	0.0008		False
Cluster_2650	1	0.0008		False
Cluster_16832	1	0.0008		False
Cluster_3209	1	0.0008		False
Cluster_7560	1	0.0008		False
Cluster_11580	1	0.0008		False
Cluster_1943	1	0.0008		False
Cluster_16377	1	0.0008		False
Cluster_22481	1	0.0008		False
Cluster_6041	1	0.0008		False
Cluster_24986	1	0.0008		False
Cluster_19083	1	0.0008		False
Cluster_20544	1	0.0008		False
Cluster_15280	1	0.0008		False
Cluster_24298	1	0.0008		False
Cluster_6796	1	0.0008		False
Cluster_16821	1	0.0008		False
Cluster_16029	1	0.0008		False
Cluster_6859	1	0.0008		False
Cluster_6718	1	0.0008		False
Cluster_3378	1	0.0008		False
Cluster_17583	1	0.0008		False
Cluster_10647	1	0.0008		False
Cluster_7906	1	0.0008		False
Cluster_18193	1	0.0008		False
Cluster_15057	1	0.0008		False
Cluster_11126	1	0.0008		False
Cluster_13658	1	0.0008		False
Cluster_3540	1	0.0008		False
Cluster_24550	1	0.0008		False
Cluster_9149	1	0.0008		False
Cluster_6062	1	0.0008		False
Cluster_14019	1	0.0008		False
Cluster_25324	1	0.0008		False
Cluster_24166	1	0.0008		False
Cluster_11956	1	0.0008		False
Cluster_9933	1	0.0008		False
Cluster_20557	1	0.0008		False
Cluster_20943	1	0.0008		False
Cluster_9412	1	0.0008		False
Cluster_23548	1	0.0008		False
Cluster_16696	1	0.0008		False
Cluster_19475	1	0.0008		False
Cluster_8924	1	0.0008		False
Cluster_21145	1	0.0008		False
Cluster_16752	1	0.0008		False
Cluster_20303	1	0.0008		False
Cluster_17164	1	0.0008		False
Cluster_12067	1	0.0008		False
Cluster_14640	1	0.0008		False
Cluster_14496	1	0.0008		False
Cluster_12991	1	0.0008		False
Cluster_25564	1	0.0008		False
Cluster_9160	1	0.0008		False
Cluster_21264	1	0.0008		False
Cluster_18001	1	0.0008		False
Cluster_12935	1	0.0008		False
Cluster_11350	1	0.0008		False
Cluster_3358	1	0.0008		False
Cluster_1333	1	0.0008		False
Cluster_6879	1	0.0008		False
Cluster_12644	1	0.0008		False
Cluster_17618	1	0.0008		False
Cluster_22011	1	0.0008		False
Cluster_6008	1	0.0008		False
Cluster_24771	1	0.0008		False
Cluster_11827	1	0.0008		False
Cluster_10064	1	0.0008		False
Cluster_7200	1	0.0008		False
Cluster_24999	1	0.0008		False
Cluster_16406	1	0.0008		False
Cluster_24867	1	0.0008		False
Cluster_5115	1	0.0008		False
Cluster_4720	1	0.0008		False
Cluster_25183	1	0.0008		False
Cluster_22554	1	0.0008		False
Cluster_18567	1	0.0008		False
Cluster_13611	1	0.0008		False
Cluster_24465	1	0.0008		False
Cluster_8664	1	0.0008		False
Cluster_15141	1	0.0008		False
Cluster_1402	1	0.0008		False
Cluster_10453	1	0.0008		False
Cluster_4089	1	0.0008		False
Cluster_23044	1	0.0008		False
Cluster_11425	1	0.0008		False
Cluster_10328	1	0.0008		False
Cluster_10768	1	0.0008		False
Cluster_26120	1	0.0008		False
Cluster_3796	1	0.0008		False
Cluster_19561	1	0.0008		False
Cluster_2106	1	0.0008		False
Cluster_25313	1	0.0008		False
Cluster_23280	1	0.0008		False
Cluster_2047	1	0.0008		False
Cluster_14195	1	0.0008		False
Cluster_24509	1	0.0008		False
Cluster_21690	1	0.0008		False
Cluster_18871	1	0.0008		False
Cluster_4614	1	0.0008		False
Cluster_10568	1	0.0008		False
Cluster_13963	1	0.0008		False
Cluster_2282	1	0.0008		False
Cluster_19761	1	0.0008		False
Cluster_19321	1	0.0008		False
Cluster_14131	1	0.0008		False
Cluster_18327	1	0.0008		False
Cluster_1648	1	0.0008		False
Cluster_25375	1	0.0008		False
Cluster_7316	1	0.0008		False
Cluster_18767	1	0.0008		False
Cluster_17651	1	0.0008		False
Cluster_11492	1	0.0008		False
Cluster_10981	1	0.0008		False
Cluster_8543	1	0.0008		False
Cluster_6890	1	0.0008		False
Cluster_14122	1	0.0008		False
Cluster_19332	1	0.0008		False
Cluster_18850	1	0.0008		False
Cluster_12501	1	0.0008		False
Cluster_23398	1	0.0008		False
Cluster_25068	1	0.0008		False
Cluster_21400	1	0.0008		False
Cluster_19424	1	0.0008		False
Cluster_17670	1	0.0008		False
Cluster_14952	1	0.0008		False
Cluster_21162	1	0.0008		False
Cluster_13806	1	0.0008		False
Cluster_11949	1	0.0008		False
Cluster_15170	1	0.0008		False
Cluster_25202	1	0.0008		False
Cluster_16392	1	0.0008		False
Cluster_3153	1	0.0008		False
Cluster_3208	1	0.0008		False
Cluster_1183	1	0.0008		False
Cluster_13850	1	0.0008		False
Cluster_2478	1	0.0008		False
Cluster_828	1	0.0008		False
Cluster_21456	1	0.0008		False
Cluster_22394	1	0.0008		False
Cluster_10443	1	0.0008		False
Cluster_18963	1	0.0008		False
Cluster_12576	1	0.0008		False
Cluster_8445	1	0.0008		False
Cluster_11590	1	0.0008		False
Cluster_10108	1	0.0008		False
Cluster_14848	1	0.0008		False
Cluster_22491	1	0.0008		False
Cluster_13767	1	0.0008		False
Cluster_15290	1	0.0008		False
Cluster_2458	1	0.0008		False
Cluster_20668	1	0.0008		False
Cluster_16765	1	0.0008		False
Cluster_3262	1	0.0008		False
Cluster_14302	1	0.0008		False
Cluster_7261	1	0.0008		False
Cluster_23711	1	0.0008		False
Cluster_11959	1	0.0008		False
Cluster_8021	1	0.0008		False
Cluster_940	1	0.0008		False
Cluster_24169	1	0.0008		False
Cluster_9797	1	0.0008		False
Cluster_17810	1	0.0008		False
Cluster_9674	1	0.0008		False
Cluster_22601	1	0.0008		False
Cluster_17008	1	0.0008		False
Cluster_558	1	0.0008		False
Cluster_4743	1	0.0008		False
Cluster_18611	1	0.0008		False
Cluster_7548	1	0.0008		False
Cluster_16236	1	0.0008		False
Cluster_5666	1	0.0008		False
Cluster_24390	1	0.0008		False
Cluster_14499	1	0.0008		False
Cluster_22048	1	0.0008		False
Cluster_17641	1	0.0008		False
Cluster_4692	1	0.0008		False
Cluster_8925	1	0.0008		False
Cluster_16374	1	0.0008		False
Cluster_18076	1	0.0008		False
Cluster_20547	1	0.0008		False
Cluster_17972	1	0.0008		False
Cluster_14650	1	0.0008		False
Cluster_21925	1	0.0008		False
Cluster_1097	1	0.0008		False
Cluster_17987	1	0.0008		False
Cluster_15118	1	0.0008		False
Cluster_13215	1	0.0008		False
Cluster_5788	1	0.0008		False
Cluster_11012	1	0.0008		False
Cluster_21898	1	0.0008		False
Cluster_24706	1	0.0008		False
Cluster_13809	1	0.0008		False
Cluster_4436	1	0.0008		False
Cluster_25104	1	0.0008		False
Cluster_3719	1	0.0008		False
Cluster_6502	1	0.0008		False
Cluster_3858	1	0.0008		False
Cluster_2589	1	0.0008		False
Cluster_8520	1	0.0008		False
Cluster_23463	1	0.0008		False
Cluster_15664	1	0.0008		False
Cluster_19299	1	0.0008		False
Cluster_9639	1	0.0008		False
Cluster_17504	1	0.0008		False
Cluster_8150	1	0.0008		False
Cluster_16542	1	0.0008		False
Cluster_22136	1	0.0008		False
Cluster_21992	1	0.0008		False
Cluster_16217	1	0.0008		False
Cluster_6241	1	0.0008		False
Cluster_10030	1	0.0008		False
Cluster_20747	1	0.0008		False
Cluster_23758	1	0.0008		False
Cluster_13273	1	0.0008		False
Cluster_24506	1	0.0008		False
Cluster_13193	1	0.0008		False
Cluster_4547	1	0.0008		False
Cluster_3878	1	0.0008		False
Cluster_24740	1	0.0008		False
Cluster_6359	1	0.0008		False
Cluster_11900	1	0.0008		False
Cluster_7399	1	0.0008		False
Cluster_21449	1	0.0008		False
Cluster_25530	1	0.0008		False
Cluster_3944	1	0.0008		False
Cluster_16958	1	0.0008		False
Cluster_17333	1	0.0008		False
Cluster_6889	1	0.0008		False
Cluster_22933	1	0.0008		False
Cluster_18709	1	0.0008		False
Cluster_20320	1	0.0008		False
Cluster_15185	1	0.0008		False
Cluster_13996	1	0.0008		False
Cluster_20857	1	0.0008		False
Cluster_6174	1	0.0008		False
Cluster_24871	1	0.0008		False
Cluster_11727	1	0.0008		False
Cluster_6423	1	0.0008		False
Cluster_2868	1	0.0008		False
Cluster_23609	1	0.0008		False
Cluster_24079	1	0.0008		False
Cluster_20560	1	0.0008		False
Cluster_25864	1	0.0008		False
Cluster_1569	1	0.0008		False
Cluster_23016	1	0.0008		False
Cluster_4034	1	0.0008		False
Cluster_5319	1	0.0008		False
Cluster_13169	1	0.0008		False
Cluster_20156	1	0.0008		False
Cluster_830	1	0.0008		False
Cluster_4090	1	0.0008		False
Cluster_21311	1	0.0008		False
Cluster_1945	1	0.0008		False
Cluster_20926	1	0.0008		False
Cluster_7194	1	0.0008		False
Cluster_16852	1	0.0008		False
Cluster_9096	1	0.0008		False
Cluster_4258	1	0.0008		False
Cluster_13390	1	0.0008		False
Cluster_10305	1	0.0008		False
Cluster_9844	1	0.0008		False
Cluster_19263	1	0.0008		False
Cluster_15227	1	0.0008		False
Cluster_24567	1	0.0008		False
Cluster_12071	1	0.0008		False
Cluster_7130	1	0.0008		False
Cluster_6524	1	0.0008		False
Cluster_2802	1	0.0008		False
Cluster_21414	1	0.0008		False
Cluster_6154	1	0.0008		False
Cluster_10945	1	0.0008		False
Cluster_12879	1	0.0008		False
Cluster_5044	1	0.0008		False
Cluster_21181	1	0.0008		False
Cluster_7401	1	0.0008		False
Cluster_4059	1	0.0008		False
Cluster_16911	1	0.0008		False
Cluster_23650	1	0.0008		False
Cluster_1041	1	0.0008		False
Cluster_891	1	0.0008		False
Cluster_926	1	0.0008		False
Cluster_18771	1	0.0008		False
Cluster_19069	1	0.0008		False
Cluster_5909	1	0.0008		False
Cluster_24001	1	0.0008		False
Cluster_9685	1	0.0008		False
Cluster_2535	1	0.0008		False
Cluster_13540	1	0.0008		False
Cluster_10962	1	0.0008		False
Cluster_23671	1	0.0008		False
Cluster_18442	1	0.0008		False
Cluster_24809	1	0.0008		False
Cluster_24215	1	0.0008		False
Cluster_26103	1	0.0008		False
Cluster_22228	1	0.0008		False
Cluster_18750	1	0.0008		False
Cluster_19782	1	0.0008		False
Cluster_24648	1	0.0008		False
Cluster_7623	1	0.0008		False
Cluster_15486	1	0.0008		False
Cluster_4591	1	0.0008		False
Cluster_10868	1	0.0008		False
Cluster_24273	1	0.0008		False
Cluster_18571	1	0.0008		False
Cluster_3468	1	0.0008		False
Cluster_14463	1	0.0008		False
Cluster_3648	1	0.0008		False
Cluster_496	1	0.0008		False
Cluster_12801	1	0.0008		False
Cluster_2930	1	0.0008		False
Cluster_18166	1	0.0008		False
Cluster_1425	1	0.0008		False
Cluster_26091	1	0.0008		False
Cluster_12009	1	0.0008		False
Cluster_25989	1	0.0008		False
Cluster_2994	1	0.0008		False
Cluster_13506	1	0.0008		False
Cluster_6297	1	0.0008		False
Cluster_25638	1	0.0008		False
Cluster_23037	1	0.0008		False
Cluster_19915	1	0.0008		False
Cluster_20159	1	0.0008		False
Cluster_23811	1	0.0008		False
Cluster_18452	1	0.0008		False
Cluster_13166	1	0.0008		False
Cluster_1208	1	0.0008		False
Cluster_10174	1	0.0008		False
Cluster_13550	1	0.0008		False
Cluster_12433	1	0.0008		False
Cluster_21802	1	0.0008		False
Cluster_9684	1	0.0008		False
Cluster_825	1	0.0008		False
Cluster_24658	1	0.0008		False
Cluster_20929	1	0.0008		False
Cluster_16865	1	0.0008		False
Cluster_23640	1	0.0008		False
Cluster_25110	1	0.0008		False
Cluster_7380	1	0.0008		False
Cluster_6440	1	0.0008		False
Cluster_15738	1	0.0008		False
Cluster_11890	1	0.0008		False
Cluster_12876	1	0.0008		False
Cluster_4308	1	0.0008		False
Cluster_8312	1	0.0008		False
Cluster_14548	1	0.0008		False
Cluster_9019	1	0.0008		False
Cluster_23224	1	0.0008		False
Cluster_2488	1	0.0008		False
Cluster_13442	1	0.0008		False
Cluster_827	1	0.0008		False
Cluster_5421	1	0.0008		False
Cluster_1262	1	0.0008		False
Cluster_2433	1	0.0008		False
Cluster_18540	1	0.0008		False
Cluster_2912	1	0.0008		False
Cluster_20038	1	0.0008		False
Cluster_10426	1	0.0008		False
Cluster_2995	1	0.0008		False
Cluster_17510	1	0.0008		False
Cluster_17074	1	0.0008		False
Cluster_6649	1	0.0008		False
Cluster_14748	1	0.0008		False
Cluster_21908	1	0.0008		False
Cluster_8894	1	0.0008		False
Cluster_13999	1	0.0008		False
Cluster_11238	1	0.0008		False
Cluster_9231	1	0.0008		False
Cluster_19973	1	0.0008		False
Cluster_6469	1	0.0008		False
Cluster_21348	1	0.0008		False
Cluster_15538	1	0.0008		False
Cluster_20445	1	0.0008		False
Cluster_13771	1	0.0008		False
Cluster_23606	1	0.0008		False
Cluster_8830	1	0.0008		False
Cluster_5603	1	0.0008		False
Cluster_11914	1	0.0008		False
Cluster_25178	1	0.0008		False
Cluster_18390	1	0.0008		False
Cluster_6175	1	0.0008		False
Cluster_9344	1	0.0008		False
Cluster_10287	1	0.0008		False
Cluster_2302	1	0.0008		False
Cluster_2746	1	0.0008		False
Cluster_20462	1	0.0008		False
Cluster_18169	1	0.0008		False
Cluster_21087	1	0.0008		False
Cluster_5819	1	0.0008		False
Cluster_9218	1	0.0008		False
Cluster_16948	1	0.0008		False
Cluster_3097	1	0.0008		False
Cluster_12312	1	0.0008		False
Cluster_7460	1	0.0008		False
Cluster_1719	1	0.0008		False
Cluster_13509	1	0.0008		False
Cluster_21598	1	0.0008		False
Cluster_3888	1	0.0008		False
Cluster_24840	1	0.0008		False
Cluster_16308	1	0.0008		False
Cluster_2559	1	0.0008		False
Cluster_18288	1	0.0008		False
Cluster_7195	1	0.0008		False
Cluster_8180	1	0.0008		False
Cluster_2129	1	0.0008		False
Cluster_18996	1	0.0008		False
Cluster_17804	1	0.0008		False
Cluster_10955	1	0.0008		False
Cluster_15034	1	0.0008		False
Cluster_6155	1	0.0008		False
Cluster_7112	1	0.0008		False
Cluster_6525	1	0.0008		False
Cluster_19066	1	0.0008		False
Cluster_8902	1	0.0008		False
Cluster_21798	1	0.0008		False
Cluster_21627	1	0.0008		False
Cluster_24806	1	0.0008		False
Cluster_20146	1	0.0008		False
Cluster_1878	1	0.0008		False
Cluster_16467	1	0.0008		False
Cluster_1009	1	0.0008		False
Cluster_4482	1	0.0008		False
Cluster_6389	1	0.0008		False
Cluster_14398	1	0.0008		False
Cluster_1944	1	0.0008		False
Cluster_341	1	0.0008		False
Cluster_17578	1	0.0008		False
Cluster_23213	1	0.0008		False
Cluster_5778	1	0.0008		False
Cluster_23122	1	0.0008		False
Cluster_25830	1	0.0008		False
Cluster_7669	1	0.0008		False
Cluster_5941	1	0.0008		False
Cluster_442	1	0.0008		False
Cluster_17268	1	0.0008		False
Cluster_13346	1	0.0008		False
Cluster_7297	1	0.0008		False
Cluster_23236	1	0.0008		False
Cluster_18950	1	0.0008		False
Cluster_9761	1	0.0008		False
Cluster_13906	1	0.0008		False
Cluster_11849	1	0.0008		False
Cluster_2954	1	0.0008		False
Cluster_18665	1	0.0008		False
Cluster_11041	1	0.0008		False
Cluster_18120	1	0.0008		False
Cluster_25589	1	0.0008		False
Cluster_14852	1	0.0008		False
Cluster_4121	1	0.0008		False
Cluster_12293	1	0.0008		False
Cluster_1732	1	0.0008		False
Cluster_4551	1	0.0008		False
Cluster_18971	1	0.0008		False
Cluster_8855	1	0.0008		False
Cluster_1776	1	0.0008		False
Cluster_1965	1	0.0008		False
Cluster_10089	1	0.0008		False
Cluster_19977	1	0.0008		False
Cluster_6880	1	0.0008		False
Cluster_5832	1	0.0008		False
Cluster_20241	1	0.0008		False
Cluster_10881	1	0.0008		False
Cluster_8374	1	0.0008		False
Cluster_26079	1	0.0008		False
Cluster_7139	1	0.0008		False
Cluster_6277	1	0.0008		False
Cluster_6623	1	0.0008		False
Cluster_2848	1	0.0008		False
Cluster_13300	1	0.0008		False
Cluster_23392	1	0.0008		False
Cluster_19888	1	0.0008		False
Cluster_25062	1	0.0008		False
Cluster_4099	1	0.0008		False
Cluster_14128	1	0.0008		False
Cluster_12115	1	0.0008		False
Cluster_593	1	0.0008		False
Cluster_1560	1	0.0008		False
Cluster_5310	1	0.0008		False
Cluster_14958	1	0.0008		False
Cluster_21168	1	0.0008		False
Cluster_4571	1	0.0008		False
Cluster_13652	1	0.0008		False
Cluster_5182	1	0.0008		False
Cluster_9056	1	0.0008		False
Cluster_4298	1	0.0008		False
Cluster_25438	1	0.0008		False
Cluster_6194	1	0.0008		False
Cluster_15026	1	0.0008		False
Cluster_11157	1	0.0008		False
Cluster_13796	1	0.0008		False
Cluster_21623	1	0.0008		False
Cluster_8506	1	0.0008		False
Cluster_6807	1	0.0008		False
Cluster_20960	1	0.0008		False
Cluster_23542	1	0.0008		False
Cluster_20526	1	0.0008		False
Cluster_18909	1	0.0008		False
Cluster_17319	1	0.0008		False
Cluster_494	1	0.0008		False
Cluster_22733	1	0.0008		False
Cluster_23217	1	0.0008		False
Cluster_12835	1	0.0008		False
Cluster_20655	1	0.0008		False
Cluster_22919	1	0.0008		False
Cluster_7423	1	0.0008		False
Cluster_18642	1	0.0008		False
Cluster_10745	1	0.0008		False
Cluster_20843	1	0.0008		False
Cluster_13596	1	0.0008		False
Cluster_12891	1	0.0008		False
Cluster_17612	1	0.0008		False
Cluster_15686	1	0.0008		False
Cluster_2939	1	0.0008		False
Cluster_9032	1	0.0008		False
Cluster_7174	1	0.0008		False
Cluster_26001	1	0.0008		False
Cluster_22533	1	0.0008		False
Cluster_13359	1	0.0008		False
Cluster_1061	1	0.0008		False
Cluster_20366	1	0.0008		False
Cluster_23450	1	0.0008		False
Cluster_4070	1	0.0008		False
Cluster_16558	1	0.0008		False
Cluster_21083	1	0.0008		False
Cluster_14911	1	0.0008		False
Cluster_11856	1	0.0008		False
Cluster_12416	1	0.0008		False
Cluster_7889	1	0.0008		False
Cluster_23742	1	0.0008		False
Cluster_25786	1	0.0008		False
Cluster_103	1	0.0008		False
Cluster_26076	1	0.0008		False
Cluster_25055	1	0.0008		False
Cluster_22378	1	0.0008		False
Cluster_23406	1	0.0008		False
Cluster_16748	1	0.0008		False
Cluster_20645	1	0.0008		False
Cluster_17978	1	0.0008		False
Cluster_7389	1	0.0008		False
Cluster_6449	1	0.0008		False
Cluster_20218	1	0.0008		False
Cluster_18596	1	0.0008		False
Cluster_11523	1	0.0008		False
Cluster_13642	1	0.0008		False
Cluster_2599	1	0.0008		False
Cluster_19267	1	0.0008		False
Cluster_15223	1	0.0008		False
Cluster_19020	1	0.0008		False
Cluster_21004	1	0.0008		False
Cluster_18261	1	0.0008		False
Cluster_2633	1	0.0008		False
Cluster_24563	1	0.0008		False
Cluster_9583	1	0.0008		False
Cluster_8204	1	0.0008		False
Cluster_11018	1	0.0008		False
Cluster_9538	1	0.0008		False
Cluster_16548	1	0.0008		False
Cluster_17337	1	0.0008		False
Cluster_6460	1	0.0008		False
Cluster_1501	1	0.0008		False
Cluster_17887	1	0.0008		False
Cluster_23440	1	0.0008		False
Cluster_6307	1	0.0008		False
Cluster_23696	1	0.0008		False
Cluster_8839	1	0.0008		False
Cluster_13349	1	0.0008		False
Cluster_12207	1	0.0008		False
Cluster_13909	1	0.0008		False
Cluster_21286	1	0.0008		False
Cluster_24323	1	0.0008		False
Cluster_20853	1	0.0008		False
Cluster_22180	1	0.0008		False
Cluster_14865	1	0.0008		False
Cluster_9010	1	0.0008		False
Cluster_9484	1	0.0008		False
Cluster_7175	1	0.0008		False
Cluster_17872	1	0.0008		False
Cluster_21508	1	0.0008		False
Cluster_5356	1	0.0008		False
Cluster_23105	1	0.0008		False
Cluster_6917	1	0.0008		False
Cluster_4682	1	0.0008		False
Cluster_11070	1	0.0008		False
Cluster_5961	1	0.0008		False
Cluster_20251	1	0.0008		False
Cluster_7649	1	0.0008		False
Cluster_11514	1	0.0008		False
Cluster_15938	1	0.0008		False
Cluster_1964	1	0.0008		False
Cluster_5810	1	0.0008		False
Cluster_2570	1	0.0008		False
Cluster_10460	1	0.0008		False
Cluster_13356	1	0.0008		False
Cluster_20729	1	0.0008		False
Cluster_24282	1	0.0008		False
Cluster_17910	1	0.0008		False
Cluster_10102	1	0.0008		False
Cluster_20270	1	0.0008		False
Cluster_9787	1	0.0008		False
Cluster_19715	1	0.0008		False
Cluster_22310	1	0.0008		False
Cluster_11859	1	0.0008		False
Cluster_23033	1	0.0008		False
Cluster_17485	1	0.0008		False
Cluster_11714	1	0.0008		False
Cluster_8771	1	0.0008		False
Cluster_15377	1	0.0008		False
Cluster_7660	1	0.0008		False
Cluster_20662	1	0.0008		False
Cluster_19773	1	0.0008		False
Cluster_21708	1	0.0008		False
Cluster_14948	1	0.0008		False
Cluster_24896	1	0.0008		False
Cluster_5376	1	0.0008		False
Cluster_5332	1	0.0008		False
Cluster_2975	1	0.0008		False
Cluster_9511	1	0.0008		False
Cluster_1193	1	0.0008		False
Cluster_17002	1	0.0008		False
Cluster_22916	1	0.0008		False
Cluster_24411	1	0.0008		False
Cluster_26107	1	0.0008		False
Cluster_829	1	0.0008		False
Cluster_17894	1	0.0008		False
Cluster_18035	1	0.0008		False
Cluster_13184	1	0.0008		False
Cluster_22231	1	0.0008		False
Cluster_6287	1	0.0008		False
Cluster_4146	1	0.0008		False
Cluster_14552	1	0.0008		False
Cluster_16606	1	0.0008		False
Cluster_15249	1	0.0008		False
Cluster_25889	1	0.0008		False
Cluster_1928	1	0.0008		False
Cluster_3549	1	0.0008		False
Cluster_18448	1	0.0008		False
Cluster_3732	1	0.0008		False
Cluster_8885	1	0.0008		False
Cluster_7731	1	0.0008		False
Cluster_7890	1	0.0008		False
Cluster_4581	1	0.0008		False
Cluster_6850	1	0.0008		False
Cluster_24642	1	0.0008		False
Cluster_22113	1	0.0008		False
Cluster_12444	1	0.0008		False
Cluster_18103	1	0.0008		False
Cluster_11674	1	0.0008		False
Cluster_22222	1	0.0008		False
Cluster_3965	1	0.0008		False
Cluster_8767	1	0.0008		False
Cluster_10862	1	0.0008		False
Cluster_14696	1	0.0008		False
Cluster_14440	1	0.0008		False
Cluster_623	1	0.0008		False
Cluster_13458	1	0.0008		False
Cluster_10447	1	0.0008		False
Cluster_9328	1	0.0008		False
Cluster_16019	1	0.0008		False
Cluster_8384	1	0.0008		False
Cluster_18899	1	0.0008		False
Cluster_4717	1	0.0008		False
Cluster_13323	1	0.0008		False
Cluster_6042	1	0.0008		False
Cluster_22295	1	0.0008		False
Cluster_19097	1	0.0008		False
Cluster_1786	1	0.0008		False
Cluster_3560	1	0.0008		False
Cluster_5152	1	0.0008		False
Cluster_23467	1	0.0008		False
Cluster_22124	1	0.0008		False
Cluster_7184	1	0.0008		False
Cluster_9475	1	0.0008		False
Cluster_9086	1	0.0008		False
Cluster_22954	1	0.0008		False
Cluster_16213	1	0.0008		False
Cluster_8135	1	0.0008		False
Cluster_24599	1	0.0008		False
Cluster_20743	1	0.0008		False
Cluster_16122	1	0.0008		False
Cluster_13197	1	0.0008		False
Cluster_7879	1	0.0008		False
Cluster_25964	1	0.0008		False
Cluster_7008	1	0.0008		False
Cluster_11085	1	0.0008		False
Cluster_16131	1	0.0008		False
Cluster_20826	1	0.0008		False
Cluster_17451	1	0.0008		False
Cluster_3398	1	0.0008		False
Cluster_4080	1	0.0008		False
Cluster_12535	1	0.0008		False
Cluster_13896	1	0.0008		False
Cluster_24799	1	0.0008		False
Cluster_19084	1	0.0008		False
Cluster_5136	1	0.0008		False
Cluster_12591	1	0.0008		False
Cluster_22476	1	0.0008		False
Cluster_16195	1	0.0008		False
Cluster_20127	1	0.0008		False
Cluster_21490	1	0.0008		False
Cluster_19240	1	0.0008		False
Cluster_16275	1	0.0008		False
Cluster_8644	1	0.0008		False
Cluster_24665	1	0.0008		False
Cluster_24120	1	0.0008		False
Cluster_19439	1	0.0008		False
Cluster_16858	1	0.0008		False
Cluster_6899	1	0.0008		False
Cluster_22383	1	0.0008		False
Cluster_1602	1	0.0008		False
Cluster_11556	1	0.0008		False
Cluster_8222	1	0.0008		False
Cluster_11160	1	0.0008		False
Cluster_5646	1	0.0008		False
Cluster_7568	1	0.0008		False
Cluster_4492	1	0.0008		False
Cluster_11500	1	0.0008		False
Cluster_18411	1	0.0008		False
Cluster_10198	1	0.0008		False
Cluster_4763	1	0.0008		False
Cluster_22401	1	0.0008		False
Cluster_11746	1	0.0008		False
Cluster_15200	1	0.0008		False
Cluster_16499	1	0.0008		False
Cluster_24906	1	0.0008		False
Cluster_21078	1	0.0008		False
Cluster_5466	1	0.0008		False
Cluster_17441	1	0.0008		False
Cluster_1077	1	0.0008		False
Cluster_19417	1	0.0008		False
Cluster_14699	1	0.0008		False
Cluster_7359	1	0.0008		False
Cluster_16016	1	0.0008		False
Cluster_18896	1	0.0008		False
Cluster_18314	1	0.0008		False
Cluster_17904	1	0.0008		False
Cluster_7185	1	0.0008		False
Cluster_16942	1	0.0008		False
Cluster_3242	1	0.0008		False
Cluster_21365	1	0.0008		False
Cluster_17772	1	0.0008		False
Cluster_960	1	0.0008		False
Cluster_24863	1	0.0008		False
Cluster_93	1	0.0008		False
Cluster_22635	1	0.0008		False
Cluster_21592	1	0.0008		False
Cluster_22944	1	0.0008		False
Cluster_2658	1	0.0008		False
Cluster_19135	1	0.0008		False
Cluster_24300	1	0.0008		False
Cluster_18282	1	0.0008		False
Cluster_8713	1	0.0008		False
Cluster_14409	1	0.0008		False
Cluster_3087	1	0.0008		False
Cluster_16848	1	0.0008		False
Cluster_3501	1	0.0008		False
Cluster_7379	1	0.0008		False
Cluster_18197	1	0.0008		False
Cluster_7502	1	0.0008		False
Cluster_19	1	0.0008		False
Cluster_19250	1	0.0008		False
Cluster_1057	1	0.0008		False
Cluster_15053	1	0.0008		False
Cluster_674	1	0.0008		False
Cluster_16609	1	0.0008		False
Cluster_25886	1	0.0008		False
Cluster_22691	1	0.0008		False
Cluster_3898	1	0.0008		False
Cluster_19191	1	0.0008		False
Cluster_8465	1	0.0008		False
Cluster_2507	1	0.0008		False
Cluster_2081	1	0.0008		False
Cluster_19271	1	0.0008		False
Cluster_20307	1	0.0008		False
Cluster_25225	1	0.0008		False
Cluster_23128	1	0.0008		False
Cluster_21525	1	0.0008		False
Cluster_14392	1	0.0008		False
Cluster_17572	1	0.0008		False
Cluster_24796	1	0.0008		False
Cluster_13899	1	0.0008		False
Cluster_8884	1	0.0008		False
Cluster_15721	1	0.0008		False
Cluster_13091	1	0.0008		False
Cluster_25194	1	0.0008		False
Cluster_6370	1	0.0008		False
Cluster_3710	1	0.0008		False
Cluster_12269	1	0.0008		False
Cluster_3964	1	0.0008		False
Cluster_22479	1	0.0008		False
Cluster_18763	1	0.0008		False
Cluster_11396	1	0.0008		False
Cluster_11814	1	0.0008		False
Cluster_21649	1	0.0008		False
Cluster_12454	1	0.0008		False
Cluster_4652	1	0.0008		False
Cluster_8781	1	0.0008		False
Cluster_16037	1	0.0008		False
Cluster_10210	1	0.0008		False
Cluster_15732	1	0.0008		False
Cluster_15464	1	0.0008		False
Cluster_14217	1	0.0008		False
Cluster_2985	1	0.0008		False
Cluster_25274	1	0.0008		False
Cluster_15259	1	0.0008		False
Cluster_14542	1	0.0008		False
Cluster_2013	1	0.0008		False
Cluster_11559	1	0.0008		False
Cluster_9757	1	0.0008		False
Cluster_24261	1	0.0008		False
Cluster_4672	1	0.0008		False
Cluster_18563	1	0.0008		False
Cluster_7390	1	0.0008		False
Cluster_4636	1	0.0008		False
Cluster_776	1	0.0008		False
Cluster_8517	1	0.0008		False
Cluster_24596	1	0.0008		False
Cluster_13103	1	0.0008		False
Cluster_11990	1	0.0008		False
Cluster_14471	1	0.0008		False
Cluster_21902	1	0.0008		False
Cluster_25317	1	0.0008		False
Cluster_9777	1	0.0008		False
Cluster_16650	1	0.0008		False
Cluster_23911	1	0.0008		False
Cluster_19815	1	0.0008		False
Cluster_2703	1	0.0008		False
Cluster_17594	1	0.0008		False
Cluster_18184	1	0.0008		False
Cluster_11232	1	0.0008		False
Cluster_16965	1	0.0008		False
Cluster_10444	1	0.0008		False
Cluster_12581	1	0.0008		False
Cluster_11839	1	0.0008		False
Cluster_21915	1	0.0008		False
Cluster_18964	1	0.0008		False
Cluster_11389	1	0.0008		False
Cluster_11031	1	0.0008		False
Cluster_13336	1	0.0008		False
Cluster_23246	1	0.0008		False
Cluster_13886	1	0.0008		False
Cluster_7719	1	0.0008		False
Cluster_7858	1	0.0008		False
Cluster_1307	1	0.0008		False
Cluster_6501	1	0.0008		False
Cluster_17993	1	0.0008		False
Cluster_24062	1	0.0008		False
Cluster_6898	1	0.0008		False
Cluster_374	1	0.0008		False
Cluster_20295	1	0.0008		False
Cluster_16227	1	0.0008		False
Cluster_13172	1	0.0008		False
Cluster_415	1	0.0008		False
Cluster_11677	1	0.0008		False
Cluster_9907	1	0.0008		False
Cluster_2416	1	0.0008		False
Cluster_13930	1	0.0008		False
Cluster_1195	1	0.0008		False
Cluster_11095	1	0.0008		False
Cluster_603	1	0.0008		False
Cluster_19908	1	0.0008		False
Cluster_11682	1	0.0008		False
Cluster_1669	1	0.0008		False
Cluster_21973	1	0.0008		False
Cluster_13187	1	0.0008		False
Cluster_7878	1	0.0008		False
Cluster_4451	1	0.0008		False
Cluster_7009	1	0.0008		False
Cluster_19348	1	0.0008		False
Cluster_20175	1	0.0008		False
Cluster_9317	1	0.0008		False
Cluster_14686	1	0.0008		False
Cluster_10535	1	0.0008		False
Cluster_22826	1	0.0008		False
Cluster_23521	1	0.0008		False
Cluster_7208	1	0.0008		False
Cluster_25103	1	0.0008		False
Cluster_7153	1	0.0008		False
Cluster_15911	1	0.0008		False
Cluster_19087	1	0.0008		False
Cluster_10979	1	0.0008		False
Cluster_22285	1	0.0008		False
Cluster_3350	1	0.0008		False
Cluster_19598	1	0.0008		False
Cluster_18081	1	0.0008		False
Cluster_9286	1	0.0008		False
Cluster_5405	1	0.0008		False
Cluster_1380	1	0.0008		False
Cluster_23532	1	0.0008		False
Cluster_20124	1	0.0008		False
Cluster_9329	1	0.0008		False
Cluster_6000	1	0.0008		False
Cluster_25091	1	0.0008		False
Cluster_8022	1	0.0008		False
Cluster_17820	1	0.0008		False
Cluster_25967	1	0.0008		False
Cluster_7173	1	0.0008		False
Cluster_3261	1	0.0008		False
Cluster_18632	1	0.0008		False
Cluster_7424	1	0.0008		False
Cluster_20476	1	0.0008		False
Cluster_9102	1	0.0008		False
Cluster_15663	1	0.0008		False
Cluster_19798	1	0.0008		False
Cluster_4691	1	0.0008		False
Cluster_23732	1	0.0008		False
Cluster_17503	1	0.0008		False
Cluster_24045	1	0.0008		False
Cluster_4877	1	0.0008		False
Cluster_2144	1	0.0008		False
Cluster_22543	1	0.0008		False
Cluster_22957	1	0.0008		False
Cluster_18621	1	0.0008		False
Cluster_10266	1	0.0008		False
Cluster_23259	1	0.0008		False
Cluster_10318	1	0.0008		False
Cluster_11415	1	0.0008		False
Cluster_26110	1	0.0008		False
Cluster_7796	1	0.0008		False
Cluster_20944	1	0.0008		False
Cluster_11980	1	0.0008		False
Cluster_22753	1	0.0008		False
Cluster_22468	1	0.0008		False
Cluster_20304	1	0.0008		False
Cluster_17163	1	0.0008		False
Cluster_1401	1	0.0008		False
Cluster_8203	1	0.0008		False
Cluster_9584	1	0.0008		False
Cluster_18194	1	0.0008		False
Cluster_17584	1	0.0008		False
Cluster_12198	1	0.0008		False
Cluster_25323	1	0.0008		False
Cluster_25763	1	0.0008		False
Cluster_323	1	0.0008		False
Cluster_2690	1	0.0008		False
Cluster_15865	1	0.0008		False
Cluster_24055	1	0.0008		False
Cluster_18317	1	0.0008		False
Cluster_4357	1	0.0008		False
Cluster_11836	1	0.0008		False
Cluster_565	1	0.0008		False
Cluster_1880	1	0.0008		False
Cluster_13889	1	0.0008		False
Cluster_16538	1	0.0008		False
Cluster_6965	1	0.0008		False
Cluster_5228	1	0.0008		False
Cluster_2145	1	0.0008		False
Cluster_22553	1	0.0008		False
Cluster_25184	1	0.0008		False
Cluster_2281	1	0.0008		False
Cluster_9483	1	0.0008		False
Cluster_9438	1	0.0008		False
Cluster_12643	1	0.0008		False
Cluster_11473	1	0.0008		False
Cluster_7425	1	0.0008		False
Cluster_2499	1	0.0008		False
Cluster_19414	1	0.0008		False
Cluster_25896	1	0.0008		False
Cluster_25314	1	0.0008		False
Cluster_22681	1	0.0008		False
Cluster_21777	1	0.0008		False
Cluster_7540	1	0.0008		False
Cluster_2213	1	0.0008		False
Cluster_21069	1	0.0008		False
Cluster_15308	1	0.0008		False
Cluster_14377	1	0.0008		False
Cluster_11116	1	0.0008		False
Cluster_21861	1	0.0008		False
Cluster_18187	1	0.0008		False
Cluster_18172	1	0.0008		False
Cluster_20479	1	0.0008		False
Cluster_10454	1	0.0008		False
Cluster_14382	1	0.0008		False
Cluster_10269	1	0.0008		False
Cluster_5029	1	0.0008		False
Cluster_21782	1	0.0008		False
Cluster_14938	1	0.0008		False
Cluster_17628	1	0.0008		False
Cluster_14214	1	0.0008		False
Cluster_7358	1	0.0008		False
Cluster_47	1	0.0008		False
Cluster_7945	1	0.0008		False
Cluster_7569	1	0.0008		False
Cluster_18225	1	0.0008		False
Cluster_25277	1	0.0008		False
Cluster_16489	1	0.0008		False
Cluster_10188	1	0.0008		False
Cluster_549	1	0.0008		False
Cluster_25282	1	0.0008		False
Cluster_10976	1	0.0008		False
Cluster_22032	1	0.0008		False
Cluster_872	1	0.0008		False
Cluster_25197	1	0.0008		False
Cluster_3200	1	0.0008		False
Cluster_12457	1	0.0008		False
Cluster_1194	1	0.0008		False
Cluster_2470	1	0.0008		False
Cluster_9363	1	0.0008		False
Cluster_16034	1	0.0008		False
Cluster_2938	1	0.0008		False
Cluster_2301	1	0.0008		False
Cluster_12881	1	0.0008		False
Cluster_11539	1	0.0008		False
Cluster_25349	1	0.0008		False
Cluster_15440	1	0.0008		False
Cluster_9806	1	0.0008		False
Cluster_15696	1	0.0008		False
Cluster_12089	1	0.0008		False
Cluster_15239	1	0.0008		False
Cluster_17015	1	0.0008		False
Cluster_25909	1	0.0008		False
Cluster_9999	1	0.0008		False
Cluster_17201	1	0.0008		False
Cluster_15752	1	0.0008		False
Cluster_584	1	0.0008		False
Cluster_69	1	0.0008		False
Cluster_12434	1	0.0008		False
Cluster_3460	1	0.0008		False
Cluster_7097	1	0.0008		False
Cluster_18438	1	0.0008		False
Cluster_4800	1	0.0008		False
Cluster_174	1	0.0008		False
Cluster_21093	1	0.0008		False
Cluster_14430	1	0.0008		False
Cluster_24339	1	0.0008		False
Cluster_24081	1	0.0008		False
Cluster_15552	1	0.0008		False
Cluster_24889	1	0.0008		False
Cluster_14249	1	0.0008		False
Cluster_11739	1	0.0008		False
Cluster_2705	1	0.0008		False
Cluster_15406	1	0.0008		False
Cluster_11913	1	0.0008		False
Cluster_13055	1	0.0008		False
Cluster_3669	1	0.0008		False
Cluster_12395	1	0.0008		False
Cluster_23223	1	0.0008		False
Cluster_741	1	0.0008		False
Cluster_5942	1	0.0008		False
Cluster_3449	1	0.0008		False
Cluster_10437	1	0.0008		False
Cluster_8338	1	0.0008		False
Cluster_4481	1	0.0008		False
Cluster_22655	1	0.0008		False
Cluster_9125	1	0.0008		False
Cluster_20919	1	0.0008		False
Cluster_19155	1	0.0008		False
Cluster_10385	1	0.0008		False
Cluster_25971	1	0.0008		False
Cluster_9555	1	0.0008		False
Cluster_22526	1	0.0008		False
Cluster_23821	1	0.0008		False
Cluster_19925	1	0.0008		False
Cluster_22960	1	0.0008		False
Cluster_7138	1	0.0008		False
Cluster_17720	1	0.0008		False
Cluster_23029	1	0.0008		False
Cluster_17360	1	0.0008		False
Cluster_25799	1	0.0008		False
Cluster_4887	1	0.0008		False
Cluster_4932	1	0.0008		False
Cluster_12545	1	0.0008		False
Cluster_4413	1	0.0008		False
Cluster_1816	1	0.0008		False
Cluster_8311	1	0.0008		False
Cluster_14256	1	0.0008		False
Cluster_4976	1	0.0008		False
Cluster_14043	1	0.0008		False
Cluster_9256	1	0.0008		False
Cluster_4098	1	0.0008		False
Cluster_23382	1	0.0008		False
Cluster_18589	1	0.0008		False
Cluster_17199	1	0.0008		False
Cluster_26068	1	0.0008		False
Cluster_904	1	0.0008		False
Cluster_13208	1	0.0008		False
Cluster_3929	1	0.0008		False
Cluster_21636	1	0.0008		False
Cluster_17520	1	0.0008		False
Cluster_23214	1	0.0008		False
Cluster_17966	1	0.0008		False
Cluster_19992	1	0.0008		False
Cluster_4270	1	0.0008		False
Cluster_5264	1	0.0008		False
Cluster_5422	1	0.0008		False
Cluster_22366	1	0.0008		False
Cluster_22726	1	0.0008		False
Cluster_9575	1	0.0008		False
Cluster_23938	1	0.0008		False
Cluster_9232	1	0.0008		False
Cluster_25356	1	0.0008		False
Cluster_661	1	0.0008		False
Cluster_10099	1	0.0008		False
Cluster_10891	1	0.0008		False
Cluster_5006	1	0.0008		False
Cluster_17803	1	0.0008		False
Cluster_1370	1	0.0008		False
Cluster_4514	1	0.0008		False
Cluster_12283	1	0.0008		False
Cluster_8643	1	0.0008		False
Cluster_19230	1	0.0008		False
Cluster_15033	1	0.0008		False
Cluster_4956	1	0.0008		False
Cluster_8715	1	0.0008		False
Cluster_19449	1	0.0008		False
Cluster_17431	1	0.0008		False
Cluster_24886	1	0.0008		False
Cluster_4910	1	0.0008		False
Cluster_12555	1	0.0008		False
Cluster_16151	1	0.0008		False
Cluster_2271	1	0.0008		False
Cluster_8565	1	0.0008		False
Cluster_12626	1	0.0008		False
Cluster_25300	1	0.0008		False
Cluster_6786	1	0.0008		False
Cluster_11736	1	0.0008		False
Cluster_7402	1	0.0008		False
Cluster_4764	1	0.0008		False
Cluster_1042	1	0.0008		False
Cluster_5770	1	0.0008		False
Cluster_8133	1	0.0008		False
Cluster_17334	1	0.0008		False
Cluster_21475	1	0.0008		False
Cluster_17884	1	0.0008		False
Cluster_22645	1	0.0008		False
Cluster_18208	1	0.0008		False
Cluster_9124	1	0.0008		False
Cluster_3277	1	0.0008		False
Cluster_17422	1	0.0008		False
Cluster_8266	1	0.0008		False
Cluster_2360	1	0.0008		False
Cluster_12086	1	0.0008		False
Cluster_1316	1	0.0008		False
Cluster_24930	1	0.0008		False
Cluster_21007	1	0.0008		False
Cluster_9210	1	0.0008		False
Cluster_11536	1	0.0008		False
Cluster_25346	1	0.0008		False
Cluster_19459	1	0.0008		False
Cluster_1850	1	0.0008		False
Cluster_13589	1	0.0008		False
Cluster_24172	1	0.0008		False
Cluster_3880	1	0.0008		False
Cluster_14200	1	0.0008		False
Cluster_2349	1	0.0008		False
Cluster_15765	1	0.0008		False
Cluster_15325	1	0.0008		False
Cluster_10207	1	0.0008		False
Cluster_1287	1	0.0008		False
Cluster_9574	1	0.0008		False
Cluster_4216	1	0.0008		False
Cluster_3257	1	0.0008		False
Cluster_21639	1	0.0008		False
Cluster_20310	1	0.0008		False
Cluster_3963	1	0.0008		False
Cluster_12102	1	0.0008		False
Cluster_21296	1	0.0008		False
Cluster_1899	1	0.0008		False
Cluster_15471	1	0.0008		False
Cluster_16047	1	0.0008		False
Cluster_8883	1	0.0008		False
Cluster_25261	1	0.0008		False
Cluster_26104	1	0.0008		False
Cluster_22369	1	0.0008		False
Cluster_5799	1	0.0008		False
Cluster_21561	1	0.0008		False
Cluster_17969	1	0.0008		False
Cluster_8417	1	0.0008		False
Cluster_14532	1	0.0008		False
Cluster_2014	1	0.0008		False
Cluster_2480	1	0.0008		False
Cluster_11717	1	0.0008		False
Cluster_8429	1	0.0008		False
Cluster_22251	1	0.0008		False
Cluster_15742	1	0.0008		False
Cluster_24317	1	0.0008		False
Cluster_19690	1	0.0008		False
Cluster_534	1	0.0008		False
Cluster_7333	1	0.0008		False
Cluster_7388	1	0.0008		False
Cluster_3807	1	0.0008		False
Cluster_25652	1	0.0008		False
Cluster_20916	1	0.0008		False
Cluster_6448	1	0.0008		False
Cluster_4467	1	0.0008		False
Cluster_14721	1	0.0008		False
Cluster_13438	1	0.0008		False
Cluster_4300	1	0.0008		False
Cluster_14361	1	0.0008		False
Cluster_24274	1	0.0008		False
Cluster_14259	1	0.0008		False
Cluster_21332	1	0.0008		False
Cluster_15542	1	0.0008		False
Cluster_9539	1	0.0008		False
Cluster_21424	1	0.0008		False
Cluster_2801	1	0.0008		False
Cluster_2689	1	0.0008		False
Cluster_3130	1	0.0008		False
Cluster_9742	1	0.0008		False
Cluster_9306	1	0.0008		False
Cluster_21882	1	0.0008		False
Cluster_8620	1	0.0008		False
Cluster_11242	1	0.0008		False
Cluster_19162	1	0.0008		False
Cluster_14732	1	0.0008		False
Cluster_2704	1	0.0008		False
Cluster_15217	1	0.0008		False
Cluster_2598	1	0.0008		False
Cluster_21218	1	0.0008		False
Cluster_16196	1	0.0008		False
Cluster_21934	1	0.0008		False
Cluster_8288	1	0.0008		False
Cluster_25518	1	0.0008		False
Cluster_9793	1	0.0008		False
Cluster_9224	1	0.0008		False
Cluster_25023	1	0.0008		False
Cluster_17664	1	0.0008		False
Cluster_9642	1	0.0008		False
Cluster_11204	1	0.0008		False
Cluster_23793	1	0.0008		False
Cluster_12265	1	0.0008		False
Cluster_15504	1	0.0008		False
Cluster_14140	1	0.0008		False
Cluster_10800	1	0.0008		False
Cluster_13895	1	0.0008		False
Cluster_15878	1	0.0008		False
Cluster_6095	1	0.0008		False
Cluster_5490	1	0.0008		False
Cluster_18693	1	0.0008		False
Cluster_13158	1	0.0008		False
Cluster_16276	1	0.0008		False
Cluster_6012	1	0.0008		False
Cluster_13928	1	0.0008		False
Cluster_7055	1	0.0008		False
Cluster_12736	1	0.0008		False
Cluster_4924	1	0.0008		False
Cluster_3157	1	0.0008		False
Cluster_13822	1	0.0008		False
Cluster_5165	1	0.0008		False
Cluster_25683	1	0.0008		False
Cluster_245	1	0.0008		False
Cluster_18017	1	0.0008		False
Cluster_16969	1	0.0008		False
Cluster_20825	1	0.0008		False
Cluster_16897	1	0.0008		False
Cluster_18148	1	0.0008		False
Cluster_10723	1	0.0008		False
Cluster_9110	1	0.0008		False
Cluster_7075	1	0.0008		False
Cluster_19205	1	0.0008		False
Cluster_3519	1	0.0008		False
Cluster_6702	1	0.0008		False
Cluster_6346	1	0.0008		False
Cluster_10363	1	0.0008		False
Cluster_11755	1	0.0008		False
Cluster_15987	1	0.0008		False
Cluster_12144	1	0.0008		False
Cluster_2521	1	0.0008		False
Cluster_17118	1	0.0008		False
Cluster_13039	1	0.0008		False
Cluster_19011	1	0.0008		False
Cluster_2151	1	0.0008		False
Cluster_12717	1	0.0008		False
Cluster_14695	1	0.0008		False
Cluster_10070	1	0.0008		False
Cluster_14082	1	0.0008		False
Cluster_22176	1	0.0008		False
Cluster_23903	1	0.0008		False
Cluster_9382	1	0.0008		False
Cluster_20508	1	0.0008		False
Cluster_13111	1	0.0008		False
Cluster_10859	1	0.0008		False
Cluster_20874	1	0.0008		False
Cluster_24420	1	0.0008		False
Cluster_188	1	0.0008		False
Cluster_22988	1	0.0008		False
Cluster_11460	1	0.0008		False
Cluster_15008	1	0.0008		False
Cluster_21369	1	0.0008		False
Cluster_21729	1	0.0008		False
Cluster_5650	1	0.0008		False
Cluster_4543	1	0.0008		False
Cluster_578	1	0.0008		False
Cluster_7748	1	0.0008		False
Cluster_22561	1	0.0008		False
Cluster_14077	1	0.0008		False
Cluster_14622	1	0.0008		False
Cluster_1100	1	0.0008		False
Cluster_15994	1	0.0008		False
Cluster_22424	1	0.0008		False
Cluster_21662	1	0.0008		False
Cluster_14405	1	0.0008		False
Cluster_3723	1	0.0008		False
Cluster_3294	1	0.0008		False
Cluster_10714	1	0.0008		False
Cluster_17921	1	0.0008		False
Cluster_21529	1	0.0008		False
Cluster_4664	1	0.0008		False
Cluster_6686	1	0.0008		False
Cluster_7951	1	0.0008		False
Cluster_25229	1	0.0008		False
Cluster_22321	1	0.0008		False
Cluster_13497	1	0.0008		False
Cluster_1982	1	0.0008		False
Cluster_6991	1	0.0008		False
Cluster_4444	1	0.0008		False
Cluster_7366	1	0.0008		False
Cluster_5737	1	0.0008		False
Cluster_1093	1	0.0008		False
Cluster_16431	1	0.0008		False
Cluster_11322	1	0.0008		False
Cluster_11762	1	0.0008		False
Cluster_18497	1	0.0008		False
Cluster_20614	1	0.0008		False
Cluster_12975	1	0.0008		False
Cluster_24722	1	0.0008		False
Cluster_16803	1	0.0008		False
Cluster_19491	1	0.0008		False
Cluster_7866	1	0.0008		False
Cluster_12539	1	0.0008		False
Cluster_16966	1	0.0008		False
Cluster_11331	1	0.0008		False
Cluster_25541	1	0.0008		False
Cluster_23507	1	0.0008		False
Cluster_4237	1	0.0008		False
Cluster_19394	1	0.0008		False
Cluster_19816	1	0.0008		False
Cluster_4021	1	0.0008		False
Cluster_16199	1	0.0008		False
Cluster_10498	1	0.0008		False
Cluster_24522	1	0.0008		False
Cluster_600	1	0.0008		False
Cluster_335	1	0.0008		False
Cluster_3596	1	0.0008		False
Cluster_18111	1	0.0008		False
Cluster_5616	1	0.0008		False
Cluster_24795	1	0.0008		False
Cluster_7039	1	0.0008		False
Cluster_19048	1	0.0008		False
Cluster_12252	1	0.0008		False
Cluster_16720	1	0.0008		False
Cluster_7211	1	0.0008		False
Cluster_24531	1	0.0008		False
Cluster_18233	1	0.0008		False
Cluster_25487	1	0.0008		False
Cluster_8452	1	0.0008		False
Cluster_8547	1	0.0008		False
Cluster_15245	1	0.0008		False
Cluster_16073	1	0.0008		False
Cluster_10157	1	0.0008		False
Cluster_11545	1	0.0008		False
Cluster_19387	1	0.0008		False
Cluster_25335	1	0.0008		False
Cluster_13017	1	0.0008		False
Cluster_6094	1	0.0008		False
Cluster_5993	1	0.0008		False
Cluster_14171	1	0.0008		False
Cluster_18039	1	0.0008		False
Cluster_7054	1	0.0008		False
Cluster_18831	1	0.0008		False
Cluster_13403	1	0.0008		False
Cluster_25604	1	0.0008		False
Cluster_21655	1	0.0008		False
Cluster_9225	1	0.0008		False
Cluster_25226	1	0.0008		False
Cluster_4150	1	0.0008		False
Cluster_19744	1	0.0008		False
Cluster_4520	1	0.0008		False
Cluster_17630	1	0.0008		False
Cluster_19372	1	0.0008		False
Cluster_13693	1	0.0008		False
Cluster_25494	1	0.0008		False
Cluster_7074	1	0.0008		False
Cluster_9132	1	0.0008		False
Cluster_9176	1	0.0008		False
Cluster_164	1	0.0008		False
Cluster_12924	1	0.0008		False
Cluster_11283	1	0.0008		False
Cluster_21843	1	0.0008		False
Cluster_8472	1	0.0008		False
Cluster_15583	1	0.0008		False
Cluster_19679	1	0.0008		False
Cluster_24905	1	0.0008		False
Cluster_22179	1	0.0008		False
Cluster_17057	1	0.0008		False
Cluster_16201	1	0.0008		False
Cluster_22299	1	0.0008		False
Cluster_22636	1	0.0008		False
Cluster_23869	1	0.0008		False
Cluster_4925	1	0.0008		False
Cluster_14766	1	0.0008		False
Cluster_10856	1	0.0008		False
Cluster_19136	1	0.0008		False
Cluster_14326	1	0.0008		False
Cluster_5247	1	0.0008		False
Cluster_16015	1	0.0008		False
Cluster_5164	1	0.0008		False
Cluster_20083	1	0.0008		False
Cluster_4170	1	0.0008		False
Cluster_1161	1	0.0008		False
Cluster_8103	1	0.0008		False
Cluster_15092	1	0.0008		False
Cluster_25818	1	0.0008		False
Cluster_13362	1	0.0008		False
Cluster_6725	1	0.0008		False
Cluster_11198	1	0.0008		False
Cluster_2437	1	0.0008		False
Cluster_313	1	0.0008		False
Cluster_10746	1	0.0008		False
Cluster_862	1	0.0008		False
Cluster_13595	1	0.0008		False
Cluster_10500	1	0.0008		False
Cluster_19719	1	0.0008		False
Cluster_13731	1	0.0008		False
Cluster_17489	1	0.0008		False
Cluster_5578	1	0.0008		False
Cluster_19933	1	0.0008		False
Cluster_11278	1	0.0008		False
Cluster_46	1	0.0008		False
Cluster_10823	1	0.0008		False
Cluster_7913	1	0.0008		False
Cluster_7476	1	0.0008		False
Cluster_2546	1	0.0008		False
Cluster_23893	1	0.0008		False
Cluster_14984	1	0.0008		False
Cluster_22263	1	0.0008		False
Cluster_10700	1	0.0008		False
Cluster_248	1	0.0008		False
Cluster_6321	1	0.0008		False
Cluster_1527	1	0.0008		False
Cluster_16597	1	0.0008		False
Cluster_12386	1	0.0008		False
Cluster_7456	1	0.0008		False
Cluster_25912	1	0.0008		False
Cluster_21307	1	0.0008		False
Cluster_15778	1	0.0008		False
Cluster_6496	1	0.0008		False
Cluster_19519	1	0.0008		False
Cluster_5128	1	0.0008		False
Cluster_2181	1	0.0008		False
Cluster_16088	1	0.0008		False
Cluster_21947	1	0.0008		False
Cluster_21553	1	0.0008		False
Cluster_14707	1	0.0008		False
Cluster_5558	1	0.0008		False
Cluster_16784	1	0.0008		False
Cluster_24403	1	0.0008		False
Cluster_11210	1	0.0008		False
Cluster_23171	1	0.0008		False
Cluster_15074	1	0.0008		False
Cluster_10396	1	0.0008		False
Cluster_19228	1	0.0008		False
Cluster_20808	1	0.0008		False
Cluster_24148	1	0.0008		False
Cluster_22782	1	0.0008		False
Cluster_9352	1	0.0008		False
Cluster_20010	1	0.0008		False
Cluster_20574	1	0.0008		False
Cluster_388	1	0.0008		False
Cluster_23566	1	0.0008		False
Cluster_17538	1	0.0008		False
Cluster_2113	1	0.0008		False
Cluster_8591	1	0.0008		False
Cluster_6632	1	0.0008		False
Cluster_896	1	0.0008		False
Cluster_22069	1	0.0008		False
Cluster_23920	1	0.0008		False
Cluster_16907	1	0.0008		False
Cluster_22861	1	0.0008		False
Cluster_1972	1	0.0008		False
Cluster_12116	1	0.0008		False
Cluster_10990	1	0.0008		False
Cluster_21032	1	0.0008		False
Cluster_13905	1	0.0008		False
Cluster_18666	1	0.0008		False
Cluster_9336	1	0.0008		False
Cluster_12817	1	0.0008		False
Cluster_16584	1	0.0008		False
Cluster_13345	1	0.0008		False
Cluster_24693	1	0.0008		False
Cluster_23235	1	0.0008		False
Cluster_25138	1	0.0008		False
Cluster_6656	1	0.0008		False
Cluster_577	1	0.0008		False
Cluster_7303	1	0.0008		False
Cluster_16163	1	0.0008		False
Cluster_7981	1	0.0008		False
Cluster_14997	1	0.0008		False
Cluster_3093	1	0.0008		False
Cluster_14869	1	0.0008		False
Cluster_20774	1	0.0008		False
Cluster_8862	1	0.0008		False
Cluster_7696	1	0.0008		False
Cluster_4330	1	0.0008		False
Cluster_17738	1	0.0008		False
Cluster_22577	1	0.0008		False
Cluster_5489	1	0.0008		False
Cluster_12022	1	0.0008		False
Cluster_14793	1	0.0008		False
Cluster_25610	1	0.0008		False
Cluster_137	1	0.0008		False
Cluster_6610	1	0.0008		False
Cluster_8362	1	0.0008		False
Cluster_12839	1	0.0008		False
Cluster_24928	1	0.0008		False
Cluster_9836	1	0.0008		False
Cluster_22915	1	0.0008		False
Cluster_15281	1	0.0008		False
Cluster_22480	1	0.0008		False
Cluster_18905	1	0.0008		False
Cluster_427	1	0.0008		False
Cluster_24158	1	0.0008		False
Cluster_16820	1	0.0008		False
Cluster_4395	1	0.0008		False
Cluster_16703	1	0.0008		False
Cluster_20352	1	0.0008		False
Cluster_12095	1	0.0008		False
Cluster_7967	1	0.0008		False
Cluster_1596	1	0.0008		False
Cluster_338	1	0.0008		False
Cluster_12682	1	0.0008		False
Cluster_8308	1	0.0008		False
Cluster_22973	1	0.0008		False
Cluster_11862	1	0.0008		False
Cluster_4312	1	0.0008		False
Cluster_6419	1	0.0008		False
Cluster_14593	1	0.0008		False
Cluster_23106	1	0.0008		False
Cluster_10749	1	0.0008		False
Cluster_6142	1	0.0008		False
Cluster_24039	1	0.0008		False
Cluster_997	1	0.0008		False
Cluster_19716	1	0.0008		False
Cluster_1212	1	0.0008		False
Cluster_9852	1	0.0008		False
Cluster_2735	1	0.0008		False
Cluster_11781	1	0.0008		False
Cluster_13355	1	0.0008		False
Cluster_425	1	0.0008		False
Cluster_21743	1	0.0008		False
Cluster_14903	1	0.0008		False
Cluster_25585	1	0.0008		False
Cluster_9268	1	0.0008		False
Cluster_21285	1	0.0008		False
Cluster_11845	1	0.0008		False
Cluster_1769	1	0.0008		False
Cluster_7410	1	0.0008		False
Cluster_7084	1	0.0008		False
Cluster_24233	1	0.0008		False
Cluster_25678	1	0.0008		False
Cluster_4180	1	0.0008		False
Cluster_9541	1	0.0008		False
Cluster_6821	1	0.0008		False
Cluster_7108	1	0.0008		False
Cluster_10756	1	0.0008		False
Cluster_7253	1	0.0008		False
Cluster_13420	1	0.0008		False
Cluster_23405	1	0.0008		False
Cluster_21127	1	0.0008		False
Cluster_9202	1	0.0008		False
Cluster_25056	1	0.0008		False
Cluster_4968	1	0.0008		False
Cluster_5036	1	0.0008		False
Cluster_5072	1	0.0008		False
Cluster_480	1	0.0008		False
Cluster_25785	1	0.0008		False
Cluster_21957	1	0.0008		False
Cluster_21543	1	0.0008		False
Cluster_346	1	0.0008		False
Cluster_14167	1	0.0008		False
Cluster_26075	1	0.0008		False
Cluster_6947	1	0.0008		False
Cluster_10160	1	0.0008		False
Cluster_23569	1	0.0008		False
Cluster_12119	1	0.0008		False
Cluster_3161	1	0.0008		False
Cluster_23631	1	0.0008		False
Cluster_22066	1	0.0008		False
Cluster_7162	1	0.0008		False
Cluster_11653	1	0.0008		False
Cluster_3427	1	0.0008		False
Cluster_16594	1	0.0008		False
Cluster_7141	1	0.0008		False
Cluster_22365	1	0.0008		False
Cluster_3142	1	0.0008		False
Cluster_9891	1	0.0008		False
Cluster_14130	1	0.0008		False
Cluster_2396	1	0.0008		False
Cluster_22725	1	0.0008		False
Cluster_14972	1	0.0008		False
Cluster_2603	1	0.0008		False
Cluster_9677	1	0.0008		False
Cluster_9223	1	0.0008		False
Cluster_11318	1	0.0008		False
Cluster_21944	1	0.0008		False
Cluster_14704	1	0.0008		False
Cluster_9508	1	0.0008		False
Cluster_5433	1	0.0008		False
Cluster_14987	1	0.0008		False
Cluster_18851	1	0.0008		False
Cluster_744	1	0.0008		False
Cluster_5488	1	0.0008		False
Cluster_22078	1	0.0008		False
Cluster_766	1	0.0008		False
Cluster_8058	1	0.0008		False
Cluster_19857	1	0.0008		False
Cluster_19926	1	0.0008		False
Cluster_9657	1	0.0008		False
Cluster_15140	1	0.0008		False
Cluster_22656	1	0.0008		False
Cluster_9562	1	0.0008		False
Cluster_16794	1	0.0008		False
Cluster_10836	1	0.0008		False
Cluster_26121	1	0.0008		False
Cluster_22525	1	0.0008		False
Cluster_10386	1	0.0008		False
Cluster_19560	1	0.0008		False
Cluster_13841	1	0.0008		False
Cluster_12134	1	0.0008		False
Cluster_23281	1	0.0008		False
Cluster_8681	1	0.0008		False
Cluster_21691	1	0.0008		False
Cluster_3610	1	0.0008		False
Cluster_20263	1	0.0008		False
Cluster_14878	1	0.0008		False
Cluster_12700	1	0.0008		False
Cluster_171	1	0.0008		False
Cluster_14255	1	0.0008		False
Cluster_8996	1	0.0008		False
Cluster_16572	1	0.0008		False
Cluster_24751	1	0.0008		False
Cluster_13056	1	0.0008		False
Cluster_20069	1	0.0008		False
Cluster_8279	1	0.0008		False
Cluster_20777	1	0.0008		False
Cluster_18000	1	0.0008		False
Cluster_13243	1	0.0008		False
Cluster_14994	1	0.0008		False
Cluster_13785	1	0.0008		False
Cluster_22010	1	0.0008		False
Cluster_22574	1	0.0008		False
Cluster_22808	1	0.0008		False
Cluster_20782	1	0.0008		False
Cluster_15569	1	0.0008		False
Cluster_5559	1	0.0008		False
Cluster_18818	1	0.0008		False
Cluster_16098	1	0.0008		False
Cluster_11269	1	0.0008		False
Cluster_17609	1	0.0008		False
Cluster_5368	1	0.0008		False
Cluster_11370	1	0.0008		False
Cluster_16587	1	0.0008		False
Cluster_8745	1	0.0008		False
Cluster_3947	1	0.0008		False
Cluster_12814	1	0.0008		False
Cluster_17848	1	0.0008		False
Cluster_24229	1	0.0008		False
Cluster_646	1	0.0008		False
Cluster_15631	1	0.0008		False
Cluster_2758	1	0.0008		False
Cluster_22902	1	0.0008		False
Cluster_12759	1	0.0008		False
Cluster_18912	1	0.0008		False
Cluster_19455	1	0.0008		False
Cluster_24551	1	0.0008		False
Cluster_970	1	0.0008		False
Cluster_18253	1	0.0008		False
Cluster_15695	1	0.0008		False
Cluster_7822	1	0.0008		False
Cluster_8259	1	0.0008		False
Cluster_17942	1	0.0008		False
Cluster_14810	1	0.0008		False
Cluster_16904	1	0.0008		False
Cluster_12232	1	0.0008		False
Cluster_16787	1	0.0008		False
Cluster_10817	1	0.0008		False
Cluster_16441	1	0.0008		False
Cluster_13678	1	0.0008		False
Cluster_17499	1	0.0008		False
Cluster_24014	1	0.0008		False
Cluster_14641	1	0.0008		False
Cluster_11976	1	0.0008		False
Cluster_2827	1	0.0008		False
Cluster_5579	1	0.0008		False
Cluster_5746	1	0.0008		False
Cluster_23025	1	0.0008		False
Cluster_9240	1	0.0008		False
Cluster_25795	1	0.0008		False
Cluster_1702	1	0.0008		False
Cluster_1346	1	0.0008		False
Cluster_21113	1	0.0008		False
Cluster_2327	1	0.0008		False
Cluster_10031	1	0.0008		False
Cluster_25522	1	0.0008		False
Cluster_17275	1	0.0008		False
Cluster_8744	1	0.0008		False
Cluster_11444	1	0.0008		False
Cluster_3496	1	0.0008		False
Cluster_20915	1	0.0008		False
Cluster_21222	1	0.0008		False
Cluster_25669	1	0.0008		False
Cluster_18585	1	0.0008		False
Cluster_24741	1	0.0008		False
Cluster_11901	1	0.0008		False
Cluster_3321	1	0.0008		False
Cluster_12549	1	0.0008		False
Cluster_4246	1	0.0008		False
Cluster_11341	1	0.0008		False
Cluster_25722	1	0.0008		False
Cluster_1095	1	0.0008		False
Cluster_25595	1	0.0008		False
Cluster_590	1	0.0008		False
Cluster_14651	1	0.0008		False
Cluster_9269	1	0.0008		False
Cluster_15109	1	0.0008		False
Cluster_18056	1	0.0008		False
Cluster_16470	1	0.0008		False
Cluster_19445	1	0.0008		False
Cluster_3725	1	0.0008		False
Cluster_16354	1	0.0008		False
Cluster_12749	1	0.0008		False
Cluster_17213	1	0.0008		False
Cluster_18785	1	0.0008		False
Cluster_17952	1	0.0008		False
Cluster_10682	1	0.0008		False
Cluster_18243	1	0.0008		False
Cluster_22352	1	0.0008		False
Cluster_9946	1	0.0008		False
Cluster_24541	1	0.0008		False
Cluster_10095	1	0.0008		False
Cluster_12756	1	0.0008		False
Cluster_6418	1	0.0008		False
Cluster_7053	1	0.0008		False
Cluster_8572	1	0.0008		False
Cluster_4617	1	0.0008		False
Cluster_5930	1	0.0008		False
Cluster_14583	1	0.0008		False
Cluster_25905	1	0.0008		False
Cluster_531	1	0.0008		False
Cluster_24494	1	0.0008		False
Cluster_19847	1	0.0008		False
Cluster_17019	1	0.0008		False
Cluster_5994	1	0.0008		False
Cluster_17811	1	0.0008		False
Cluster_12692	1	0.0008		False
Cluster_6093	1	0.0008		False
Cluster_11535	1	0.0008		False
Cluster_25345	1	0.0008		False
Cluster_22600	1	0.0008		False
Cluster_5252	1	0.0008		False
Cluster_11791	1	0.0008		False
Cluster_18610	1	0.0008		False
Cluster_7284	1	0.0008		False
Cluster_21954	1	0.0008		False
Cluster_24391	1	0.0008		False
Cluster_4629	1	0.0008		False
Cluster_19734	1	0.0008		False
Cluster_9068	1	0.0008		False
Cluster_9795	1	0.0008		False
Cluster_15766	1	0.0008		False
Cluster_8235	1	0.0008		False
Cluster_17640	1	0.0008		False
Cluster_19462	1	0.0008		False
Cluster_20066	1	0.0008		False
Cluster_15171	1	0.0008		False
Cluster_21833	1	0.0008		False
Cluster_11735	1	0.0008		False
Cluster_16418	1	0.0008		False
Cluster_9426	1	0.0008		False
Cluster_13851	1	0.0008		False
Cluster_24604	1	0.0008		False
Cluster_24885	1	0.0008		False
Cluster_8447	1	0.0008		False
Cluster_7073	1	0.0008		False
Cluster_8122	1	0.0008		False
Cluster_24335	1	0.0008		False
Cluster_17224	1	0.0008		False
Cluster_3632	1	0.0008		False
Cluster_3676	1	0.0008		False
Cluster_12625	1	0.0008		False
Cluster_12160	1	0.0008		False
Cluster_19534	1	0.0008		False
Cluster_5163	1	0.0008		False
Cluster_13870	1	0.0008		False
Cluster_2044	1	0.0008		False
Cluster_24226	1	0.0008		False
Cluster_5236	1	0.0008		False
Cluster_11591	1	0.0008		False
Cluster_19146	1	0.0008		False
Cluster_21476	1	0.0008		False
Cluster_22490	1	0.0008		False
Cluster_16894	1	0.0008		False
Cluster_16316	1	0.0008		False
Cluster_2666	1	0.0008		False
Cluster_7255	1	0.0008		False
Cluster_18570	1	0.0008		False
Cluster_12523	1	0.0008		False
Cluster_18014	1	0.0008		False
Cluster_1427	1	0.0008		False
Cluster_963	1	0.0008		False
Cluster_22004	1	0.0008		False
Cluster_13472	1	0.0008		False
Cluster_6212	1	0.0008		False
Cluster_15984	1	0.0008		False
Cluster_12147	1	0.0008		False
Cluster_23262	1	0.0008		False
Cluster_17044	1	0.0008		False
Cluster_22892	1	0.0008		False
Cluster_6295	1	0.0008		False
Cluster_14025	1	0.0008		False
Cluster_6596	1	0.0008		False
Cluster_14778	1	0.0008		False
Cluster_18551	1	0.0008		False
Cluster_8897	1	0.0008		False
Cluster_19303	1	0.0008		False
Cluster_300	1	0.0008		False
Cluster_26090	1	0.0008		False
Cluster_5458	1	0.0008		False
Cluster_7126	1	0.0008		False
Cluster_20475	1	0.0008		False
Cluster_8088	1	0.0008		False
Cluster_13741	1	0.0008		False
Cluster_9024	1	0.0008		False
Cluster_24912	1	0.0008		False
Cluster_7556	1	0.0008		False
Cluster_8033	1	0.0008		False
Cluster_19943	1	0.0008		False
Cluster_24046	1	0.0008		False
Cluster_9687	1	0.0008		False
Cluster_20413	1	0.0008		False
Cluster_16910	1	0.0008		False
Cluster_23651	1	0.0008		False
Cluster_14685	1	0.0008		False
Cluster_7275	1	0.0008		False
Cluster_12363	1	0.0008		False
Cluster_14092	1	0.0008		False
Cluster_19860	1	0.0008		False
Cluster_19757	1	0.0008		False
Cluster_23670	1	0.0008		False
Cluster_21937	1	0.0008		False
Cluster_7749	1	0.0008		False
Cluster_15353	1	0.0008		False
Cluster_4782	1	0.0008		False
Cluster_7576	1	0.0008		False
Cluster_17398	1	0.0008		False
Cluster_371	1	0.0008		False
Cluster_18751	1	0.0008		False
Cluster_5478	1	0.0008		False
Cluster_22286	1	0.0008		False
Cluster_20561	1	0.0008		False
Cluster_14710	1	0.0008		False
Cluster_13494	1	0.0008		False
Cluster_25693	1	0.0008		False
Cluster_24138	1	0.0008		False
Cluster_20296	1	0.0008		False
Cluster_20988	1	0.0008		False
Cluster_12859	1	0.0008		False
Cluster_11419	1	0.0008		False
Cluster_20639	1	0.0008		False
Cluster_15869	1	0.0008		False
Cluster_22508	1	0.0008		False
Cluster_15061	1	0.0008		False
Cluster_22427	1	0.0008		False
Cluster_18023	1	0.0008		False
Cluster_12070	1	0.0008		False
Cluster_10717	1	0.0008		False
Cluster_3518	1	0.0008		False
Cluster_2114	1	0.0008		False
Cluster_1947	1	0.0008		False
Cluster_25017	1	0.0008		False
Cluster_5721	1	0.0008		False
Cluster_25148	1	0.0008		False
Cluster_2733	1	0.0008		False
Cluster_21042	1	0.0008		False
Cluster_20321	1	0.0008		False
Cluster_21916	1	0.0008		False
Cluster_14074	1	0.0008		False
Cluster_819	1	0.0008		False
Cluster_4606	1	0.0008		False
Cluster_3094	1	0.0008		False
Cluster_13226	1	0.0008		False
Cluster_17748	1	0.0008		False
Cluster_3846	1	0.0008		False
Cluster_22708	1	0.0008		False
Cluster_24870	1	0.0008		False
Cluster_10242	1	0.0008		False
Cluster_6769	1	0.0008		False
Cluster_18718	1	0.0008		False
Cluster_18683	1	0.0008		False
Cluster_18226	1	0.0008		False
Cluster_2192	1	0.0008		False
Cluster_6519	1	0.0008		False
Cluster_23704	1	0.0008		False
Cluster_4037	1	0.0008		False
Cluster_25822	1	0.0008		False
Cluster_13683	1	0.0008		False
Cluster_2115	1	0.0008		False
Cluster_10539	1	0.0008		False
Cluster_18885	1	0.0008		False
Cluster_7197	1	0.0008		False
Cluster_5324	1	0.0008		False
Cluster_22614	1	0.0008		False
Cluster_10975	1	0.0008		False
Cluster_25381	1	0.0008		False
Cluster_22289	1	0.0008		False
Cluster_12849	1	0.0008		False
Cluster_12041	1	0.0008		False
Cluster_6527	1	0.0008		False
Cluster_23987	1	0.0008		False
Cluster_14412	1	0.0008		False
Cluster_25831	1	0.0008		False
Cluster_10913	1	0.0008		False
Cluster_408	1	0.0008		False
Cluster_11115	1	0.0008		False
Cluster_7011	1	0.0008		False
Cluster_19668	1	0.0008		False
Cluster_15793	1	0.0008		False
Cluster_10252	1	0.0008		False
Cluster_24610	1	0.0008		False
Cluster_13023	1	0.0008		False
Cluster_3012	1	0.0008		False
Cluster_22168	1	0.0008		False
Cluster_19397	1	0.0008		False
Cluster_7239	1	0.0008		False
Cluster_18494	1	0.0008		False
Cluster_1725	1	0.0008		False
Cluster_20617	1	0.0008		False
Cluster_25928	1	0.0008		False
Cluster_24049	1	0.0008		False
Cluster_14281	1	0.0008		False
Cluster_20101	1	0.0008		False
Cluster_21052	1	0.0008		False
Cluster_12498	1	0.0008		False
Cluster_7915	1	0.0008		False
Cluster_14333	1	0.0008		False
Cluster_7083	1	0.0008		False
Cluster_15167	1	0.0008		False
Cluster_19123	1	0.0008		False
Cluster_19212	1	0.0008		False
Cluster_24243	1	0.0008		False
Cluster_7038	1	0.0008		False
Cluster_23994	1	0.0008		False
Cluster_10488	1	0.0008		False
Cluster_11385	1	0.0008		False
Cluster_21733	1	0.0008		False
Cluster_16189	1	0.0008		False
Cluster_9025	1	0.0008		False
Cluster_3991	1	0.0008		False
Cluster_11835	1	0.0008		False
Cluster_21919	1	0.0008		False
Cluster_17511	1	0.0008		False
Cluster_687	1	0.0008		False
Cluster_6230	1	0.0008		False
Cluster_5282	1	0.0008		False
Cluster_4198	1	0.0008		False
Cluster_6294	1	0.0008		False
Cluster_6723	1	0.0008		False
Cluster_17054	1	0.0008		False
Cluster_13770	1	0.0008		False
Cluster_12157	1	0.0008		False
Cluster_21533	1	0.0008		False
Cluster_15343	1	0.0008		False
Cluster_23810	1	0.0008		False
Cluster_19747	1	0.0008		False
Cluster_685	1	0.0008		False
Cluster_25233	1	0.0008		False
Cluster_13551	1	0.0008		False
Cluster_8397	1	0.0008		False
Cluster_18487	1	0.0008		False
Cluster_12856	1	0.0008		False
Cluster_8582	1	0.0008		False
Cluster_1632	1	0.0008		False
Cluster_6972	1	0.0008		False
Cluster_23641	1	0.0008		False
Cluster_19834	1	0.0008		False
Cluster_20179	1	0.0008		False
Cluster_25111	1	0.0008		False
Cluster_19384	1	0.0008		False
Cluster_9661	1	0.0008		False
Cluster_24678	1	0.0008		False
Cluster_7274	1	0.0008		False
Cluster_2028	1	0.0008		False
Cluster_1410	1	0.0008		False
Cluster_1084	1	0.0008		False
Cluster_23354	1	0.0008		False
Cluster_10917	1	0.0008		False
Cluster_23470	1	0.0008		False
Cluster_3054	1	0.0008		False
Cluster_12890	1	0.0008		False
Cluster_4353	1	0.0008		False
Cluster_13027	1	0.0008		False
Cluster_13260	1	0.0008		False
Cluster_15797	1	0.0008		False
Cluster_19393	1	0.0008		False
Cluster_3283	1	0.0008		False
Cluster_1108	1	0.0008		False
Cluster_20613	1	0.0008		False
Cluster_22802	1	0.0008		False
Cluster_3238	1	0.0008		False
Cluster_16804	1	0.0008		False
Cluster_14910	1	0.0008		False
Cluster_25216	1	0.0008		False
Cluster_815	1	0.0008		False
Cluster_9487	1	0.0008		False
Cluster_852	1	0.0008		False
Cluster_21516	1	0.0008		False
Cluster_14485	1	0.0008		False
Cluster_6805	1	0.0008		False
Cluster_17308	1	0.0008		False
Cluster_522	1	0.0008		False
Cluster_15597	1	0.0008		False
Cluster_1619	1	0.0008		False
Cluster_9131	1	0.0008		False
Cluster_12238	1	0.0008		False
Cluster_5658	1	0.0008		False
Cluster_13687	1	0.0008		False
Cluster_16778	1	0.0008		False
Cluster_3074	1	0.0008		False
Cluster_12914	1	0.0008		False
Cluster_16025	1	0.0008		False
Cluster_20097	1	0.0008		False
Cluster_21716	1	0.0008		False
Cluster_20961	1	0.0008		False
Cluster_943	1	0.0008		False
Cluster_1627	1	0.0008		False
Cluster_11177	1	0.0008		False
Cluster_20588	1	0.0008		False
Cluster_14316	1	0.0008		False
Cluster_2466	1	0.0008		False
Cluster_21537	1	0.0008		False
Cluster_8691	1	0.0008		False
Cluster_24712	1	0.0008		False
Cluster_3866	1	0.0008		False
Cluster_25237	1	0.0008		False
Cluster_9118	1	0.0008		False
Cluster_22598	1	0.0008		False
Cluster_4406	1	0.0008		False
Cluster_13301	1	0.0008		False
Cluster_14978	1	0.0008		False
Cluster_5580	1	0.0008		False
Cluster_1803	1	0.0008		False
Cluster_20624	1	0.0008		False
Cluster_20206	1	0.0008		False
Cluster_16074	1	0.0008		False
Cluster_16510	1	0.0008		False
Cluster_26059	1	0.0008		False
Cluster_18376	1	0.0008		False
Cluster_22072	1	0.0008		False
Cluster_13404	1	0.0008		False
Cluster_25603	1	0.0008		False
Cluster_22627	1	0.0008		False
Cluster_5498	1	0.0008		False
Cluster_15163	1	0.0008		False
Cluster_3039	1	0.0008		False
Cluster_18951	1	0.0008		False
Cluster_2217	1	0.0008		False
Cluster_20084	1	0.0008		False
Cluster_1967	1	0.0008		False
Cluster_11040	1	0.0008		False
Cluster_18121	1	0.0008		False
Cluster_5013	1	0.0008		False
Cluster_9881	1	0.0008		False
Cluster_13694	1	0.0008		False
Cluster_25493	1	0.0008		False
Cluster_9609	1	0.0008		False
Cluster_18970	1	0.0008		False
Cluster_2229	1	0.0008		False
Cluster_7295	1	0.0008		False
Cluster_16710	1	0.0008		False
Cluster_11619	1	0.0008		False
Cluster_11284	1	0.0008		False
Cluster_6255	1	0.0008		False
Cluster_7212	1	0.0008		False
Cluster_12153	1	0.0008		False
Cluster_13970	1	0.0008		False
Cluster_20417	1	0.0008		False
Cluster_11637	1	0.0008		False
Cluster_9381	1	0.0008		False
Cluster_18694	1	0.0008		False
Cluster_20003	1	0.0008		False
Cluster_12698	1	0.0008		False
Cluster_4178	1	0.0008		False
Cluster_12727	1	0.0008		False
Cluster_12367	1	0.0008		False
Cluster_15820	1	0.0008		False
Cluster_13132	1	0.0008		False
Cluster_20135	1	0.0008		False
Cluster_3971	1	0.0008		False
Cluster_689	1	0.0008		False
Cluster_21719	1	0.0008		False
Cluster_19753	1	0.0008		False
Cluster_7936	1	0.0008		False
Cluster_17663	1	0.0008		False
Cluster_24410	1	0.0008		False
Cluster_23794	1	0.0008		False
Cluster_14319	1	0.0008		False
Cluster_19468	1	0.0008		False
Cluster_785	1	0.0008		False
Cluster_15503	1	0.0008		False
Cluster_7294	1	0.0008		False
Cluster_16412	1	0.0008		False
Cluster_7723	1	0.0008		False
Cluster_12527	1	0.0008		False
Cluster_9867	1	0.0008		False
Cluster_12408	1	0.0008		False
Cluster_20250	1	0.0008		False
Cluster_2957	1	0.0008		False
Cluster_12143	1	0.0008		False
Cluster_14612	1	0.0008		False
Cluster_11071	1	0.0008		False
Cluster_21854	1	0.0008		False
Cluster_11879	1	0.0008		False
Cluster_23594	1	0.0008		False
Cluster_24257	1	0.0008		False
Cluster_18941	1	0.0008		False
Cluster_25805	1	0.0008		False
Cluster_15703	1	0.0008		False
Cluster_3366	1	0.0008		False
Cluster_1696	1	0.0008		False
Cluster_20271	1	0.0008		False
Cluster_11050	1	0.0008		False
Cluster_22311	1	0.0008		False
Cluster_6038	1	0.0008		False
Cluster_25219	1	0.0008		False
Cluster_13483	1	0.0008		False
Cluster_1981	1	0.0008		False
Cluster_20873	1	0.0008		False
Cluster_14268	1	0.0008		False
Cluster_25013	1	0.0008		False
Cluster_720	1	0.0008		False
Cluster_18672	1	0.0008		False
Cluster_10775	1	0.0008		False
Cluster_7177	1	0.0008		False
Cluster_25528	1	0.0008		False
Cluster_22181	1	0.0008		False
Cluster_13234	1	0.0008		False
Cluster_6011	1	0.0008		False
Cluster_87	1	0.0008		False
Cluster_5067	1	0.0008		False
Cluster_1913	1	0.0008		False
Cluster_6305	1	0.0008		False
Cluster_1432	1	0.0008		False
Cluster_10513	1	0.0008		False
Cluster_2263	1	0.0008		False
Cluster_10028	1	0.0008		False
Cluster_2136	1	0.0008		False
Cluster_18687	1	0.0008		False
Cluster_20436	1	0.0008		False
Cluster_11616	1	0.0008		False
Cluster_7157	1	0.0008		False
Cluster_25697	1	0.0008		False
Cluster_7527	1	0.0008		False
Cluster_23587	1	0.0008		False
Cluster_9313	1	0.0008		False
Cluster_19829	1	0.0008		False
Cluster_15993	1	0.0008		False
Cluster_23572	1	0.0008		False
Cluster_354	1	0.0008		False
Cluster_20209	1	0.0008		False
Cluster_14189	1	0.0008		False
Cluster_2152	1	0.0008		False
Cluster_19021	1	0.0008		False
Cluster_18027	1	0.0008		False
Cluster_7519	1	0.0008		False
Cluster_10939	1	0.0008		False
Cluster_18260	1	0.0008		False
Cluster_22358	1	0.0008		False
Cluster_4853	1	0.0008		False
Cluster_6701	1	0.0008		False
Cluster_25466	1	0.0008		False
Cluster_24132	1	0.0008		False
Cluster_3410	1	0.0008		False
Cluster_3084	1	0.0008		False
Cluster_12590	1	0.0008		False
Cluster_15276	1	0.0008		False
Cluster_4338	1	0.0008		False
Cluster_24970	1	0.0008		False
Cluster_6822	1	0.0008		False
Cluster_1238	1	0.0008		False
Cluster_3108	1	0.0008		False
Cluster_23319	1	0.0008		False
Cluster_2065	1	0.0008		False
Cluster_14794	1	0.0008		False
Cluster_818	1	0.0008		False
Cluster_17542	1	0.0008		False
Cluster_21816	1	0.0008		False
Cluster_26023	1	0.0008		False
Cluster_21394	1	0.0008		False
Cluster_9457	1	0.0008		False
Cluster_22456	1	0.0008		False
Cluster_11161	1	0.0008		False
Cluster_18247	1	0.0008		False
Cluster_12790	1	0.0008		False
Cluster_5599	1	0.0008		False
Cluster_746	1	0.0008		False
Cluster_15969	1	0.0008		False
Cluster_23612	1	0.0008		False
Cluster_15897	1	0.0008		False
Cluster_21117	1	0.0008		False
Cluster_24376	1	0.0008		False
Cluster_16987	1	0.0008		False
Cluster_764	1	0.0008		False
Cluster_5633	1	0.0008		False
Cluster_5071	1	0.0008		False
Cluster_8800	1	0.0008		False
Cluster_24483	1	0.0008		False
Cluster_692	1	0.0008		False
Cluster_9477	1	0.0008		False
Cluster_2403	1	0.0008		False
Cluster_16972	1	0.0008		False
Cluster_18712	1	0.0008		False
Cluster_3273	1	0.0008		False
Cluster_20338	1	0.0008		False
Cluster_10615	1	0.0008		False
Cluster_22974	1	0.0008		False
Cluster_22702	1	0.0008		False
Cluster_17450	1	0.0008		False
Cluster_17374	1	0.0008		False
Cluster_20888	1	0.0008		False
Cluster_4792	1	0.0008		False
Cluster_21837	1	0.0008		False
Cluster_13478	1	0.0008		False
Cluster_16641	1	0.0008		False
Cluster_12306	1	0.0008		False
Cluster_8514	1	0.0008		False
Cluster_26014	1	0.0008		False
Cluster_5975	1	0.0008		False
Cluster_5766	1	0.0008		False
Cluster_22898	1	0.0008		False
Cluster_3803	1	0.0008		False
Cluster_5120	1	0.0008		False
Cluster_14441	1	0.0008		False
Cluster_12946	1	0.0008		False
Cluster_25620	1	0.0008		False
Cluster_7337	1	0.0008		False
Cluster_25165	1	0.0008		False
Cluster_23268	1	0.0008		False
Cluster_14787	1	0.0008		False
Cluster_17699	1	0.0008		False
Cluster_9774	1	0.0008		False
Cluster_18090	1	0.0008		False
Cluster_19526	1	0.0008		False
Cluster_2332	1	0.0008		False
Cluster_24918	1	0.0008		False
Cluster_9871	1	0.0008		False
Cluster_19960	1	0.0008		False
Cluster_2376	1	0.0008		False
Cluster_21372	1	0.0008		False
Cluster_15495	1	0.0008		False
Cluster_8270	1	0.0008		False
Cluster_17325	1	0.0008		False
Cluster_8932	1	0.0008		False
Cluster_8976	1	0.0008		False
Cluster_14587	1	0.0008		False
Cluster_4564	1	0.0008		False
Cluster_14098	1	0.0008		False
Cluster_22230	1	0.0008		False
Cluster_15431	1	0.0008		False
Cluster_24812	1	0.0008		False
Cluster_25080	1	0.0008		False
Cluster_8765	1	0.0008		False
Cluster_11654	1	0.0008		False
Cluster_22449	1	0.0008		False
Cluster_15605	1	0.0008		False
Cluster_9851	1	0.0008		False
Cluster_16994	1	0.0008		False
Cluster_15334	1	0.0008		False
Cluster_23189	1	0.0008		False
Cluster_6285	1	0.0008		False
Cluster_21544	1	0.0008		False
Cluster_5214	1	0.0008		False
Cluster_17392	1	0.0008		False
Cluster_19726	1	0.0008		False
Cluster_19218	1	0.0008		False
Cluster_24260	1	0.0008		False
Cluster_15966	1	0.0008		False
Cluster_16670	1	0.0008		False
Cluster_9351	1	0.0008		False
Cluster_9966	1	0.0008		False
Cluster_8216	1	0.0008		False
Cluster_11067	1	0.0008		False
Cluster_14354	1	0.0008		False
Cluster_10482	1	0.0008		False
Cluster_11991	1	0.0008		False
Cluster_24379	1	0.0008		False
Cluster_15520	1	0.0008		False
Cluster_293	1	0.0008		False
Cluster_14470	1	0.0008		False
Cluster_4960	1	0.0008		False
Cluster_23910	1	0.0008		False
Cluster_8515	1	0.0008		False
Cluster_1748	1	0.0008		False
Cluster_12126	1	0.0008		False
Cluster_10477	1	0.0008		False
Cluster_20267	1	0.0008		False
Cluster_20020	1	0.0008		False
Cluster_9249	1	0.0008		False
Cluster_8592	1	0.0008		False
Cluster_4714	1	0.0008		False
Cluster_12827	1	0.0008		False
Cluster_4188	1	0.0008		False
Cluster_13090	1	0.0008		False
Cluster_4133	1	0.0008		False
Cluster_15720	1	0.0008		False
Cluster_10005	1	0.0008		False
Cluster_5292	1	0.0008		False
Cluster_15279	1	0.0008		False
Cluster_2987	1	0.0008		False
Cluster_9755	1	0.0008		False
Cluster_11579	1	0.0008		False
Cluster_4266	1	0.0008		False
Cluster_5215	1	0.0008		False
Cluster_5516	1	0.0008		False
Cluster_25505	1	0.0008		False
Cluster_4004	1	0.0008		False
Cluster_23316	1	0.0008		False
Cluster_14983	1	0.0008		False
Cluster_8861	1	0.0008		False
Cluster_3696	1	0.0008		False
Cluster_23894	1	0.0008		False
Cluster_9260	1	0.0008		False
Cluster_18478	1	0.0008		False
Cluster_22264	1	0.0008		False
Cluster_12474	1	0.0008		False
Cluster_11935	1	0.0008		False
Cluster_16262	1	0.0008		False
Cluster_5954	1	0.0008		False
Cluster_22459	1	0.0008		False
Cluster_12350	1	0.0008		False
Cluster_6053	1	0.0008		False
Cluster_21819	1	0.0008		False
Cluster_7418	1	0.0008		False
Cluster_7982	1	0.0008		False
Cluster_23978	1	0.0008		False
Cluster_2064	1	0.0008		False
Cluster_2505	1	0.0008		False
Cluster_20573	1	0.0008		False
Cluster_17406	1	0.0008		False
Cluster_19251	1	0.0008		False
Cluster_5143	1	0.0008		False
Cluster_18257	1	0.0008		False
Cluster_13712	1	0.0008		False
Cluster_24404	1	0.0008		False
Cluster_16783	1	0.0008		False
Cluster_3085	1	0.0008		False
Cluster_3913	1	0.0008		False
Cluster_20715	1	0.0008		False
Cluster_19270	1	0.0008		False
Cluster_15073	1	0.0008		False
Cluster_10813	1	0.0008		False
Cluster_8647	1	0.0008		False
Cluster_12425	1	0.0008		False
Cluster_19369	1	0.0008		False
Cluster_5939	1	0.0008		False
Cluster_11501	1	0.0008		False
Cluster_15201	1	0.0008		False
Cluster_16164	1	0.0008		False
Cluster_22400	1	0.0008		False
Cluster_19662	1	0.0008		False
Cluster_20773	1	0.0008		False
Cluster_17440	1	0.0008		False
Cluster_23872	1	0.0008		False
Cluster_4838	1	0.0008		False
Cluster_12492	1	0.0008		False
Cluster_4417	1	0.0008		False
Cluster_16583	1	0.0008		False
Cluster_25922	1	0.0008		False
Cluster_1075	1	0.0008		False
Cluster_6618	1	0.0008		False
Cluster_4354	1	0.0008		False
Cluster_23720	1	0.0008		False
Cluster_14088	1	0.0008		False
Cluster_1992	1	0.0008		False
Cluster_13469	1	0.0008		False
Cluster_5349	1	0.0008		False
Cluster_17821	1	0.0008		False
Cluster_6696	1	0.0008		False
Cluster_1915	1	0.0008		False
Cluster_22977	1	0.0008		False
Cluster_7656	1	0.0008		False
Cluster_8571	1	0.0008		False
Cluster_2265	1	0.0008		False
Cluster_23279	1	0.0008		False
Cluster_953	1	0.0008		False
Cluster_9814	1	0.0008		False
Cluster_2750	1	0.0008		False
Cluster_23199	1	0.0008		False
Cluster_13505	1	0.0008		False
Cluster_15894	1	0.0008		False
Cluster_10590	1	0.0008		False
Cluster_2566	1	0.0008		False
Cluster_5251	1	0.0008		False
Cluster_9711	1	0.0008		False
Cluster_21114	1	0.0008		False
Cluster_18620	1	0.0008		False
Cluster_18165	1	0.0008		False
Cluster_12673	1	0.0008		False
Cluster_1254	1	0.0008		False
Cluster_16353	1	0.0008		False
Cluster_20702	1	0.0008		False
Cluster_189	1	0.0008		False
Cluster_7632	1	0.0008		False
Cluster_17214	1	0.0008		False
Cluster_23966	1	0.0008		False
Cluster_14628	1	0.0008		False
Cluster_10959	1	0.0008		False
Cluster_3073	1	0.0008		False
Cluster_44	1	0.0008		False
Cluster_20974	1	0.0008		False
Cluster_5360	1	0.0008		False
Cluster_4374	1	0.0008		False
Cluster_23520	1	0.0008		False
Cluster_18244	1	0.0008		False
Cluster_21397	1	0.0008		False
Cluster_5407	1	0.0008		False
Cluster_21668	1	0.0008		False
Cluster_579	1	0.0008		False
Cluster_10129	1	0.0008		False
Cluster_15910	1	0.0008		False
Cluster_1274	1	0.0008		False
Cluster_2637	1	0.0008		False
Cluster_15485	1	0.0008		False
Cluster_2770	1	0.0008		False
Cluster_23803	1	0.0008		False
Cluster_18080	1	0.0008		False
Cluster_13705	1	0.0008		False
Cluster_16061	1	0.0008		False
Cluster_21123	1	0.0008		False
Cluster_23201	1	0.0008		False
Cluster_5801	1	0.0008		False
Cluster_1804	1	0.0008		False
Cluster_21212	1	0.0008		False
Cluster_16997	1	0.0008		False
Cluster_20925	1	0.0008		False
Cluster_19733	1	0.0008		False
Cluster_5598	1	0.0008		False
Cluster_3618	1	0.0008		False
Cluster_23015	1	0.0008		False
Cluster_15337	1	0.0008		False
Cluster_21953	1	0.0008		False
Cluster_1701	1	0.0008		False
Cluster_19919	1	0.0008		False
Cluster_8842	1	0.0008		False
Cluster_6456	1	0.0008		False
Cluster_13931	1	0.0008		False
Cluster_3322	1	0.0008		False
Cluster_18466	1	0.0008		False
Cluster_13152	1	0.0008		False
Cluster_20898	1	0.0008		False
Cluster_15872	1	0.0008		False
Cluster_234	1	0.0008		False
Cluster_11657	1	0.0008		False
Cluster_10306	1	0.0008		False
Cluster_14907	1	0.0008		False
Cluster_12580	1	0.0008		False
Cluster_6085	1	0.0008		False
Cluster_4506	1	0.0008		False
Cluster_21481	1	0.0008		False
Cluster_6476	1	0.0008		False
Cluster_15978	1	0.0008		False
Cluster_11030	1	0.0008		False
Cluster_14347	1	0.0008		False
Cluster_24237	1	0.0008		False
Cluster_21834	1	0.0008		False
Cluster_18142	1	0.0008		False
Cluster_20449	1	0.0008		False
Cluster_24603	1	0.0008		False
Cluster_10900	1	0.0008		False
Cluster_17112	1	0.0008		False
Cluster_15186	1	0.0008		False
Cluster_13995	1	0.0008		False
Cluster_2799	1	0.0008		False
Cluster_9500	1	0.0008		False
Cluster_7725	1	0.0008		False
Cluster_17223	1	0.0008		False
Cluster_3109	1	0.0008		False
Cluster_17686	1	0.0008		False
Cluster_23897	1	0.0008		False
Cluster_23969	1	0.0008		False
Cluster_13142	1	0.0008		False
Cluster_19065	1	0.0008		False
Cluster_9049	1	0.0008		False
Cluster_6162	1	0.0008		False
Cluster_11647	1	0.0008		False
Cluster_9904	1	0.0008		False
Cluster_10126	1	0.0008		False
Cluster_6627	1	0.0008		False
Cluster_6273	1	0.0008		False
Cluster_18995	1	0.0008		False
Cluster_4839	1	0.0008		False
Cluster_7947	1	0.0008		False
Cluster_8016	1	0.0008		False
Cluster_20145	1	0.0008		False
Cluster_18828	1	0.0008		False
Cluster_21943	1	0.0008		False
Cluster_5705	1	0.0008		False
Cluster_19180	1	0.0008		False
Cluster_7821	1	0.0008		False
Cluster_3822	1	0.0008		False
Cluster_10350	1	0.0008		False
Cluster_23276	1	0.0008		False
Cluster_20264	1	0.0008		False
Cluster_7724	1	0.0008		False
Cluster_7293	1	0.0008		False
Cluster_21860	1	0.0008		False
Cluster_1304	1	0.0008		False
Cluster_5015	1	0.0008		False
Cluster_24024	1	0.0008		False
Cluster_12211	1	0.0008		False
Cluster_19937	1	0.0008		False
Cluster_25985	1	0.0008		False
Cluster_21757	1	0.0008		False
Cluster_23196	1	0.0008		False
Cluster_8706	1	0.0008		False
Cluster_8342	1	0.0008		False
Cluster_16793	1	0.0008		False
Cluster_12005	1	0.0008		False
Cluster_10827	1	0.0008		False
Cluster_2006	1	0.0008		False
Cluster_11768	1	0.0008		False
Cluster_1255	1	0.0008		False
Cluster_11453	1	0.0008		False
Cluster_10602	1	0.0008		False
Cluster_7142	1	0.0008		False
Cluster_24728	1	0.0008		False
Cluster_24697	1	0.0008		False
Cluster_3285	1	0.0008		False
Cluster_7419	1	0.0008		False
Cluster_16167	1	0.0008		False
Cluster_4948	1	0.0008		False
Cluster_1556	1	0.0008		False
Cluster_4355	1	0.0008		False
Cluster_23605	1	0.0008		False
Cluster_14993	1	0.0008		False
Cluster_23422	1	0.0008		False
Cluster_22573	1	0.0008		False
Cluster_5860	1	0.0008		False
Cluster_24407	1	0.0008		False
Cluster_26111	1	0.0008		False
Cluster_25478	1	0.0008		False
Cluster_10492	1	0.0008		False
Cluster_13165	1	0.0008		False
Cluster_15268	1	0.0008		False
Cluster_24013	1	0.0008		False
Cluster_13620	1	0.0008		False
Cluster_19042	1	0.0008		False
Cluster_2716	1	0.0008		False
Cluster_10949	1	0.0008		False
Cluster_12875	1	0.0008		False
Cluster_22773	1	0.0008		False
Cluster_12258	1	0.0008		False
Cluster_16343	1	0.0008		False
Cluster_7610	1	0.0008		False
Cluster_10309	1	0.0008		False
Cluster_18254	1	0.0008		False
Cluster_4375	1	0.0008		False
Cluster_6803	1	0.0008		False
Cluster_8682	1	0.0008		False
Cluster_4751	1	0.0008		False
Cluster_16903	1	0.0008		False
Cluster_6366	1	0.0008		False
Cluster_20094	1	0.0008		False
Cluster_7991	1	0.0008		False
Cluster_4384	1	0.0008		False
Cluster_25376	1	0.0008		False
Cluster_3992	1	0.0008		False
Cluster_20802	1	0.0008		False
Cluster_7686	1	0.0008		False
Cluster_19113	1	0.0008		False
Cluster_22788	1	0.0008		False
Cluster_5499	1	0.0008		False
Cluster_14969	1	0.0008		False
Cluster_3083	1	0.0008		False
Cluster_3915	1	0.0008		False
Cluster_6951	1	0.0008		False
Cluster_265	1	0.0008		False
Cluster_17532	1	0.0008		False
Cluster_15594	1	0.0008		False
Cluster_10890	1	0.0008		False
Cluster_13805	1	0.0008		False
Cluster_25483	1	0.0008		False
Cluster_3254	1	0.0008		False
Cluster_19231	1	0.0008		False
Cluster_2228	1	0.0008		False
Cluster_9577	1	0.0008		False
Cluster_25970	1	0.0008		False
Cluster_5634	1	0.0008		False
Cluster_6971	1	0.0008		False
Cluster_21038	1	0.0008		False
Cluster_6748	1	0.0008		False
Cluster_4767	1	0.0008		False
Cluster_25132	1	0.0008		False
Cluster_9119	1	0.0008		False
Cluster_17721	1	0.0008		False
Cluster_17361	1	0.0008		False
Cluster_3510	1	0.0008		False
Cluster_9127	1	0.0008		False
Cluster_10914	1	0.0008		False
Cluster_22675	1	0.0008		False
Cluster_16140	1	0.0008		False
Cluster_10238	1	0.0008		False
Cluster_9557	1	0.0008		False
Cluster_25951	1	0.0008		False
Cluster_9442	1	0.0008		False
Cluster_14196	1	0.0008		False
Cluster_23503	1	0.0008		False
Cluster_2404	1	0.0008		False
Cluster_8146	1	0.0008		False
Cluster_13024	1	0.0008		False
Cluster_15098	1	0.0008		False
Cluster_12936	1	0.0008		False
Cluster_20072	1	0.0008		False
Cluster_17246	1	0.0008		False
Cluster_13697	1	0.0008		False
Cluster_14431	1	0.0008		False
Cluster_25812	1	0.0008		False
Cluster_13728	1	0.0008		False
Cluster_5659	1	0.0008		False
Cluster_24080	1	0.0008		False
Cluster_4644	1	0.0008		False
Cluster_16631	1	0.0008		False
Cluster_21847	1	0.0008		False
Cluster_11287	1	0.0008		False
Cluster_8513	1	0.0008		False
Cluster_1618	1	0.0008		False
Cluster_7702	1	0.0008		False
Cluster_11192	1	0.0008		False
Cluster_5470	1	0.0008		False
Cluster_17053	1	0.0008		False
Cluster_21100	1	0.0008		False
Cluster_19124	1	0.0008		False
Cluster_16405	1	0.0008		False
Cluster_24244	1	0.0008		False
Cluster_23993	1	0.0008		False
Cluster_14884	1	0.0008		False
Cluster_14422	1	0.0008		False
Cluster_20598	1	0.0008		False
Cluster_21734	1	0.0008		False
Cluster_2707	1	0.0008		False
Cluster_14605	1	0.0008		False
Cluster_19954	1	0.0008		False
Cluster_21462	1	0.0008		False
Cluster_3305	1	0.0008		False
Cluster_19833	1	0.0008		False
Cluster_15441	1	0.0008		False
Cluster_12880	1	0.0008		False
Cluster_22240	1	0.0008		False
Cluster_13013	1	0.0008		False
Cluster_19383	1	0.0008		False
Cluster_11955	1	0.0008		False
Cluster_24165	1	0.0008		False
Cluster_3011	1	0.0008		False
Cluster_10923	1	0.0008		False
Cluster_13528	1	0.0008		False
Cluster_8080	1	0.0008		False
Cluster_7768	1	0.0008		False
Cluster_9922	1	0.0008		False
Cluster_11125	1	0.0008		False
Cluster_17200	1	0.0008		False
Cluster_16769	1	0.0008		False
Cluster_25918	1	0.0008		False
Cluster_15344	1	0.0008		False
Cluster_21534	1	0.0008		False
Cluster_2017	1	0.0008		False
Cluster_22084	1	0.0008		False
Cluster_14495	1	0.0008		False
Cluster_16082	1	0.0008		False
Cluster_4135	1	0.0008		False
Cluster_1109	1	0.0008		False
Cluster_15904	1	0.0008		False
Cluster_20627	1	0.0008		False
Cluster_16695	1	0.0008		False
Cluster_15772	1	0.0008		False
Cluster_21146	1	0.0008		False
Cluster_19476	1	0.0008		False
Cluster_3239	1	0.0008		False
Cluster_192	1	0.0008		False
Cluster_24254	1	0.0008		False
Cluster_19304	1	0.0008		False
Cluster_22135	1	0.0008		False
Cluster_14720	1	0.0008		False
Cluster_14360	1	0.0008		False
Cluster_19635	1	0.0008		False
Cluster_23088	1	0.0008		False
Cluster_4645	1	0.0008		False
Cluster_12524	1	0.0008		False
Cluster_3805	1	0.0008		False
Cluster_19401	1	0.0008		False
Cluster_24505	1	0.0008		False
Cluster_17043	1	0.0008		False
Cluster_6074	1	0.0008		False
Cluster_15983	1	0.0008		False
Cluster_22417	1	0.0008		False
Cluster_14199	1	0.0008		False
Cluster_20311	1	0.0008		False
Cluster_21926	1	0.0008		False
Cluster_1822	1	0.0008		False
Cluster_14520	1	0.0008		False
Cluster_25379	1	0.0008		False
Cluster_22271	1	0.0008		False
Cluster_23797	1	0.0008		False
Cluster_14966	1	0.0008		False
Cluster_25027	1	0.0008		False
Cluster_4134	1	0.0008		False
Cluster_11945	1	0.0008		False
Cluster_7030	1	0.0008		False
Cluster_14803	1	0.0008		False
Cluster_18728	1	0.0008		False
Cluster_10143	1	0.0008		False
Cluster_15451	1	0.0008		False
Cluster_22	1	0.0008		False
Cluster_8492	1	0.0008		False
Cluster_4003	1	0.0008		False
Cluster_12364	1	0.0008		False
Cluster_12724	1	0.0008		False
Cluster_19691	1	0.0008		False
Cluster_11305	1	0.0008		False
Cluster_8415	1	0.0008		False
Cluster_9196	1	0.0008		False
Cluster_2063	1	0.0008		False
Cluster_18024	1	0.0008		False
Cluster_16766	1	0.0008		False
Cluster_5144	1	0.0008		False
Cluster_20181	1	0.0008		False
Cluster_6211	1	0.0008		False
Cluster_3255	1	0.0008		False
Cluster_5267	1	0.0008		False
Cluster_339	1	0.0008		False
Cluster_166	1	0.0008		False
Cluster_3556	1	0.0008		False
Cluster_4385	1	0.0008		False
Cluster_6039	1	0.0008		False
Cluster_3760	1	0.0008		False
Cluster_8636	1	0.0008		False
Cluster_3126	1	0.0008		False
Cluster_3914	1	0.0008		False
Cluster_144	1	0.0008		False
Cluster_16235	1	0.0008		False
Cluster_11962	1	0.0008		False
Cluster_24152	1	0.0008		False
Cluster_16566	1	0.0008		False
Cluster_18805	1	0.0008		False
Cluster_4179	1	0.0008		False
Cluster_17249	1	0.0008		False
Cluster_24828	1	0.0008		False
Cluster_12939	1	0.0008		False
Cluster_22815	1	0.0008		False
Cluster_20358	1	0.0008		False
Cluster_22209	1	0.0008		False
Cluster_25301	1	0.0008		False
Cluster_20423	1	0.0008		False
Cluster_2405	1	0.0008		False
Cluster_23907	1	0.0008		False
Cluster_11868	1	0.0008		False
Cluster_15418	1	0.0008		False
Cluster_771	1	0.0008		False
Cluster_24995	1	0.0008		False
Cluster_8567	1	0.0008		False
Cluster_8652	1	0.0008		False
Cluster_4781	1	0.0008		False
Cluster_11737	1	0.0008		False
Cluster_4329	1	0.0008		False
Cluster_6264	1	0.0008		False
Cluster_4286	1	0.0008		False
Cluster_21040	1	0.0008		False
Cluster_25163	1	0.0008		False
Cluster_24337	1	0.0008		False
Cluster_12627	1	0.0008		False
Cluster_4168	1	0.0008		False
Cluster_9857	1	0.0008		False
Cluster_21619	1	0.0008		False
Cluster_21284	1	0.0008		False
Cluster_3810	1	0.0008		False
Cluster_20880	1	0.0008		False
Cluster_7962	1	0.0008		False
Cluster_24872	1	0.0008		False
Cluster_7735	1	0.0008		False
Cluster_23694	1	0.0008		False
Cluster_15493	1	0.0008		False
Cluster_1386	1	0.0008		False
Cluster_17323	1	0.0008		False
Cluster_6006	1	0.0008		False
Cluster_4585	1	0.0008		False
Cluster_1229	1	0.0008		False
Cluster_359	1	0.0008		False
Cluster_4317	1	0.0008		False
Cluster_9280	1	0.0008		False
Cluster_25907	1	0.0008		False
Cluster_21312	1	0.0008		False
Cluster_10624	1	0.0008		False
Cluster_23301	1	0.0008		False
Cluster_24978	1	0.0008		False
Cluster_9691	1	0.0008		False
Cluster_21006	1	0.0008		False
Cluster_25347	1	0.0008		False
Cluster_4102	1	0.0008		False
Cluster_8118	1	0.0008		False
Cluster_19845	1	0.0008		False
Cluster_23941	1	0.0008		False
Cluster_7331	1	0.0008		False
Cluster_12072	1	0.0008		False
Cluster_23404	1	0.0008		False
Cluster_24186	1	0.0008		False
Cluster_26074	1	0.0008		False
Cluster_4980	1	0.0008		False
Cluster_16851	1	0.0008		False
Cluster_8131	1	0.0008		False
Cluster_3621	1	0.0008		False
Cluster_18904	1	0.0008		False
Cluster_17896	1	0.0008		False
Cluster_19862	1	0.0008		False
Cluster_14090	1	0.0008		False
Cluster_12348	1	0.0008		False
Cluster_21297	1	0.0008		False
Cluster_16046	1	0.0008		False
Cluster_9471	1	0.0008		False
Cluster_2619	1	0.0008		False
Cluster_25597	1	0.0008		False
Cluster_21182	1	0.0008		False
Cluster_12908	1	0.0008		False
Cluster_5077	1	0.0008		False
Cluster_17411	1	0.0008		False
Cluster_2627	1	0.0008		False
Cluster_19781	1	0.0008		False
Cluster_13983	1	0.0008		False
Cluster_1466	1	0.0008		False
Cluster_19447	1	0.0008		False
Cluster_4863	1	0.0008		False
Cluster_10588	1	0.0008		False
Cluster_6942	1	0.0008		False
Cluster_18441	1	0.0008		False
Cluster_917	1	0.0008		False
Cluster_10097	1	0.0008		False
Cluster_7318	1	0.0008		False
Cluster_11716	1	0.0008		False
Cluster_10961	1	0.0008		False
Cluster_24002	1	0.0008		False
Cluster_21876	1	0.0008		False
Cluster_23260	1	0.0008		False
Cluster_25628	1	0.0008		False
Cluster_17277	1	0.0008		False
Cluster_13470	1	0.0008		False
Cluster_23379	1	0.0008		False
Cluster_2410	1	0.0008		False
Cluster_2084	1	0.0008		False
Cluster_1028	1	0.0008		False
Cluster_20917	1	0.0008		False
Cluster_13354	1	0.0008		False
Cluster_18572	1	0.0008		False
Cluster_915	1	0.0008		False
Cluster_19968	1	0.0008		False
Cluster_24910	1	0.0008		False
Cluster_12094	1	0.0008		False
Cluster_8487	1	0.0008		False
Cluster_24485	1	0.0008		False
Cluster_952	1	0.0008		False
Cluster_18587	1	0.0008		False
Cluster_26092	1	0.0008		False
Cluster_16818	1	0.0008		False
Cluster_2108	1	0.0008		False
Cluster_13451	1	0.0008		False
Cluster_5057	1	0.0008		False
Cluster_684	1	0.0008		False
Cluster_2253	1	0.0008		False
Cluster_19457	1	0.0008		False
Cluster_13587	1	0.0008		False
Cluster_20575	1	0.0008		False
Cluster_8313	1	0.0008		False
Cluster_5448	1	0.0008		False
Cluster_21801	1	0.0008		False
Cluster_21009	1	0.0008		False
Cluster_23812	1	0.0008		False
Cluster_15728	1	0.0008		False
Cluster_15697	1	0.0008		False
Cluster_13098	1	0.0008		False
Cluster_10815	1	0.0008		False
Cluster_12358	1	0.0008		False
Cluster_15075	1	0.0008		False
Cluster_16785	1	0.0008		False
Cluster_20713	1	0.0008		False
Cluster_3182	1	0.0008		False
Cluster_1152	1	0.0008		False
Cluster_12423	1	0.0008		False
Cluster_16056	1	0.0008		False
Cluster_18354	1	0.0008		False
Cluster_24189	1	0.0008		False
Cluster_10209	1	0.0008		False
Cluster_8641	1	0.0008		False
Cluster_7818	1	0.0008		False
Cluster_10873	1	0.0008		False
Cluster_24268	1	0.0008		False
Cluster_19210	1	0.0008		False
Cluster_20775	1	0.0008		False
Cluster_13441	1	0.0008		False
Cluster_3505	1	0.0008		False
Cluster_13904	1	0.0008		False
Cluster_1136	1	0.0008		False
Cluster_21616	1	0.0008		False
Cluster_10436	1	0.0008		False
Cluster_1263	1	0.0008		False
Cluster_2476	1	0.0008		False
Cluster_2085	1	0.0008		False
Cluster_16585	1	0.0008		False
Cluster_2913	1	0.0008		False
Cluster_23918	1	0.0008		False
Cluster_2432	1	0.0008		False
Cluster_19643	1	0.0008		False
Cluster_3832	1	0.0008		False
Cluster_3876	1	0.0008		False
Cluster_1957	1	0.0008		False
Cluster_10250	1	0.0008		False
Cluster_736	1	0.0008		False
Cluster_21879	1	0.0008		False
Cluster_12414	1	0.0008		False
Cluster_8785	1	0.0008		False
Cluster_18418	1	0.0008		False
Cluster_668	1	0.0008		False
Cluster_4584	1	0.0008		False
Cluster_8867	1	0.0008		False
Cluster_22408	1	0.0008		False
Cluster_9377	1	0.0008		False
Cluster_2981	1	0.0008		False
Cluster_15219	1	0.0008		False
Cluster_17035	1	0.0008		False
Cluster_23483	1	0.0008		False
Cluster_15684	1	0.0008		False
Cluster_13594	1	0.0008		False
Cluster_25703	1	0.0008		False
Cluster_22367	1	0.0008		False
Cluster_6770	1	0.0008		False
Cluster_22727	1	0.0008		False
Cluster_22698	1	0.0008		False
Cluster_25820	1	0.0008		False
Cluster_16841	1	0.0008		False
Cluster_21637	1	0.0008		False
Cluster_4817	1	0.0008		False
Cluster_3856	1	0.0008		False
Cluster_1977	1	0.0008		False
Cluster_23970	1	0.0008		False
Cluster_4438	1	0.0008		False
Cluster_8381	1	0.0008		False
Cluster_6637	1	0.0008		False
Cluster_16049	1	0.0008		False
Cluster_14410	1	0.0008		False
Cluster_15024	1	0.0008		False
Cluster_24319	1	0.0008		False
Cluster_13794	1	0.0008		False
Cluster_7113	1	0.0008		False
Cluster_25503	1	0.0008		False
Cluster_14985	1	0.0008		False
Cluster_11719	1	0.0008		False
Cluster_19855	1	0.0008		False
Cluster_11933	1	0.0008		False
Cluster_19278	1	0.0008		False
Cluster_19283	1	0.0008		False
Cluster_15080	1	0.0008		False
Cluster_24098	1	0.0008		False
Cluster_3217	1	0.0008		False
Cluster_9765	1	0.0008		False
Cluster_9098	1	0.0008		False
Cluster_22340	1	0.0008		False
Cluster_9413	1	0.0008		False
Cluster_9932	1	0.0008		False
Cluster_9976	1	0.0008		False
Cluster_18485	1	0.0008		False
Cluster_2039	1	0.0008		False
Cluster_11544	1	0.0008		False
Cluster_1810	1	0.0008		False
Cluster_13189	1	0.0008		False
Cluster_8754	1	0.0008		False
Cluster_12992	1	0.0008		False
Cluster_4970	1	0.0008		False
Cluster_1961	1	0.0008		False
Cluster_15244	1	0.0008		False
Cluster_25884	1	0.0008		False
Cluster_25605	1	0.0008		False
Cluster_4555	1	0.0008		False
Cluster_8851	1	0.0008		False
Cluster_159	1	0.0008		False
Cluster_4125	1	0.0008		False
Cluster_5710	1	0.0008		False
Cluster_24441	1	0.0008		False
Cluster_9956	1	0.0008		False
Cluster_26008	1	0.0008		False
Cluster_18002	1	0.0008		False
Cluster_15165	1	0.0008		False
Cluster_23478	1	0.0008		False
Cluster_22306	1	0.0008		False
Cluster_983	1	0.0008		False
Cluster_9514	1	0.0008		False
Cluster_18316	1	0.0008		False
Cluster_2866	1	0.0008		False
Cluster_9361	1	0.0008		False
Cluster_16014	1	0.0008		False
Cluster_5000	1	0.0008		False
Cluster_1376	1	0.0008		False
Cluster_6405	1	0.0008		False
Cluster_14918	1	0.0008		False
Cluster_9270	1	0.0008		False
Cluster_25495	1	0.0008		False
Cluster_8774	1	0.0008		False
Cluster_24904	1	0.0008		False
Cluster_12155	1	0.0008		False
Cluster_16551	1	0.0008		False
Cluster_20780	1	0.0008		False
Cluster_24772	1	0.0008		False
Cluster_404	1	0.0008		False
Cluster_14376	1	0.0008		False
Cluster_11117	1	0.0008		False
Cluster_1621	1	0.0008		False
Cluster_9800	1	0.0008		False
Cluster_17261	1	0.0008		False
Cluster_19395	1	0.0008		False
Cluster_22790	1	0.0008		False
Cluster_5242	1	0.0008		False
Cluster_25897	1	0.0008		False
Cluster_13612	1	0.0008		False
Cluster_16718	1	0.0008		False
Cluster_12974	1	0.0008		False
Cluster_20615	1	0.0008		False
Cluster_26130	1	0.0008		False
Cluster_22959	1	0.0008		False
Cluster_3466	1	0.0008		False
Cluster_10888	1	0.0008		False
Cluster_20248	1	0.0008		False
Cluster_17359	1	0.0008		False
Cluster_4999	1	0.0008		False
Cluster_9137	1	0.0008		False
Cluster_22129	1	0.0008		False
Cluster_19629	1	0.0008		False
Cluster_7043	1	0.0008		False
Cluster_18978	1	0.0008		False
Cluster_22590	1	0.0008		False
Cluster_9481	1	0.0008		False
Cluster_19322	1	0.0008		False
Cluster_15466	1	0.0008		False
Cluster_14132	1	0.0008		False
Cluster_62	1	0.0008		False
Cluster_19434	1	0.0008		False
Cluster_18337	1	0.0008		False
Cluster_9299	1	0.0008		False
Cluster_14951	1	0.0008		False
Cluster_21161	1	0.0008		False
Cluster_8739	1	0.0008		False
Cluster_18887	1	0.0008		False
Cluster_8457	1	0.0008		False
Cluster_25196	1	0.0008		False
Cluster_5501	1	0.0008		False
Cluster_23985	1	0.0008		False
Cluster_19089	1	0.0008		False
Cluster_2283	1	0.0008		False
Cluster_12502	1	0.0008		False
Cluster_1504	1	0.0008		False
Cluster_14121	1	0.0008		False
Cluster_19331	1	0.0008		False
Cluster_649	1	0.0008		False
Cluster_6707	1	0.0008		False
Cluster_10773	1	0.0008		False
Cluster_13337	1	0.0008		False
Cluster_5398	1	0.0008		False
Cluster_1900	1	0.0008		False
Cluster_18319	1	0.0008		False
Cluster_25201	1	0.0008		False
Cluster_22309	1	0.0008		False
Cluster_16391	1	0.0008		False
Cluster_6191	1	0.0008		False
Cluster_5625	1	0.0008		False
Cluster_3522	1	0.0008		False
Cluster_11676	1	0.0008		False
Cluster_12690	1	0.0008		False
Cluster_14941	1	0.0008		False
Cluster_15828	1	0.0008		False
Cluster_747	1	0.0008		False
Cluster_1505	1	0.0008		False
Cluster_13978	1	0.0008		False
Cluster_4306	1	0.0008		False
Cluster_4742	1	0.0008		False
Cluster_1064	1	0.0008		False
Cluster_14301	1	0.0008		False
Cluster_16226	1	0.0008		False
Cluster_5061	1	0.0008		False
Cluster_19460	1	0.0008		False
Cluster_3172	1	0.0008		False
Cluster_24418	1	0.0008		False
Cluster_17642	1	0.0008		False
Cluster_9300	1	0.0008		False
Cluster_3136	1	0.0008		False
Cluster_1206	1	0.0008		False
Cluster_7171	1	0.0008		False
Cluster_10715	1	0.0008		False
Cluster_14404	1	0.0008		False
Cluster_19102	1	0.0008		False
Cluster_25073	1	0.0008		False
Cluster_20813	1	0.0008		False
Cluster_22602	1	0.0008		False
Cluster_16741	1	0.0008		False
Cluster_15254	1	0.0008		False
Cluster_25279	1	0.0008		False
Cluster_1876	1	0.0008		False
Cluster_769	1	0.0008		False
Cluster_3957	1	0.0008		False
Cluster_4916	1	0.0008		False
Cluster_5965	1	0.0008		False
Cluster_8371	1	0.0008		False
Cluster_17971	1	0.0008		False
Cluster_4473	1	0.0008		False
Cluster_1832	1	0.0008		False
Cluster_5732	1	0.0008		False
Cluster_6780	1	0.0008		False
Cluster_5549	1	0.0008		False
Cluster_22827	1	0.0008		False
Cluster_5776	1	0.0008		False
Cluster_14687	1	0.0008		False
Cluster_15469	1	0.0008		False
Cluster_23090	1	0.0008		False
Cluster_12459	1	0.0008		False
Cluster_21644	1	0.0008		False
Cluster_19755	1	0.0008		False
Cluster_11819	1	0.0008		False
Cluster_18268	1	0.0008		False
Cluster_22474	1	0.0008		False
Cluster_13002	1	0.0008		False
Cluster_9764	1	0.0008		False
Cluster_17950	1	0.0008		False
Cluster_20133	1	0.0008		False
Cluster_2951	1	0.0008		False
Cluster_19086	1	0.0008		False
Cluster_15505	1	0.0008		False
Cluster_9910	1	0.0008		False
Cluster_25199	1	0.0008		False
Cluster_16472	1	0.0008		False
Cluster_11205	1	0.0008		False
Cluster_933	1	0.0008		False
Cluster_17665	1	0.0008		False
Cluster_21067	1	0.0008		False
Cluster_19204	1	0.0008		False
Cluster_667	1	0.0008		False
Cluster_193	1	0.0008		False
Cluster_4574	1	0.0008		False
Cluster_14379	1	0.0008		False
Cluster_24470	1	0.0008		False
Cluster_21991	1	0.0008		False
Cluster_24354	1	0.0008		False
Cluster_18189	1	0.0008		False
Cluster_25966	1	0.0008		False
Cluster_14027	1	0.0008		False
Cluster_12145	1	0.0008		False
Cluster_8775	1	0.0008		False
Cluster_8249	1	0.0008		False
Cluster_22956	1	0.0008		False
Cluster_4210	1	0.0008		False
Cluster_9387	1	0.0008		False
Cluster_2971	1	0.0008		False
Cluster_22126	1	0.0008		False
Cluster_20477	1	0.0008		False
Cluster_2748	1	0.0008		False
Cluster_9050	1	0.0008		False
Cluster_17786	1	0.0008		False
Cluster_6172	1	0.0008		False
Cluster_11747	1	0.0008		False
Cluster_21030	1	0.0008		False
Cluster_23995	1	0.0008		False
Cluster_2239	1	0.0008		False
Cluster_1799	1	0.0008		False
Cluster_16148	1	0.0008		False
Cluster_4056	1	0.0008		False
Cluster_13073	1	0.0008		False
Cluster_10449	1	0.0008		False
Cluster_18969	1	0.0008		False
Cluster_10230	1	0.0008		False
Cluster_18897	1	0.0008		False
Cluster_8738	1	0.0008		False
Cluster_14603	1	0.0008		False
Cluster_24163	1	0.0008		False
Cluster_13015	1	0.0008		False
Cluster_424	1	0.0008		False
Cluster_9842	1	0.0008		False
Cluster_23931	1	0.0008		False
Cluster_19835	1	0.0008		False
Cluster_7115	1	0.0008		False
Cluster_13201	1	0.0008		False
Cluster_6522	1	0.0008		False
Cluster_11123	1	0.0008		False
Cluster_10925	1	0.0008		False
Cluster_11212	1	0.0008		False
Cluster_6152	1	0.0008		False
Cluster_4032	1	0.0008		False
Cluster_4076	1	0.0008		False
Cluster_23922	1	0.0008		False
Cluster_4485	1	0.0008		False
Cluster_21657	1	0.0008		False
Cluster_3707	1	0.0008		False
Cluster_18276	1	0.0008		False
Cluster_4998	1	0.0008		False
Cluster_20946	1	0.0008		False
Cluster_20012	1	0.0008		False
Cluster_13520	1	0.0008		False
Cluster_16036	1	0.0008		False
Cluster_2510	1	0.0008		False
Cluster_18334	1	0.0008		False
Cluster_7243	1	0.0008		False
Cluster_18884	1	0.0008		False
Cluster_22248	1	0.0008		False
Cluster_18605	1	0.0008		False
Cluster_12888	1	0.0008		False
Cluster_9551	1	0.0008		False
Cluster_9121	1	0.0008		False
Cluster_22615	1	0.0008		False
Cluster_13966	1	0.0008		False
Cluster_19115	1	0.0008		False
Cluster_24628	1	0.0008		False
Cluster_13803	1	0.0008		False
Cluster_18431	1	0.0008		False
Cluster_4761	1	0.0008		False
Cluster_367	1	0.0008		False
Cluster_20790	1	0.0008		False
Cluster_6977	1	0.0008		False
Cluster_25910	1	0.0008		False
Cluster_5870	1	0.0008		False
Cluster_8001	1	0.0008		False
Cluster_1637	1	0.0008		False
Cluster_942	1	0.0008		False
Cluster_4864	1	0.0008		False
Cluster_8587	1	0.0008		False
Cluster_2274	1	0.0008		False
Cluster_1265	1	0.0008		False
Cluster_2083	1	0.0008		False
Cluster_9571	1	0.0008		False
Cluster_2915	1	0.0008		False
Cluster_12977	1	0.0008		False
Cluster_2038	1	0.0008		False
Cluster_13279	1	0.0008		False
Cluster_23469	1	0.0008		False
Cluster_2992	1	0.0008		False
Cluster_13360	1	0.0008		False
Cluster_10456	1	0.0008		False
Cluster_15090	1	0.0008		False
Cluster_9099	1	0.0008		False
Cluster_3228	1	0.0008		False
Cluster_11114	1	0.0008		False
Cluster_60	1	0.0008		False
Cluster_8711	1	0.0008		False
Cluster_3503	1	0.0008		False
Cluster_19173	1	0.0008		False
Cluster_168	1	0.0008		False
Cluster_1750	1	0.0008		False
Cluster_12982	1	0.0008		False
Cluster_21108	1	0.0008		False
Cluster_20590	1	0.0008		False
Cluster_25894	1	0.0008		False
Cluster_1566	1	0.0008		False
Cluster_7997	1	0.0008		False
Cluster_365	1	0.0008		False
Cluster_5316	1	0.0008		False
Cluster_16607	1	0.0008		False
Cluster_4787	1	0.0008		False
Cluster_23165	1	0.0008		False
Cluster_1716	1	0.0008		False
Cluster_21568	1	0.0008		False
Cluster_3405	1	0.0008		False
Cluster_2275	1	0.0008		False
Cluster_14407	1	0.0008		False
Cluster_5816	1	0.0008		False
Cluster_8314	1	0.0008		False
Cluster_20492	1	0.0008		False
Cluster_21981	1	0.0008		False
Cluster_15478	1	0.0008		False
Cluster_17589	1	0.0008		False
Cluster_18279	1	0.0008		False
Cluster_2749	1	0.0008		False
Cluster_9682	1	0.0008		False
Cluster_8248	1	0.0008		False
Cluster_18360	1	0.0008		False
Cluster_22258	1	0.0008		False
Cluster_5548	1	0.0008		False
Cluster_21453	1	0.0008		False
Cluster_2255	1	0.0008		False
Cluster_22813	1	0.0008		False
Cluster_12715	1	0.0008		False
Cluster_23080	1	0.0008		False
Cluster_8892	1	0.0008		False
Cluster_14697	1	0.0008		False
Cluster_18803	1	0.0008		False
Cluster_14728	1	0.0008		False
Cluster_3063	1	0.0008		False
Cluster_13431	1	0.0008		False
Cluster_758	1	0.0008		False
Cluster_5370	1	0.0008		False
Cluster_6386	1	0.0008		False
Cluster_7446	1	0.0008		False
Cluster_21768	1	0.0008		False
Cluster_21328	1	0.0008		False
Cluster_20425	1	0.0008		False
Cluster_6229	1	0.0008		False
Cluster_5261	1	0.0008		False
Cluster_13422	1	0.0008		False
Cluster_24993	1	0.0008		False
Cluster_13884	1	0.0008		False
Cluster_1147	1	0.0008		False
Cluster_12573	1	0.0008		False
Cluster_2914	1	0.0008		False
Cluster_13334	1	0.0008		False
Cluster_14075	1	0.0008		False
Cluster_13605	1	0.0008		False
Cluster_10446	1	0.0008		False
Cluster_2556	1	0.0008		False
Cluster_10264	1	0.0008		False
Cluster_7788	1	0.0008		False
Cluster_7733	1	0.0008		False
Cluster_11860	1	0.0008		False
Cluster_16928	1	0.0008		False
Cluster_574	1	0.0008		False
Cluster_22133	1	0.0008		False
Cluster_17438	1	0.0008		False
Cluster_19633	1	0.0008		False
Cluster_10459	1	0.0008		False
Cluster_20350	1	0.0008		False
Cluster_24820	1	0.0008		False
Cluster_9706	1	0.0008		False
Cluster_9342	1	0.0008		False
Cluster_22005	1	0.0008		False
Cluster_19207	1	0.0008		False
Cluster_21064	1	0.0008		False
Cluster_18015	1	0.0008		False
Cluster_16895	1	0.0008		False
Cluster_14024	1	0.0008		False
Cluster_15410	1	0.0008		False
Cluster_2304	1	0.0008		False
Cluster_18201	1	0.0008		False
Cluster_11757	1	0.0008		False
Cluster_24503	1	0.0008		False
Cluster_15985	1	0.0008		False
Cluster_20126	1	0.0008		False
Cluster_22477	1	0.0008		False
Cluster_16831	1	0.0008		False
Cluster_21647	1	0.0008		False
Cluster_16381	1	0.0008		False
Cluster_13897	1	0.0008		False
Cluster_25612	1	0.0008		False
Cluster_13969	1	0.0008		False
Cluster_5399	1	0.0008		False
Cluster_18073	1	0.0008		False
Cluster_6646	1	0.0008		False
Cluster_23142	1	0.0008		False
Cluster_8049	1	0.0008		False
Cluster_7926	1	0.0008		False
Cluster_16822	1	0.0008		False
Cluster_16484	1	0.0008		False
Cluster_11557	1	0.0008		False
Cluster_22482	1	0.0008		False
Cluster_14684	1	0.0008		False
Cluster_23528	1	0.0008		False
Cluster_9080	1	0.0008		False
Cluster_20923	1	0.0008		False
Cluster_23407	1	0.0008		False
Cluster_21125	1	0.0008		False
Cluster_21660	1	0.0008		False
Cluster_16420	1	0.0008		False
Cluster_17172	1	0.0008		False
Cluster_6206	1	0.0008		False
Cluster_20153	1	0.0008		False
Cluster_22880	1	0.0008		False
Cluster_25787	1	0.0008		False
Cluster_14620	1	0.0008		False
Cluster_23013	1	0.0008		False
Cluster_14165	1	0.0008		False
Cluster_18088	1	0.0008		False
Cluster_25904	1	0.0008		False
Cluster_19591	1	0.0008		False
Cluster_26082	1	0.0008		False
Cluster_25772	1	0.0008		False
Cluster_8753	1	0.0008		False
Cluster_5963	1	0.0008		False
Cluster_25344	1	0.0008		False
Cluster_15918	1	0.0008		False
Cluster_19266	1	0.0008		False
Cluster_4475	1	0.0008		False
Cluster_18597	1	0.0008		False
Cluster_15234	1	0.0008		False
Cluster_1017	1	0.0008		False
Cluster_24495	1	0.0008		False
Cluster_9513	1	0.0008		False
Cluster_11847	1	0.0008		False
Cluster_21192	1	0.0008		False
Cluster_7327	1	0.0008		False
Cluster_23368	1	0.0008		False
Cluster_22936	1	0.0008		False
Cluster_23728	1	0.0008		False
Cluster_24431	1	0.0008		False
Cluster_17886	1	0.0008		False
Cluster_15812	1	0.0008		False
Cluster_23697	1	0.0008		False
Cluster_6182	1	0.0008		False
Cluster_4455	1	0.0008		False
Cluster_11734	1	0.0008		False
Cluster_48	1	0.0008		False
Cluster_7319	1	0.0008		False
Cluster_18628	1	0.0008		False
Cluster_18797	1	0.0008		False
Cluster_11462	1	0.0008		False
Cluster_21272	1	0.0008		False
Cluster_12624	1	0.0008		False
Cluster_24334	1	0.0008		False
Cluster_6900	1	0.0008		False
Cluster_334	1	0.0008		False
Cluster_24422	1	0.0008		False
Cluster_25572	1	0.0008		False
Cluster_2322	1	0.0008		False
Cluster_14244	1	0.0008		False
Cluster_13993	1	0.0008		False
Cluster_15132	1	0.0008		False
Cluster_12961	1	0.0008		False
Cluster_8119	1	0.0008		False
Cluster_12097	1	0.0008		False
Cluster_2631	1	0.0008		False
Cluster_9581	1	0.0008		False
Cluster_12588	1	0.0008		False
Cluster_21426	1	0.0008		False
Cluster_5623	1	0.0008		False
Cluster_9007	1	0.0008		False
Cluster_15970	1	0.0008		False
Cluster_4140	1	0.0008		False
Cluster_13503	1	0.0008		False
Cluster_10908	1	0.0008		False
Cluster_6310	1	0.0008		False
Cluster_7044	1	0.0008		False
Cluster_23024	1	0.0008		False
Cluster_3770	1	0.0008		False
Cluster_9146	1	0.0008		False
Cluster_20914	1	0.0008		False
Cluster_11445	1	0.0008		False
Cluster_8127	1	0.0008		False
Cluster_10348	1	0.0008		False
Cluster_17274	1	0.0008		False
Cluster_3637	1	0.0008		False
Cluster_6856	1	0.0008		False
Cluster_15951	1	0.0008		False
Cluster_8557	1	0.0008		False
Cluster_8442	1	0.0008		False
Cluster_20238	1	0.0008		False
Cluster_4169	1	0.0008		False
Cluster_14142	1	0.0008		False
Cluster_10802	1	0.0008		False
Cluster_19444	1	0.0008		False
Cluster_21174	1	0.0008		False
Cluster_16355	1	0.0008		False
Cluster_9717	1	0.0008		False
Cluster_11159	1	0.0008		False
Cluster_10094	1	0.0008		False
Cluster_18784	1	0.0008		False
Cluster_8608	1	0.0008		False
Cluster_15483	1	0.0008		False
Cluster_6987	1	0.0008		False
Cluster_23219	1	0.0008		False
Cluster_8577	1	0.0008		False
Cluster_1503	1	0.0008		False
Cluster_1228	1	0.0008		False
Cluster_26106	1	0.0008		False
Cluster_4695	1	0.0008		False
Cluster_13703	1	0.0008		False
Cluster_165	1	0.0008		False
Cluster_19901	1	0.0008		False
Cluster_368	1	0.0008		False
Cluster_3750	1	0.0008		False
Cluster_20890	1	0.0008		False
Cluster_25594	1	0.0008		False
Cluster_4439	1	0.0008		False
Cluster_1405	1	0.0008		False
Cluster_5380	1	0.0008		False
Cluster_7045	1	0.0008		False
Cluster_4757	1	0.0008		False
Cluster_15301	1	0.0008		False
Cluster_12209	1	0.0008		False
Cluster_21868	1	0.0008		False
Cluster_13907	1	0.0008		False
Cluster_17081	1	0.0008		False
Cluster_22713	1	0.0008		False
Cluster_15941	1	0.0008		False
Cluster_12815	1	0.0008		False
Cluster_11455	1	0.0008		False
Cluster_757	1	0.0008		False
Cluster_13347	1	0.0008		False
Cluster_23603	1	0.0008		False
Cluster_15404	1	0.0008		False
Cluster_25418	1	0.0008		False
Cluster_4828	1	0.0008		False
Cluster_712	1	0.0008		False
Cluster_2141	1	0.0008		False
Cluster_1063	1	0.0008		False
Cluster_6810	1	0.0008		False
Cluster_2285	1	0.0008		False
Cluster_755	1	0.0008		False
Cluster_24201	1	0.0008		False
Cluster_7396	1	0.0008		False
Cluster_5917	1	0.0008		False
Cluster_6356	1	0.0008		False
Cluster_4777	1	0.0008		False
Cluster_7603	1	0.0008		False
Cluster_18357	1	0.0008		False
Cluster_13163	1	0.0008		False
Cluster_3006	1	0.0008		False
Cluster_4694	1	0.0008		False
Cluster_7421	1	0.0008		False
Cluster_244	1	0.0008		False
Cluster_13584	1	0.0008		False
Cluster_19370	1	0.0008		False
Cluster_16345	1	0.0008		False
Cluster_21962	1	0.0008		False
Cluster_3422	1	0.0008		False
Cluster_5929	1	0.0008		False
Cluster_266	1	0.0008		False
Cluster_23493	1	0.0008		False
Cluster_19269	1	0.0008		False
Cluster_14922	1	0.0008		False
Cluster_43	1	0.0008		False
Cluster_13797	1	0.0008		False
Cluster_11156	1	0.0008		False
Cluster_15260	1	0.0008		False
Cluster_7758	1	0.0008		False
Cluster_15027	1	0.0008		False
Cluster_19063	1	0.0008		False
Cluster_24966	1	0.0008		False
Cluster_5640	1	0.0008		False
Cluster_2822	1	0.0008		False
Cluster_5307	1	0.0008		False
Cluster_10311	1	0.0008		False
Cluster_460	1	0.0008		False
Cluster_16731	1	0.0008		False
Cluster_12271	1	0.0008		False
Cluster_4474	1	0.0008		False
Cluster_24520	1	0.0008		False
Cluster_6065	1	0.0008		False
Cluster_22724	1	0.0008		False
Cluster_20408	1	0.0008		False
Cluster_26109	1	0.0008		False
Cluster_9415	1	0.0008		False
Cluster_20527	1	0.0008		False
Cluster_23216	1	0.0008		False
Cluster_8196	1	0.0008		False
Cluster_9763	1	0.0008		False
Cluster_14705	1	0.0008		False
Cluster_16722	1	0.0008		False
Cluster_7827	1	0.0008		False
Cluster_24803	1	0.0008		False
Cluster_20143	1	0.0008		False
Cluster_12250	1	0.0008		False
Cluster_9492	1	0.0008		False
Cluster_12	1	0.0008		False
Cluster_25451	1	0.0008		False
Cluster_16531	1	0.0008		False
Cluster_5449	1	0.0008		False
Cluster_15687	1	0.0008		False
Cluster_19318	1	0.0008		False
Cluster_13088	1	0.0008		False
Cluster_12135	1	0.0008		False
Cluster_4454	1	0.0008		False
Cluster_24720	1	0.0008		False
Cluster_14254	1	0.0008		False
Cluster_7941	1	0.0008		False
Cluster_11760	1	0.0008		False
Cluster_16669	1	0.0008		False
Cluster_6403	1	0.0008		False
Cluster_4573	1	0.0008		False
Cluster_25983	1	0.0008		False
Cluster_6621	1	0.0008		False
Cluster_12417	1	0.0008		False
Cluster_11857	1	0.0008		False
Cluster_16522	1	0.0008		False
Cluster_20698	1	0.0008		False
Cluster_20727	1	0.0008		False
Cluster_16244	1	0.0008		False
Cluster_3734	1	0.0008		False
Cluster_18507	1	0.0008		False
Cluster_20714	1	0.0008		False
Cluster_3790	1	0.0008		False
Cluster_7987	1	0.0008		False
Cluster_25994	1	0.0008		False
Cluster_19501	1	0.0008		False
Cluster_24622	1	0.0008		False
Cluster_18353	1	0.0008		False
Cluster_336	1	0.0008		False
Cluster_4655	1	0.0008		False
Cluster_12424	1	0.0008		False
Cluster_5297	1	0.0008		False
Cluster_15770	1	0.0008		False
Cluster_2418	1	0.0008		False
Cluster_2837	1	0.0008		False
Cluster_12761	1	0.0008		False
Cluster_24631	1	0.0008		False
Cluster_2982	1	0.0008		False
Cluster_12321	1	0.0008		False
Cluster_15229	1	0.0008		False
Cluster_12176	1	0.0008		False
Cluster_10427	1	0.0008		False
Cluster_6909	1	0.0008		False
Cluster_8382	1	0.0008		False
Cluster_7856	1	0.0008		False
Cluster_15551	1	0.0008		False
Cluster_6896	1	0.0008		False
Cluster_22717	1	0.0008		False
Cluster_24082	1	0.0008		False
Cluster_793	1	0.0008		False
Cluster_13343	1	0.0008		False
Cluster_5943	1	0.0008		False
Cluster_20070	1	0.0008		False
Cluster_11729	1	0.0008		False
Cluster_16165	1	0.0008		False
Cluster_25008	1	0.0008		False
Cluster_21460	1	0.0008		False
Cluster_11369	1	0.0008		False
Cluster_12561	1	0.0008		False
Cluster_24077	1	0.0008		False
Cluster_24329	1	0.0008		False
Cluster_24769	1	0.0008		False
Cluster_12639	1	0.0008		False
Cluster_11270	1	0.0008		False
Cluster_20051	1	0.0008		False
Cluster_288	1	0.0008		False
Cluster_21102	1	0.0008		False
Cluster_348	1	0.0008		False
Cluster_19579	1	0.0008		False
Cluster_145	1	0.0008		False
Cluster_23484	1	0.0008		False
Cluster_4495	1	0.0008		False
Cluster_15718	1	0.0008		False
Cluster_23822	1	0.0008		False
Cluster_13593	1	0.0008		False
Cluster_10286	1	0.0008		False
Cluster_10998	1	0.0008		False
Cluster_25972	1	0.0008		False
Cluster_6319	1	0.0008		False
Cluster_25704	1	0.0008		False
Cluster_8408	1	0.0008		False
Cluster_23831	1	0.0008		False
Cluster_5154	1	0.0008		False
Cluster_12413	1	0.0008		False
Cluster_1151	1	0.0008		False
Cluster_16142	1	0.0008		False
Cluster_8110	1	0.0008		False
Cluster_20363	1	0.0008		False
Cluster_20723	1	0.0008		False
Cluster_12007	1	0.0008		False
Cluster_7505	1	0.0008		False
Cluster_22265	1	0.0008		False
Cluster_15023	1	0.0008		False
Cluster_19220	1	0.0008		False
Cluster_13793	1	0.0008		False
Cluster_23895	1	0.0008		False
Cluster_19991	1	0.0008		False
Cluster_213	1	0.0008		False
Cluster_3759	1	0.0008		False
Cluster_8462	1	0.0008		False
Cluster_9233	1	0.0008		False
Cluster_9288	1	0.0008		False
Cluster_147	1	0.0008		False
Cluster_5601	1	0.0008		False
Cluster_12475	1	0.0008		False
Cluster_10004	1	0.0008		False
Cluster_5423	1	0.0008		False
Cluster_20523	1	0.0008		False
Cluster_2431	1	0.0008		False
Cluster_23928	1	0.0008		False
Cluster_22736	1	0.0008		False
Cluster_21555	1	0.0008		False
Cluster_4726	1	0.0008		False
Cluster_21626	1	0.0008		False
Cluster_7206	1	0.0008		False
Cluster_16466	1	0.0008		False
Cluster_1171	1	0.0008		False
Cluster_20147	1	0.0008		False
Cluster_9436	1	0.0008		False
Cluster_11843	1	0.0008		False
Cluster_21283	1	0.0008		False
Cluster_3167	1	0.0008		False
Cluster_14905	1	0.0008		False
Cluster_21745	1	0.0008		False
Cluster_19654	1	0.0008		False
Cluster_12179	1	0.0008		False
Cluster_22154	1	0.0008		False
Cluster_246	1	0.0008		False
Cluster_24235	1	0.0008		False
Cluster_16152	1	0.0008		False
Cluster_17432	1	0.0008		False
Cluster_10083	1	0.0008		False
Cluster_4494	1	0.0008		False
Cluster_6778	1	0.0008		False
Cluster_26015	1	0.0008		False
Cluster_11726	1	0.0008		False
Cluster_13061	1	0.0008		False
Cluster_25164	1	0.0008		False
Cluster_15391	1	0.0008		False
Cluster_13869	1	0.0008		False
Cluster_20856	1	0.0008		False
Cluster_8156	1	0.0008		False
Cluster_5920	1	0.0008		False
Cluster_20927	1	0.0008		False
Cluster_8526	1	0.0008		False
Cluster_23403	1	0.0008		False
Cluster_26073	1	0.0008		False
Cluster_9547	1	0.0008		False
Cluster_23148	1	0.0008		False
Cluster_25783	1	0.0008		False
Cluster_25618	1	0.0008		False
Cluster_15335	1	0.0008		False
Cluster_21545	1	0.0008		False
Cluster_11960	1	0.0008		False
Cluster_4593	1	0.0008		False
Cluster_10623	1	0.0008		False
Cluster_7504	1	0.0008		False
Cluster_6758	1	0.0008		False
Cluster_6819	1	0.0008		False
Cluster_24920	1	0.0008		False
Cluster_11655	1	0.0008		False
Cluster_22488	1	0.0008		False
Cluster_14795	1	0.0008		False
Cluster_21562	1	0.0008		False
Cluster_12617	1	0.0008		False
Cluster_24893	1	0.0008		False
Cluster_21395	1	0.0008		False
Cluster_19776	1	0.0008		False
Cluster_238	1	0.0008		False
Cluster_18866	1	0.0008		False
Cluster_6603	1	0.0008		False
Cluster_759	1	0.0008		False
Cluster_22739	1	0.0008		False
Cluster_15487	1	0.0008		False
Cluster_18903	1	0.0008		False
Cluster_5469	1	0.0008		False
Cluster_22913	1	0.0008		False
Cluster_8937	1	0.0008		False
Cluster_16254	1	0.0008		False
Cluster_4654	1	0.0008		False
Cluster_22252	1	0.0008		False
Cluster_16469	1	0.0008		False
Cluster_7810	1	0.0008		False
Cluster_6396	1	0.0008		False
Cluster_9692	1	0.0008		False
Cluster_14362	1	0.0008		False
Cluster_4101	1	0.0008		False
Cluster_9615	1	0.0008		False
Cluster_20041	1	0.0008		False
Cluster_22975	1	0.0008		False
Cluster_10614	1	0.0008		False
Cluster_20849	1	0.0008		False
Cluster_2337	1	0.0008		False
Cluster_657	1	0.0008		False
Cluster_13428	1	0.0008		False
Cluster_17068	1	0.0008		False
Cluster_19161	1	0.0008		False
Cluster_18167	1	0.0008		False
Cluster_13353	1	0.0008		False
Cluster_386	1	0.0008		False
Cluster_21881	1	0.0008		False
Cluster_3331	1	0.0008		False
Cluster_21331	1	0.0008		False
Cluster_21089	1	0.0008		False
Cluster_5731	1	0.0008		False
Cluster_2723	1	0.0008		False
Cluster_2294	1	0.0008		False
Cluster_21457	1	0.0008		False
Cluster_15138	1	0.0008		False
Cluster_13235	1	0.0008		False
Cluster_1734	1	0.0008		False
Cluster_6997	1	0.0008		False
Cluster_18807	1	0.0008		False
Cluster_11032	1	0.0008		False
Cluster_551	1	0.0008		False
Cluster_20990	1	0.0008		False
Cluster_369	1	0.0008		False
Cluster_20221	1	0.0008		False
Cluster_8509	1	0.0008		False
Cluster_1831	1	0.0008		False
Cluster_19009	1	0.0008		False
Cluster_1790	1	0.0008		False
Cluster_12582	1	0.0008		False
Cluster_13326	1	0.0008		False
Cluster_10774	1	0.0008		False
Cluster_24997	1	0.0008		False
Cluster_24869	1	0.0008		False
Cluster_24061	1	0.0008		False
Cluster_12577	1	0.0008		False
Cluster_426	1	0.0008		False
Cluster_17110	1	0.0008		False
Cluster_10902	1	0.0008		False
Cluster_20232	1	0.0008		False
Cluster_18140	1	0.0008		False
Cluster_7977	1	0.0008		False
Cluster_16603	1	0.0008		False
Cluster_8352	1	0.0008		False
Cluster_15851	1	0.0008		False
Cluster_10649	1	0.0008		False
Cluster_25510	1	0.0008		False
Cluster_15059	1	0.0008		False
Cluster_13171	1	0.0008		False
Cluster_18106	1	0.0008		False
Cluster_996	1	0.0008		False
Cluster_9079	1	0.0008		False
Cluster_9808	1	0.0008		False
Cluster_2972	1	0.0008		False
Cluster_2936	1	0.0008		False
Cluster_13920	1	0.0008		False
Cluster_11681	1	0.0008		False
Cluster_10010	1	0.0008		False
Cluster_15870	1	0.0008		False
Cluster_1113	1	0.0008		False
Cluster_9591	1	0.0008		False
Cluster_2157	1	0.0008		False
Cluster_22473	1	0.0008		False
Cluster_18769	1	0.0008		False
Cluster_5879	1	0.0008		False
Cluster_23522	1	0.0008		False
Cluster_148	1	0.0008		False
Cluster_20134	1	0.0008		False
Cluster_4345	1	0.0008		False
Cluster_4958	1	0.0008		False
Cluster_1546	1	0.0008		False
Cluster_1779	1	0.0008		False
Cluster_13893	1	0.0008		False
Cluster_25025	1	0.0008		False
Cluster_18077	1	0.0008		False
Cluster_5184	1	0.0008		False
Cluster_25778	1	0.0008		False
Cluster_6115	1	0.0008		False
Cluster_23531	1	0.0008		False
Cluster_15253	1	0.0008		False
Cluster_18082	1	0.0008		False
Cluster_26088	1	0.0008		False
Cluster_1181	1	0.0008		False
Cluster_3521	1	0.0008		False
Cluster_11947	1	0.0008		False
Cluster_15046	1	0.0008		False
Cluster_11307	1	0.0008		False
Cluster_23669	1	0.0008		False
Cluster_1818	1	0.0008		False
Cluster_13109	1	0.0008		False
Cluster_20746	1	0.0008		False
Cluster_4741	1	0.0008		False
Cluster_962	1	0.0008		False
Cluster_20500	1	0.0008		False
Cluster_5062	1	0.0008		False
Cluster_16216	1	0.0008		False
Cluster_22137	1	0.0008		False
Cluster_347	1	0.0008		False
Cluster_18569	1	0.0008		False
Cluster_9103	1	0.0008		False
Cluster_4844	1	0.0008		False
Cluster_25685	1	0.0008		False
Cluster_25092	1	0.0008		False
Cluster_15818	1	0.0008		False
Cluster_5718	1	0.0008		False
Cluster_4096	1	0.0008		False
Cluster_10725	1	0.0008		False
Cluster_10365	1	0.0008		False
Cluster_18622	1	0.0008		False
Cluster_24353	1	0.0008		False
Cluster_20823	1	0.0008		False
Cluster_24428	1	0.0008		False
Cluster_8023	1	0.0008		False
Cluster_10592	1	0.0008		False
Cluster_25578	1	0.0008		False
Cluster_24507	1	0.0008		False
Cluster_11753	1	0.0008		False
Cluster_21278	1	0.0008		False
Cluster_17830	1	0.0008		False
Cluster_9034	1	0.0008		False
Cluster_11543	1	0.0008		False
Cluster_24167	1	0.0008		False
Cluster_5241	1	0.0008		False
Cluster_16075	1	0.0008		False
Cluster_10646	1	0.0008		False
Cluster_10490	1	0.0008		False
Cluster_8202	1	0.0008		False
Cluster_11127	1	0.0008		False
Cluster_13405	1	0.0008		False
Cluster_6926	1	0.0008		False
Cluster_15056	1	0.0008		False
Cluster_13631	1	0.0008		False
Cluster_3043	1	0.0008		False
Cluster_20402	1	0.0008		False
Cluster_1318	1	0.0008		False
Cluster_18109	1	0.0008		False
Cluster_12066	1	0.0008		False
Cluster_5568	1	0.0008		False
Cluster_20625	1	0.0008		False
Cluster_16697	1	0.0008		False
Cluster_16728	1	0.0008		False
Cluster_13082	1	0.0008		False
Cluster_2769	1	0.0008		False
Cluster_17864	1	0.0008		False
Cluster_7028	1	0.0008		False
Cluster_24343	1	0.0008		False
Cluster_13695	1	0.0008		False
Cluster_14233	1	0.0008		False
Cluster_15585	1	0.0008		False
Cluster_19006	1	0.0008		False
Cluster_24903	1	0.0008		False
Cluster_21845	1	0.0008		False
Cluster_11285	1	0.0008		False
Cluster_9918	1	0.0008		False
Cluster_8268	1	0.0008		False
Cluster_5502	1	0.0008		False
Cluster_16528	1	0.0008		False
Cluster_23420	1	0.0008		False
Cluster_13329	1	0.0008		False
Cluster_24866	1	0.0008		False
Cluster_14111	1	0.0008		False
Cluster_6788	1	0.0008		False
Cluster_20692	1	0.0008		False
Cluster_11826	1	0.0008		False
Cluster_4845	1	0.0008		False
Cluster_6733	1	0.0008		False
Cluster_20085	1	0.0008		False
Cluster_9931	1	0.0008		False
Cluster_16219	1	0.0008		False
Cluster_12973	1	0.0008		False
Cluster_18291	1	0.0008		False
Cluster_24593	1	0.0008		False
Cluster_10352	1	0.0008		False
Cluster_18566	1	0.0008		False
Cluster_16805	1	0.0008		False
Cluster_1735	1	0.0008		False
Cluster_8852	1	0.0008		False
Cluster_2295	1	0.0008		False
Cluster_21447	1	0.0008		False
Cluster_7229	1	0.0008		False
Cluster_23355	1	0.0008		False
Cluster_8069	1	0.0008		False
Cluster_6666	1	0.0008		False
Cluster_18171	1	0.0008		False
Cluster_2212	1	0.0008		False
Cluster_4027	1	0.0008		False
Cluster_237	1	0.0008		False
Cluster_18766	1	0.0008		False
Cluster_9362	1	0.0008		False
Cluster_13140	1	0.0008		False
Cluster_15610	1	0.0008		False
Cluster_18235	1	0.0008		False
Cluster_21968	1	0.0008		False
Cluster_14158	1	0.0008		False
Cluster_895	1	0.0008		False
Cluster_5390	1	0.0008		False
Cluster_8040	1	0.0008		False
Cluster_15049	1	0.0008		False
Cluster_8872	1	0.0008		False
Cluster_20674	1	0.0008		False
Cluster_8836	1	0.0008		False
Cluster_1331	1	0.0008		False
Cluster_1908	1	0.0008		False
Cluster_17989	1	0.0008		False
Cluster_10659	1	0.0008		False
Cluster_22389	1	0.0008		False
Cluster_12480	1	0.0008		False
Cluster_25695	1	0.0008		False
Cluster_870	1	0.0008		False
Cluster_12342	1	0.0008		False
Cluster_25082	1	0.0008		False
Cluster_24810	1	0.0008		False
Cluster_10577	1	0.0008		False
Cluster_12902	1	0.0008		False
Cluster_16234	1	0.0008		False
Cluster_3788	1	0.0008		False
Cluster_22221	1	0.0008		False
Cluster_21976	1	0.0008		False
Cluster_2030	1	0.0008		False
Cluster_24641	1	0.0008		False
Cluster_23678	1	0.0008		False
Cluster_2094	1	0.0008		False
Cluster_4959	1	0.0008		False
Cluster_13883	1	0.0008		False
Cluster_24994	1	0.0008		False
Cluster_21351	1	0.0008		False
Cluster_1941	1	0.0008		False
Cluster_25622	1	0.0008		False
Cluster_10777	1	0.0008		False
Cluster_13333	1	0.0008		False
Cluster_22559	1	0.0008		False
Cluster_12010	1	0.0008		False
Cluster_23785	1	0.0008		False
Cluster_5009	1	0.0008		False
Cluster_10861	1	0.0008		False
Cluster_18578	1	0.0008		False
Cluster_20116	1	0.0008		False
Cluster_10069	1	0.0008		False
Cluster_21454	1	0.0008		False
Cluster_22814	1	0.0008		False
Cluster_22396	1	0.0008		False
Cluster_21370	1	0.0008		False
Cluster_18804	1	0.0008		False
Cluster_25631	1	0.0008		False
Cluster_17996	1	0.0008		False
Cluster_17288	1	0.0008		False
Cluster_14229	1	0.0008		False
Cluster_12808	1	0.0008		False
Cluster_14770	1	0.0008		False
Cluster_21269	1	0.0008		False
Cluster_26098	1	0.0008		False
Cluster_18092	1	0.0008		False
Cluster_21063	1	0.0008		False
Cluster_12656	1	0.0008		False
Cluster_20836	1	0.0008		False
Cluster_14518	1	0.0008		False
Cluster_157	1	0.0008		False
Cluster_12525	1	0.0008		False
Cluster_20386	1	0.0008		False
Cluster_8657	1	0.0008		False
Cluster_16951	1	0.0008		False
Cluster_14023	1	0.0008		False
Cluster_3537	1	0.0008		False
Cluster_4990	1	0.0008		False
Cluster_12792	1	0.0008		False
Cluster_24504	1	0.0008		False
Cluster_24878	1	0.0008		False
Cluster_17452	1	0.0008		False
Cluster_22700	1	0.0008		False
Cluster_24255	1	0.0008		False
Cluster_18710	1	0.0008		False
Cluster_25807	1	0.0008		False
Cluster_16132	1	0.0008		False
Cluster_9996	1	0.0008		False
Cluster_22134	1	0.0008		False
Cluster_9681	1	0.0008		False
Cluster_23049	1	0.0008		False
Cluster_20473	1	0.0008		False
Cluster_5523	1	0.0008		False
Cluster_5208	1	0.0008		False
Cluster_17740	1	0.0008		False
Cluster_9809	1	0.0008		False
Cluster_25106	1	0.0008		False
Cluster_20980	1	0.0008		False
Cluster_9234	1	0.0008		False
Cluster_24972	1	0.0008		False
Cluster_8677	1	0.0008		False
Cluster_24704	1	0.0008		False
Cluster_8223	1	0.0008		False
Cluster_4512	1	0.0008		False
Cluster_8794	1	0.0008		False
Cluster_20415	1	0.0008		False
Cluster_11635	1	0.0008		False
Cluster_112	1	0.0008		False
Cluster_19429	1	0.0008		False
Cluster_8730	1	0.0008		False
Cluster_14718	1	0.0008		False
Cluster_9058	1	0.0008		False
Cluster_5173	1	0.0008		False
Cluster_4296	1	0.0008		False
Cluster_24987	1	0.0008		False
Cluster_1421	1	0.0008		False
Cluster_5262	1	0.0008		False
Cluster_200	1	0.0008		False
Cluster_18074	1	0.0008		False
Cluster_11401	1	0.0008		False
Cluster_9552	1	0.0008		False
Cluster_9447	1	0.0008		False
Cluster_14885	1	0.0008		False
Cluster_22625	1	0.0008		False
Cluster_16404	1	0.0008		False
Cluster_22160	1	0.0008		False
Cluster_19660	1	0.0008		False
Cluster_14335	1	0.0008		False
Cluster_9667	1	0.0008		False
Cluster_22402	1	0.0008		False
Cluster_13510	1	0.0008		False
Cluster_17750	1	0.0008		False
Cluster_13074	1	0.0008		False
Cluster_25171	1	0.0008		False
Cluster_11383	1	0.0008		False
Cluster_20119	1	0.0008		False
Cluster_14604	1	0.0008		False
Cluster_8426	1	0.0008		False
Cluster_21735	1	0.0008		False
Cluster_17999	1	0.0008		False
Cluster_25291	1	0.0008		False
Cluster_8002	1	0.0008		False
Cluster_16301	1	0.0008		False
Cluster_4018	1	0.0008		False
Cluster_25150	1	0.0008		False
Cluster_4493	1	0.0008		False
Cluster_17771	1	0.0008		False
Cluster_1044	1	0.0008		False
Cluster_16941	1	0.0008		False
Cluster_25566	1	0.0008		False
Cluster_23870	1	0.0008		False
Cluster_17550	1	0.0008		False
Cluster_14494	1	0.0008		False
Cluster_22085	1	0.0008		False
Cluster_15345	1	0.0008		False
Cluster_21535	1	0.0008		False
Cluster_9536	1	0.0008		False
Cluster_16694	1	0.0008		False
Cluster_6020	1	0.0008		False
Cluster_15905	1	0.0008		False
Cluster_256	1	0.0008		False
Cluster_17571	1	0.0008		False
Cluster_4530	1	0.0008		False
Cluster_765	1	0.0008		False
Cluster_8068	1	0.0008		False
Cluster_24164	1	0.0008		False
Cluster_8795	1	0.0008		False
Cluster_11954	1	0.0008		False
Cluster_25326	1	0.0008		False
Cluster_11124	1	0.0008		False
Cluster_4594	1	0.0008		False
Cluster_669	1	0.0008		False
Cluster_25109	1	0.0008		False
Cluster_2095	1	0.0008		False
Cluster_15362	1	0.0008		False
Cluster_15722	1	0.0008		False
Cluster_23818	1	0.0008		False
Cluster_13685	1	0.0008		False
Cluster_18333	1	0.0008		False
Cluster_6789	1	0.0008		False
Cluster_20682	1	0.0008		False
Cluster_4653	1	0.0008		False
Cluster_18883	1	0.0008		False
Cluster_16027	1	0.0008		False
Cluster_8946	1	0.0008		False
Cluster_7017	1	0.0008		False
Cluster_11175	1	0.0008		False
Cluster_9927	1	0.0008		False
Cluster_16379	1	0.0008		False
Cluster_6604	1	0.0008		False
Cluster_13578	1	0.0008		False
Cluster_450	1	0.0008		False
Cluster_14472	1	0.0008		False
Cluster_4219	1	0.0008		False
Cluster_15522	1	0.0008		False
Cluster_1327	1	0.0008		False
Cluster_20389	1	0.0008		False
Cluster_9744	1	0.0008		False
Cluster_22674	1	0.0008		False
Cluster_3115	1	0.0008		False
Cluster_6151	1	0.0008		False
Cluster_21444	1	0.0008		False
Cluster_19174	1	0.0008		False
Cluster_12659	1	0.0008		False
Cluster_17465	1	0.0008		False
Cluster_16672	1	0.0008		False
Cluster_8240	1	0.0008		False
Cluster_3192	1	0.0008		False
Cluster_9841	1	0.0008		False
Cluster_24262	1	0.0008		False
Cluster_2346	1	0.0008		False
Cluster_2702	1	0.0008		False
Cluster_11231	1	0.0008		False
Cluster_22549	1	0.0008		False
Cluster_23046	1	0.0008		False
Cluster_19294	1	0.0008		False
Cluster_7707	1	0.0008		False
Cluster_14487	1	0.0008		False
Cluster_5569	1	0.0008		False
Cluster_4227	1	0.0008		False
Cluster_17509	1	0.0008		False
Cluster_1319	1	0.0008		False
Cluster_23604	1	0.0008		False
Cluster_18987	1	0.0008		False
Cluster_15403	1	0.0008		False
Cluster_11916	1	0.0008		False
Cluster_2821	1	0.0008		False
Cluster_784	1	0.0008		False
Cluster_5833	1	0.0008		False
Cluster_9326	1	0.0008		False
Cluster_11042	1	0.0008		False
Cluster_8600	1	0.0008		False
Cluster_24074	1	0.0008		False
Cluster_19568	1	0.0008		False
Cluster_1220	1	0.0008		False
Cluster_5888	1	0.0008		False
Cluster_14059	1	0.0008		False
Cluster_9289	1	0.0008		False
Cluster_2293	1	0.0008		False
Cluster_2724	1	0.0008		False
Cluster_1788	1	0.0008		False
Cluster_15017	1	0.0008		False
Cluster_10877	1	0.0008		False
Cluster_13618	1	0.0008		False
Cluster_5097	1	0.0008		False
Cluster_15148	1	0.0008		False
Cluster_23885	1	0.0008		False
Cluster_8347	1	0.0008		False
Cluster_13245	1	0.0008		False
Cluster_10882	1	0.0008		False
Cluster_3827	1	0.0008		False
Cluster_10424	1	0.0008		False
Cluster_12708	1	0.0008		False
Cluster_14870	1	0.0008		False
Cluster_9491	1	0.0008		False
Cluster_22714	1	0.0008		False
Cluster_4320	1	0.0008		False
Cluster_23226	1	0.0008		False
Cluster_19453	1	0.0008		False
Cluster_17658	1	0.0008		False
Cluster_10988	1	0.0008		False
Cluster_7942	1	0.0008		False
Cluster_4989	1	0.0008		False
Cluster_3941	1	0.0008		False
Cluster_12874	1	0.0008		False
Cluster_8409	1	0.0008		False
Cluster_6318	1	0.0008		False
Cluster_11310	1	0.0008		False
Cluster_10639	1	0.0008		False
Cluster_21419	1	0.0008		False
Cluster_19328	1	0.0008		False
Cluster_14138	1	0.0008		False
Cluster_22514	1	0.0008		False
Cluster_6244	1	0.0008		False
Cluster_1114	1	0.0008		False
Cluster_18504	1	0.0008		False
Cluster_12508	1	0.0008		False
Cluster_1926	1	0.0008		False
Cluster_10176	1	0.0008		False
Cluster_25061	1	0.0008		False
Cluster_6622	1	0.0008		False
Cluster_23391	1	0.0008		False
Cluster_357	1	0.0008		False
Cluster_22723	1	0.0008		False
Cluster_10007	1	0.0008		False
Cluster_24092	1	0.0008		False
Cluster_14818	1	0.0008		False
Cluster_10413	1	0.0008		False
Cluster_1537	1	0.0008		False
Cluster_686	1	0.0008		False
Cluster_20144	1	0.0008		False
Cluster_24804	1	0.0008		False
Cluster_3045	1	0.0008		False
Cluster_13651	1	0.0008		False
Cluster_21207	1	0.0008		False
Cluster_19064	1	0.0008		False
Cluster_24578	1	0.0008		False
Cluster_15036	1	0.0008		False
Cluster_23541	1	0.0008		False
Cluster_17806	1	0.0008		False
Cluster_5138	1	0.0008		False
Cluster_13670	1	0.0008		False
Cluster_9651	1	0.0008		False
Cluster_26002	1	0.0008		False
Cluster_4843	1	0.0008		False
Cluster_19647	1	0.0008		False
Cluster_9104	1	0.0008		False
Cluster_3603	1	0.0008		False
Cluster_22018	1	0.0008		False
Cluster_355	1	0.0008		False
Cluster_1666	1	0.0008		False
Cluster_17107	1	0.0008		False
Cluster_312	1	0.0008		False
Cluster_18641	1	0.0008		False
Cluster_6962	1	0.0008		False
Cluster_2419	1	0.0008		False
Cluster_23741	1	0.0008		False
Cluster_8024	1	0.0008		False
Cluster_14046	1	0.0008		False
Cluster_9033	1	0.0008		False
Cluster_23487	1	0.0008		False
Cluster_14912	1	0.0008		False
Cluster_9897	1	0.0008		False
Cluster_22800	1	0.0008		False
Cluster_18810	1	0.0008		False
Cluster_7264	1	0.0008		False
Cluster_3421	1	0.0008		False
Cluster_25707	1	0.0008		False
Cluster_14585	1	0.0008		False
Cluster_2632	1	0.0008		False
Cluster_10636	1	0.0008		False
Cluster_21416	1	0.0008		False
Cluster_22856	1	0.0008		False
Cluster_25903	1	0.0008		False
Cluster_814	1	0.0008		False
Cluster_23551	1	0.0008		False
Cluster_6113	1	0.0008		False
Cluster_9397	1	0.0008		False
Cluster_21891	1	0.0008		False
Cluster_14678	1	0.0008		False
Cluster_4343	1	0.0008		False
Cluster_7637	1	0.0008		False
Cluster_21099	1	0.0008		False
Cluster_15607	1	0.0008		False
Cluster_5402	1	0.0008		False
Cluster_10179	1	0.0008		False
Cluster_13641	1	0.0008		False
Cluster_7770	1	0.0008		False
Cluster_23014	1	0.0008		False
Cluster_25866	1	0.0008		False
Cluster_15111	1	0.0008		False
Cluster_11733	1	0.0008		False
Cluster_17850	1	0.0008		False
Cluster_20488	1	0.0008		False
Cluster_23751	1	0.0008		False
Cluster_11919	1	0.0008		False
Cluster_2656	1	0.0008		False
Cluster_18670	1	0.0008		False
Cluster_14785	1	0.0008		False
Cluster_12623	1	0.0008		False
Cluster_14243	1	0.0008		False
Cluster_13994	1	0.0008		False
Cluster_768	1	0.0008		False
Cluster_7750	1	0.0008		False
Cluster_17079	1	0.0008		False
Cluster_1997	1	0.0008		False
Cluster_9105	1	0.0008		False
Cluster_6734	1	0.0008		False
Cluster_19657	1	0.0008		False
Cluster_17767	1	0.0008		False
Cluster_15497	1	0.0008		False
Cluster_4611	1	0.0008		False
Cluster_6790	1	0.0008		False
Cluster_6831	1	0.0008		False
Cluster_13504	1	0.0008		False
Cluster_16985	1	0.0008		False
Cluster_20913	1	0.0008		False
Cluster_21115	1	0.0008		False
Cluster_8921	1	0.0008		False
Cluster_6437	1	0.0008		False
Cluster_15928	1	0.0008		False
Cluster_6759	1	0.0008		False
Cluster_22498	1	0.0008		False
Cluster_4638	1	0.0008		False
Cluster_10101	1	0.0008		False
Cluster_24281	1	0.0008		False
Cluster_17193	1	0.0008		False
Cluster_18583	1	0.0008		False
Cluster_15158	1	0.0008		False
Cluster_13255	1	0.0008		False
Cluster_2725	1	0.0008		False
Cluster_10617	1	0.0008		False
Cluster_1115	1	0.0008		False
Cluster_23683	1	0.0008		False
Cluster_2496	1	0.0008		False
Cluster_15822	1	0.0008		False
Cluster_23718	1	0.0008		False
Cluster_3327	1	0.0008		False
Cluster_1192	1	0.0008		False
Cluster_4820	1	0.0008		False
Cluster_20975	1	0.0008		False
Cluster_12289	1	0.0008		False
Cluster_15381	1	0.0008		False
Cluster_15039	1	0.0008		False
Cluster_5388	1	0.0008		False
Cluster_2321	1	0.0008		False
Cluster_15831	1	0.0008		False
Cluster_13987	1	0.0008		False
Cluster_17648	1	0.0008		False
Cluster_22041	1	0.0008		False
Cluster_19443	1	0.0008		False
Cluster_21173	1	0.0008		False
Cluster_3319	1	0.0008		False
Cluster_10093	1	0.0008		False
Cluster_17001	1	0.0008		False
Cluster_8847	1	0.0008		False
Cluster_18245	1	0.0008		False
Cluster_17809	1	0.0008		False
Cluster_4905	1	0.0008		False
Cluster_25686	1	0.0008		False
Cluster_8032	1	0.0008		False
Cluster_22099	1	0.0008		False
Cluster_8485	1	0.0008		False
Cluster_7490	1	0.0008		False
Cluster_23261	1	0.0008		False
Cluster_6679	1	0.0008		False
Cluster_8076	1	0.0008		False
Cluster_5055	1	0.0008		False
Cluster_8998	1	0.0008		False
Cluster_16648	1	0.0008		False
Cluster_16215	1	0.0008		False
Cluster_23596	1	0.0008		False
Cluster_21856	1	0.0008		False
Cluster_24911	1	0.0008		False
Cluster_10726	1	0.0008		False
Cluster_19580	1	0.0008		False
Cluster_2061	1	0.0008		False
Cluster_23359	1	0.0008		False
Cluster_12533	1	0.0008		False
Cluster_10366	1	0.0008		False
Cluster_18552	1	0.0008		False
Cluster_7699	1	0.0008		False
Cluster_2625	1	0.0008		False
Cluster_5486	1	0.0008		False
Cluster_14091	1	0.0008		False
Cluster_5075	1	0.0008		False
Cluster_25026	1	0.0008		False
Cluster_9205	1	0.0008		False
Cluster_14899	1	0.0008		False
Cluster_23796	1	0.0008		False
Cluster_23652	1	0.0008		False
Cluster_4738	1	0.0008		False
Cluster_6659	1	0.0008		False
Cluster_8056	1	0.0008		False
Cluster_7533	1	0.0008		False
Cluster_4783	1	0.0008		False
Cluster_21927	1	0.0008		False
Cluster_2398	1	0.0008		False
Cluster_24663	1	0.0008		False
Cluster_22835	1	0.0008		False
Cluster_16273	1	0.0008		False
Cluster_18696	1	0.0008		False
Cluster_18440	1	0.0008		False
Cluster_18239	1	0.0008		False
Cluster_6690	1	0.0008		False
Cluster_7479	1	0.0008		False
Cluster_16327	1	0.0008		False
Cluster_12052	1	0.0008		False
Cluster_23300	1	0.0008		False
Cluster_16767	1	0.0008		False
Cluster_5748	1	0.0008		False
Cluster_26054	1	0.0008		False
Cluster_8365	1	0.0008		False
Cluster_16079	1	0.0008		False
Cluster_16871	1	0.0008		False
Cluster_4814	1	0.0008		False
Cluster_778	1	0.0008		False
Cluster_23940	1	0.0008		False
Cluster_20629	1	0.0008		False
Cluster_24958	1	0.0008		False
Cluster_11168	1	0.0008		False
Cluster_602	1	0.0008		False
Cluster_15062	1	0.0008		False
Cluster_18105	1	0.0008		False
Cluster_19248	1	0.0008		False
Cluster_9354	1	0.0008		False
Cluster_24128	1	0.0008		False
Cluster_19615	1	0.0008		False
Cluster_21849	1	0.0008		False
Cluster_11289	1	0.0008		False
Cluster_8761	1	0.0008		False
Cluster_20434	1	0.0008		False
Cluster_6499	1	0.0008		False
Cluster_24852	1	0.0008		False
Cluster_7670	1	0.0008		False
Cluster_1954	1	0.0008		False
Cluster_20322	1	0.0008		False
Cluster_21041	1	0.0008		False
Cluster_23346	1	0.0008		False
Cluster_7459	1	0.0008		False
Cluster_21608	1	0.0008		False
Cluster_7737	1	0.0008		False
Cluster_16567	1	0.0008		False
Cluster_5366	1	0.0008		False
Cluster_4315	1	0.0008		False
Cluster_6281	1	0.0008		False
Cluster_10241	1	0.0008		False
Cluster_6145	1	0.0008		False
Cluster_9374	1	0.0008		False
Cluster_22293	1	0.0008		False
Cluster_13325	1	0.0008		False
Cluster_1292	1	0.0008		False
Cluster_2549	1	0.0008		False
Cluster_2776	1	0.0008		False
Cluster_23863	1	0.0008		False
Cluster_2732	1	0.0008		False
Cluster_9855	1	0.0008		False
Cluster_9874	1	0.0008		False
Cluster_25821	1	0.0008		False
Cluster_21714	1	0.0008		False
Cluster_9948	1	0.0008		False
Cluster_16840	1	0.0008		False
Cluster_9771	1	0.0008		False
Cluster_24308	1	0.0008		False
Cluster_19258	1	0.0008		False
Cluster_10662	1	0.0008		False
Cluster_25377	1	0.0008		False
Cluster_18765	1	0.0008		False
Cluster_12916	1	0.0008		False
Cluster_25832	1	0.0008		False
Cluster_14411	1	0.0008		False
Cluster_873	1	0.0008		False
Cluster_23120	1	0.0008		False
Cluster_1766	1	0.0008		False
Cluster_1120	1	0.0008		False
Cluster_10529	1	0.0008		False
Cluster_9189	1	0.0008		False
Cluster_16611	1	0.0008		False
Cluster_8511	1	0.0008		False
Cluster_2193	1	0.0008		False
Cluster_18236	1	0.0008		False
Cluster_4815	1	0.0008		False
Cluster_8364	1	0.0008		False
Cluster_26044	1	0.0008		False
Cluster_9751	1	0.0008		False
Cluster_25938	1	0.0008		False
Cluster_5211	1	0.0008		False
Cluster_21514	1	0.0008		False
Cluster_2964	1	0.0008		False
Cluster_18565	1	0.0008		False
Cluster_16806	1	0.0008		False
Cluster_1214	1	0.0008		False
Cluster_25689	1	0.0008		False
Cluster_24467	1	0.0008		False
Cluster_9854	1	0.0008		False
Cluster_2710	1	0.0008		False
Cluster_13105	1	0.0008		False
Cluster_4248	1	0.0008		False
Cluster_18392	1	0.0008		False
Cluster_10270	1	0.0008		False
Cluster_1955	1	0.0008		False
Cluster_24842	1	0.0008		False
Cluster_11874	1	0.0008		False
Cluster_22419	1	0.0008		False
Cluster_21859	1	0.0008		False
Cluster_12310	1	0.0008		False
Cluster_4314	1	0.0008		False
Cluster_16963	1	0.0008		False
Cluster_10729	1	0.0008		False
Cluster_17512	1	0.0008		False
Cluster_6722	1	0.0008		False
Cluster_19005	1	0.0008		False
Cluster_11286	1	0.0008		False
Cluster_23909	1	0.0008		False
Cluster_2898	1	0.0008		False
Cluster_11998	1	0.0008		False
Cluster_17247	1	0.0008		False
Cluster_13440	1	0.0008		False
Cluster_23349	1	0.0008		False
Cluster_12937	1	0.0008		False
Cluster_2087	1	0.0008		False
Cluster_9839	1	0.0008		False
Cluster_5238	1	0.0008		False
Cluster_2501	1	0.0008		False
Cluster_8484	1	0.0008		False
Cluster_21723	1	0.0008		False
Cluster_11825	1	0.0008		False
Cluster_20086	1	0.0008		False
Cluster_4904	1	0.0008		False
Cluster_1051	1	0.0008		False
Cluster_22633	1	0.0008		False
Cluster_4049	1	0.0008		False
Cluster_19133	1	0.0008		False
Cluster_7082	1	0.0008		False
Cluster_3507	1	0.0008		False
Cluster_3081	1	0.0008		False
Cluster_24865	1	0.0008		False
Cluster_15055	1	0.0008		False
Cluster_12378	1	0.0008		False
Cluster_10218	1	0.0008		False
Cluster_21800	1	0.0008		False
Cluster_13552	1	0.0008		False
Cluster_19824	1	0.0008		False
Cluster_9066	1	0.0008		False
Cluster_18374	1	0.0008		False
Cluster_20204	1	0.0008		False
Cluster_18450	1	0.0008		False
Cluster_7164	1	0.0008		False
Cluster_20626	1	0.0008		False
Cluster_1633	1	0.0008		False
Cluster_9204	1	0.0008		False
Cluster_4060	1	0.0008		False
Cluster_6973	1	0.0008		False
Cluster_21018	1	0.0008		False
Cluster_1688	1	0.0008		False
Cluster_11892	1	0.0008		False
Cluster_6416	1	0.0008		False
Cluster_21523	1	0.0008		False
Cluster_25112	1	0.0008		False
Cluster_18471	1	0.0008		False
Cluster_11004	1	0.0008		False
Cluster_322	1	0.0008		False
Cluster_23642	1	0.0008		False
Cluster_1599	1	0.0008		False
Cluster_16509	1	0.0008		False
Cluster_7578	1	0.0008		False
Cluster_11490	1	0.0008		False
Cluster_11646	1	0.0008		False
Cluster_8455	1	0.0008		False
Cluster_7340	1	0.0008		False
Cluster_6480	1	0.0008		False
Cluster_5476	1	0.0008		False
Cluster_5085	1	0.0008		False
Cluster_10543	1	0.0008		False
Cluster_14799	1	0.0008		False
Cluster_21556	1	0.0008		False
Cluster_9464	1	0.0008		False
Cluster_482	1	0.0008		False
Cluster_21160	1	0.0008		False
Cluster_14950	1	0.0008		False
Cluster_21625	1	0.0008		False
Cluster_12833	1	0.0008		False
Cluster_25043	1	0.0008		False
Cluster_3143	1	0.0008		False
Cluster_12383	1	0.0008		False
Cluster_18852	1	0.0008		False
Cluster_19330	1	0.0008		False
Cluster_14120	1	0.0008		False
Cluster_10285	1	0.0008		False
Cluster_5456	1	0.0008		False
Cluster_20845	1	0.0008		False
Cluster_24105	1	0.0008		False
Cluster_26122	1	0.0008		False
Cluster_6704	1	0.0008		False
Cluster_17379	1	0.0008		False
Cluster_18128	1	0.0008		False
Cluster_14599	1	0.0008		False
Cluster_6598	1	0.0008		False
Cluster_7558	1	0.0008		False
Cluster_22791	1	0.0008		False
Cluster_11600	1	0.0008		False
Cluster_18958	1	0.0008		False
Cluster_8475	1	0.0008		False
Cluster_8086	1	0.0008		False
Cluster_10826	1	0.0008		False
Cluster_4922	1	0.0008		False
Cluster_9563	1	0.0008		False
Cluster_21085	1	0.0008		False
Cluster_26131	1	0.0008		False
Cluster_22535	1	0.0008		False
Cluster_21692	1	0.0008		False
Cluster_23282	1	0.0008		False
Cluster_15964	1	0.0008		False
Cluster_24440	1	0.0008		False
Cluster_6407	1	0.0008		False
Cluster_679	1	0.0008		False
Cluster_24239	1	0.0008		False
Cluster_14909	1	0.0008		False
Cluster_3974	1	0.0008		False
Cluster_24752	1	0.0008		False
Cluster_7680	1	0.0008		False
Cluster_16571	1	0.0008		False
Cluster_15632	1	0.0008		False
Cluster_13865	1	0.0008		False
Cluster_17694	1	0.0008		False
Cluster_23763	1	0.0008		False
Cluster_16166	1	0.0008		False
Cluster_20447	1	0.0008		False
Cluster_20781	1	0.0008		False
Cluster_26019	1	0.0008		False
Cluster_25430	1	0.0008		False
Cluster_17941	1	0.0008		False
Cluster_15339	1	0.0008		False
Cluster_21549	1	0.0008		False
Cluster_19917	1	0.0008		False
Cluster_1984	1	0.0008		False
Cluster_2928	1	0.0008		False
Cluster_777	1	0.0008		False
Cluster_5696	1	0.0008		False
Cluster_3516	1	0.0008		False
Cluster_6349	1	0.0008		False
Cluster_16999	1	0.0008		False
Cluster_22901	1	0.0008		False
Cluster_7823	1	0.0008		False
Cluster_21674	1	0.0008		False
Cluster_3215	1	0.0008		False
Cluster_20581	1	0.0008		False
Cluster_17404	1	0.0008		False
Cluster_9885	1	0.0008		False
Cluster_20968	1	0.0008		False
Cluster_3292	1	0.0008		False
Cluster_17376	1	0.0008		False
Cluster_14596	1	0.0008		False
Cluster_24471	1	0.0008		False
Cluster_22976	1	0.0008		False
Cluster_21990	1	0.0008		False
Cluster_16706	1	0.0008		False
Cluster_1580	1	0.0008		False
Cluster_11342	1	0.0008		False
Cluster_5803	1	0.0008		False
Cluster_3120	1	0.0008		False
Cluster_10829	1	0.0008		False
Cluster_21232	1	0.0008		False
Cluster_14359	1	0.0008		False
Cluster_3550	1	0.0008		False
Cluster_23035	1	0.0008		False
Cluster_15317	1	0.0008		False
Cluster_19939	1	0.0008		False
Cluster_6849	1	0.0008		False
Cluster_13911	1	0.0008		False
Cluster_3214	1	0.0008		False
Cluster_22454	1	0.0008		False
Cluster_19775	1	0.0008		False
Cluster_22370	1	0.0008		False
Cluster_14652	1	0.0008		False
Cluster_17970	1	0.0008		False
Cluster_17132	1	0.0008		False
Cluster_8828	1	0.0008		False
Cluster_23967	1	0.0008		False
Cluster_9884	1	0.0008		False
Cluster_15194	1	0.0008		False
Cluster_6860	1	0.0008		False
Cluster_19513	1	0.0008		False
Cluster_10681	1	0.0008		False
Cluster_3348	1	0.0008		False
Cluster_5967	1	0.0008		False
Cluster_11574	1	0.0008		False
Cluster_6911	1	0.0008		False
Cluster_8757	1	0.0008		False
Cluster_13663	1	0.0008		False
Cluster_17121	1	0.0008		False
Cluster_14940	1	0.0008		False
Cluster_19724	1	0.0008		False
Cluster_12691	1	0.0008		False
Cluster_9465	1	0.0008		False
Cluster_16288	1	0.0008		False
Cluster_9713	1	0.0008		False
Cluster_21134	1	0.0008		False
Cluster_18842	1	0.0008		False
Cluster_14300	1	0.0008		False
Cluster_24409	1	0.0008		False
Cluster_16996	1	0.0008		False
Cluster_29	1	0.0008		False
Cluster_5108	1	0.0008		False
Cluster_22063	1	0.0008		False
Cluster_19461	1	0.0008		False
Cluster_7869	1	0.0008		False
Cluster_8454	1	0.0008		False
Cluster_13128	1	0.0008		False
Cluster_11656	1	0.0008		False
Cluster_15225	1	0.0008		False
Cluster_6092	1	0.0008		False
Cluster_11525	1	0.0008		False
Cluster_6301	1	0.0008		False
Cluster_13958	1	0.0008		False
Cluster_10553	1	0.0008		False
Cluster_8573	1	0.0008		False
Cluster_1507	1	0.0008		False
Cluster_1081	1	0.0008		False
Cluster_24565	1	0.0008		False
Cluster_5084	1	0.0008		False
Cluster_3051	1	0.0008		False
Cluster_18467	1	0.0008		False
Cluster_24236	1	0.0008		False
Cluster_14346	1	0.0008		False
Cluster_432	1	0.0008		False
Cluster_13852	1	0.0008		False
Cluster_19524	1	0.0008		False
Cluster_12401	1	0.0008		False
Cluster_16390	1	0.0008		False
Cluster_14906	1	0.0008		False
Cluster_25200	1	0.0008		False
Cluster_21746	1	0.0008		False
Cluster_15172	1	0.0008		False
Cluster_20198	1	0.0008		False
Cluster_3688	1	0.0008		False
Cluster_7036	1	0.0008		False
Cluster_20278	1	0.0008		False
Cluster_14863	1	0.0008		False
Cluster_10753	1	0.0008		False
Cluster_18308	1	0.0008		False
Cluster_17918	1	0.0008		False
Cluster_7072	1	0.0008		False
Cluster_6705	1	0.0008		False
Cluster_17234	1	0.0008		False
Cluster_24325	1	0.0008		False
Cluster_3071	1	0.0008		False
Cluster_8123	1	0.0008		False
Cluster_15187	1	0.0008		False
Cluster_24765	1	0.0008		False
Cluster_12635	1	0.0008		False
Cluster_3599	1	0.0008		False
Cluster_21823	1	0.0008		False
Cluster_26016	1	0.0008		False
Cluster_18948	1	0.0008		False
Cluster_11365	1	0.0008		False
Cluster_6348	1	0.0008		False
Cluster_21119	1	0.0008		False
Cluster_10383	1	0.0008		False
Cluster_3911	1	0.0008		False
Cluster_16638	1	0.0008		False
Cluster_22653	1	0.0008		False
Cluster_16989	1	0.0008		False
Cluster_544	1	0.0008		False
Cluster_11066	1	0.0008		False
Cluster_4400	1	0.0008		False
Cluster_13361	1	0.0008		False
Cluster_23194	1	0.0008		False
Cluster_6570	1	0.0008		False
Cluster_15091	1	0.0008		False
Cluster_19923	1	0.0008		False
Cluster_4367	1	0.0008		False
Cluster_8980	1	0.0008		False
Cluster_2929	1	0.0008		False
Cluster_12957	1	0.0008		False
Cluster_2917	1	0.0008		False
Cluster_1144	1	0.0008		False
Cluster_20266	1	0.0008		False
Cluster_5141	1	0.0008		False
Cluster_10476	1	0.0008		False
Cluster_4118	1	0.0008		False
Cluster_13732	1	0.0008		False
Cluster_6550	1	0.0008		False
Cluster_4784	1	0.0008		False
Cluster_7534	1	0.0008		False
Cluster_6120	1	0.0008		False
Cluster_781	1	0.0008		False
Cluster_8317	1	0.0008		False
Cluster_15448	1	0.0008		False
Cluster_3849	1	0.0008		False
Cluster_12826	1	0.0008		False
Cluster_1635	1	0.0008		False
Cluster_4609	1	0.0008		False
Cluster_18430	1	0.0008		False
Cluster_8286	1	0.0008		False
Cluster_10124	1	0.0008		False
Cluster_20791	1	0.0008		False
Cluster_2380	1	0.0008		False
Cluster_18249	1	0.0008		False
Cluster_25911	1	0.0008		False
Cluster_12743	1	0.0008		False
Cluster_22845	1	0.0008		False
Cluster_12285	1	0.0008		False
Cluster_17684	1	0.0008		False
Cluster_17219	1	0.0008		False
Cluster_6071	1	0.0008		False
Cluster_23930	1	0.0008		False
Cluster_1416	1	0.0008		False
Cluster_6688	1	0.0008		False
Cluster_18256	1	0.0008		False
Cluster_22447	1	0.0008		False
Cluster_8907	1	0.0008		False
Cluster_1973	1	0.0008		False
Cluster_4813	1	0.0008		False
Cluster_13200	1	0.0008		False
Cluster_26060	1	0.0008		False
Cluster_6599	1	0.0008		False
Cluster_25852	1	0.0008		False
Cluster_23187	1	0.0008		False
Cluster_22862	1	0.0008		False
Cluster_2449	1	0.0008		False
Cluster_23292	1	0.0008		False
Cluster_9353	1	0.0008		False
Cluster_7117	1	0.0008		False
Cluster_592	1	0.0008		False
Cluster_2669	1	0.0008		False
Cluster_22968	1	0.0008		False
Cluster_23336	1	0.0008		False
Cluster_443	1	0.0008		False
Cluster_7091	1	0.0008		False
Cluster_17697	1	0.0008		False
Cluster_13053	1	0.0008		False
Cluster_7302	1	0.0008		False
Cluster_6051	1	0.0008		False
Cluster_3015	1	0.0008		False
Cluster_3301	1	0.0008		False
Cluster_1953	1	0.0008		False
Cluster_19890	1	0.0008		False
Cluster_1722	1	0.0008		False
Cluster_17075	1	0.0008		False
Cluster_21022	1	0.0008		False
Cluster_25958	1	0.0008		False
Cluster_5822	1	0.0008		False
Cluster_2307	1	0.0008		False
Cluster_14208	1	0.0008		False
Cluster_11577	1	0.0008		False
Cluster_9873	1	0.0008		False
Cluster_24689	1	0.0008		False
Cluster_12021	1	0.0008		False
Cluster_25467	1	0.0008		False
Cluster_3704	1	0.0008		False
Cluster_1470	1	0.0008		False
Cluster_18246	1	0.0008		False
Cluster_21817	1	0.0008		False
Cluster_3598	1	0.0008		False
Cluster_12032	1	0.0008		False
Cluster_2130	1	0.0008		False
Cluster_972	1	0.0008		False
Cluster_11582	1	0.0008		False
Cluster_1659	1	0.0008		False
Cluster_15197	1	0.0008		False
Cluster_16986	1	0.0008		False
Cluster_11069	1	0.0008		False
Cluster_9853	1	0.0008		False
Cluster_21116	1	0.0008		False
Cluster_11861	1	0.0008		False
Cluster_15896	1	0.0008		False
Cluster_12681	1	0.0008		False
Cluster_6143	1	0.0008		False
Cluster_25948	1	0.0008		False
Cluster_20351	1	0.0008		False
Cluster_11777	1	0.0008		False
Cluster_24821	1	0.0008		False
Cluster_8411	1	0.0008		False
Cluster_13256	1	0.0008		False
Cluster_4313	1	0.0008		False
Cluster_6939	1	0.0008		False
Cluster_1679	1	0.0008		False
Cluster_7868	1	0.0008		False
Cluster_1450	1	0.0008		False
Cluster_790	1	0.0008		False
Cluster_3014	1	0.0008		False
Cluster_16178	1	0.0008		False
Cluster_24382	1	0.0008		False
Cluster_20454	1	0.0008		False
Cluster_5284	1	0.0008		False
Cluster_6215	1	0.0008		False
Cluster_14786	1	0.0008		False
Cluster_2880	1	0.0008		False
Cluster_3251	1	0.0008		False
Cluster_7252	1	0.0008		False
Cluster_15184	1	0.0008		False
Cluster_12553	1	0.0008		False
Cluster_1281	1	0.0008		False
Cluster_6292	1	0.0008		False
Cluster_21386	1	0.0008		False
Cluster_14055	1	0.0008		False
Cluster_20063	1	0.0008		False
Cluster_2257	1	0.0008		False
Cluster_21473	1	0.0008		False
Cluster_7930	1	0.0008		False
Cluster_22643	1	0.0008		False
Cluster_18521	1	0.0008		False
Cluster_4381	1	0.0008		False
Cluster_7994	1	0.0008		False
Cluster_19527	1	0.0008		False
Cluster_8817	1	0.0008		False
Cluster_17603	1	0.0008		False
Cluster_8438	1	0.0008		False
Cluster_10304	1	0.0008		False
Cluster_23621	1	0.0008		False
Cluster_7163	1	0.0008		False
Cluster_2401	1	0.0008		False
Cluster_14586	1	0.0008		False
Cluster_18732	1	0.0008		False
Cluster_3271	1	0.0008		False
Cluster_20318	1	0.0008		False
Cluster_21415	1	0.0008		False
Cluster_7236	1	0.0008		False
Cluster_18464	1	0.0008		False
Cluster_21980	1	0.0008		False
Cluster_7272	1	0.0008		False
Cluster_19698	1	0.0008		False
Cluster_19727	1	0.0008		False
Cluster_15763	1	0.0008		False
Cluster_3360	1	0.0008		False
Cluster_22198	1	0.0008		False
Cluster_379	1	0.0008		False
Cluster_9203	1	0.0008		False
Cluster_21137	1	0.0008		False
Cluster_1634	1	0.0008		False
Cluster_4867	1	0.0008		False
Cluster_2277	1	0.0008		False
Cluster_6974	1	0.0008		False
Cluster_5073	1	0.0008		False
Cluster_7458	1	0.0008		False
Cluster_13214	1	0.0008		False
Cluster_13689	1	0.0008		False
Cluster_4871	1	0.0008		False
Cluster_8575	1	0.0008		False
Cluster_25105	1	0.0008		False
Cluster_16068	1	0.0008		False
Cluster_804	1	0.0008		False
Cluster_4697	1	0.0008		False
Cluster_5760	1	0.0008		False
Cluster_8950	1	0.0008		False
Cluster_5126	1	0.0008		False
Cluster_6498	1	0.0008		False
Cluster_15599	1	0.0008		False
Cluster_20416	1	0.0008		False
Cluster_11636	1	0.0008		False
Cluster_9643	1	0.0008		False
Cluster_12843	1	0.0008		False
Cluster_3267	1	0.0008		False
Cluster_19340	1	0.0008		False
Cluster_9715	1	0.0008		False
Cluster_21154	1	0.0008		False
Cluster_16375	1	0.0008		False
Cluster_3144	1	0.0008		False
Cluster_8232	1	0.0008		False
Cluster_9463	1	0.0008		False
Cluster_8276	1	0.0008		False
Cluster_21924	1	0.0008		False
Cluster_19900	1	0.0008		False
Cluster_20891	1	0.0008		False
Cluster_2370	1	0.0008		False
Cluster_12960	1	0.0008		False
Cluster_6580	1	0.0008		False
Cluster_13821	1	0.0008		False
Cluster_5749	1	0.0008		False
Cluster_13029	1	0.0008		False
Cluster_8970	1	0.0008		False
Cluster_17254	1	0.0008		False
Cluster_8125	1	0.0008		False
Cluster_10919	1	0.0008		False
Cluster_7478	1	0.0008		False
Cluster_20835	1	0.0008		False
Cluster_12655	1	0.0008		False
Cluster_16313	1	0.0008		False
Cluster_1849	1	0.0008		False
Cluster_21488	1	0.0008		False
Cluster_15971	1	0.0008		False
Cluster_8256	1	0.0008		False
Cluster_13382	1	0.0008		False
Cluster_24043	1	0.0008		False
Cluster_17505	1	0.0008		False
Cluster_13832	1	0.0008		False
Cluster_2350	1	0.0008		False
Cluster_2816	1	0.0008		False
Cluster_24256	1	0.0008		False
Cluster_22545	1	0.0008		False
Cluster_5275	1	0.0008		False
Cluster_20115	1	0.0008		False
Cluster_1705	1	0.0008		False
Cluster_4739	1	0.0008		False
Cluster_4542	1	0.0008		False
Cluster_3416	1	0.0008		False
Cluster_4457	1	0.0008		False
Cluster_21739	1	0.0008		False
Cluster_6658	1	0.0008		False
Cluster_21913	1	0.0008		False
Cluster_14081	1	0.0008		False
Cluster_24430	1	0.0008		False
Cluster_14339	1	0.0008		False
Cluster_24249	1	0.0008		False
Cluster_23786	1	0.0008		False
Cluster_9901	1	0.0008		False
Cluster_20437	1	0.0008		False
Cluster_22562	1	0.0008		False
Cluster_18686	1	0.0008		False
Cluster_9383	1	0.0008		False
Cluster_10052	1	0.0008		False
Cluster_15642	1	0.0008		False
Cluster_13112	1	0.0008		False
Cluster_8999	1	0.0008		False
Cluster_25752	1	0.0008		False
Cluster_16421	1	0.0008		False
Cluster_4477	1	0.0008		False
Cluster_15349	1	0.0008		False
Cluster_6081	1	0.0008		False
Cluster_21539	1	0.0008		False
Cluster_25696	1	0.0008		False
Cluster_1301	1	0.0008		False
Cluster_1938	1	0.0008		False
Cluster_22331	1	0.0008		False
Cluster_25239	1	0.0008		False
Cluster_5304	1	0.0008		False
Cluster_1015	1	0.0008		False
Cluster_1983	1	0.0008		False
Cluster_14621	1	0.0008		False
Cluster_18026	1	0.0008		False
Cluster_16764	1	0.0008		False
Cluster_4201	1	0.0008		False
Cluster_16324	1	0.0008		False
Cluster_11093	1	0.0008		False
Cluster_7824	1	0.0008		False
Cluster_17922	1	0.0008		False
Cluster_14194	1	0.0008		False
Cluster_24361	1	0.0008		False
Cluster_4626	1	0.0008		False
Cluster_24721	1	0.0008		False
Cluster_909	1	0.0008		False
Cluster_15652	1	0.0008		False
Cluster_11321	1	0.0008		False
Cluster_12662	1	0.0008		False
Cluster_8693	1	0.0008		False
Cluster_24732	1	0.0008		False
Cluster_25217	1	0.0008		False
Cluster_1598	1	0.0008		False
Cluster_5804	1	0.0008		False
Cluster_3659	1	0.0008		False
Cluster_2200	1	0.0008		False
Cluster_8539	1	0.0008		False
Cluster_21242	1	0.0008		False
Cluster_11882	1	0.0008		False
Cluster_1801	1	0.0008		False
Cluster_9620	1	0.0008		False
Cluster_11424	1	0.0008		False
Cluster_9883	1	0.0008		False
Cluster_12729	1	0.0008		False
Cluster_15261	1	0.0008		False
Cluster_22460	1	0.0008		False
Cluster_9838	1	0.0008		False
Cluster_13686	1	0.0008		False
Cluster_9417	1	0.0008		False
Cluster_26118	1	0.0008		False
Cluster_11639	1	0.0008		False
Cluster_16730	1	0.0008		False
Cluster_15596	1	0.0008		False
Cluster_10310	1	0.0008		False
Cluster_25471	1	0.0008		False
Cluster_26047	1	0.0008		False
Cluster_7825	1	0.0008		False
Cluster_22102	1	0.0008		False
Cluster_2899	1	0.0008		False
Cluster_4048	1	0.0008		False
Cluster_14317	1	0.0008		False
Cluster_12190	1	0.0008		False
Cluster_1480	1	0.0008		False
Cluster_3450	1	0.0008		False
Cluster_3281	1	0.0008		False
Cluster_21144	1	0.0008		False
Cluster_19474	1	0.0008		False
Cluster_23589	1	0.0008		False
Cluster_18832	1	0.0008		False
Cluster_22755	1	0.0008		False
Cluster_11413	1	0.0008		False
Cluster_18382	1	0.0008		False
Cluster_15906	1	0.0008		False
Cluster_14172	1	0.0008		False
Cluster_4249	1	0.0008		False
Cluster_7282	1	0.0008		False
Cluster_14930	1	0.0008		False
Cluster_25236	1	0.0008		False
Cluster_25699	1	0.0008		False
Cluster_15346	1	0.0008		False
Cluster_17165	1	0.0008		False
Cluster_17620	1	0.0008		False
Cluster_19371	1	0.0008		False
Cluster_18029	1	0.0008		False
Cluster_8574	1	0.0008		False
Cluster_2287	1	0.0008		False
Cluster_4966	1	0.0008		False
Cluster_6984	1	0.0008		False
Cluster_18821	1	0.0008		False
Cluster_15863	1	0.0008		False
Cluster_14292	1	0.0008		False
Cluster_4351	1	0.0008		False
Cluster_25325	1	0.0008		False
Cluster_18377	1	0.0008		False
Cluster_25765	1	0.0008		False
Cluster_24053	1	0.0008		False
Cluster_21736	1	0.0008		False
Cluster_5274	1	0.0008		False
Cluster_17080	1	0.0008		False
Cluster_4260	1	0.0008		False
Cluster_22555	1	0.0008		False
Cluster_24246	1	0.0008		False
Cluster_14886	1	0.0008		False
Cluster_2870	1	0.0008		False
Cluster_22626	1	0.0008		False
Cluster_9565	1	0.0008		False
Cluster_19126	1	0.0008		False
Cluster_1271	1	0.0008		False
Cluster_8916	1	0.0008		False
Cluster_21265	1	0.0008		False
Cluster_9266	1	0.0008		False
Cluster_7047	1	0.0008		False
Cluster_1407	1	0.0008		False
Cluster_1360	1	0.0008		False
Cluster_18689	1	0.0008		False
Cluster_223	1	0.0008		False
Cluster_3690	1	0.0008		False
Cluster_18214	1	0.0008		False
Cluster_9133	1	0.0008		False
Cluster_12218	1	0.0008		False
Cluster_9188	1	0.0008		False
Cluster_12645	1	0.0008		False
Cluster_589	1	0.0008		False
Cluster_11475	1	0.0008		False
Cluster_25392	1	0.0008		False
Cluster_17244	1	0.0008		False
Cluster_17795	1	0.0008		False
Cluster_15465	1	0.0008		False
Cluster_20009	1	0.0008		False
Cluster_6824	1	0.0008		False
Cluster_19990	1	0.0008		False
Cluster_2379	1	0.0008		False
Cluster_6721	1	0.0008		False
Cluster_9544	1	0.0008		False
Cluster_25275	1	0.0008		False
Cluster_25195	1	0.0008		False
Cluster_23298	1	0.0008		False
Cluster_14313	1	0.0008		False
Cluster_7507	1	0.0008		False
Cluster_17669	1	0.0008		False
Cluster_3082	1	0.0008		False
Cluster_22868	1	0.0008		False
Cluster_19232	1	0.0008		False
Cluster_8959	1	0.0008		False
Cluster_7678	1	0.0008		False
Cluster_21688	1	0.0008		False
Cluster_401	1	0.0008		False
Cluster_21713	1	0.0008		False
Cluster_1869	1	0.0008		False
Cluster_21939	1	0.0008		False
Cluster_2568	1	0.0008		False
Cluster_6325	1	0.0008		False
Cluster_12149	1	0.0008		False
Cluster_19396	1	0.0008		False
Cluster_19814	1	0.0008		False
Cluster_17722	1	0.0008		False
Cluster_22962	1	0.0008		False
Cluster_9663	1	0.0008		False
Cluster_16964	1	0.0008		False
Cluster_17595	1	0.0008		False
Cluster_18185	1	0.0008		False
Cluster_10228	1	0.0008		False
Cluster_2359	1	0.0008		False
Cluster_9443	1	0.0008		False
Cluster_6698	1	0.0008		False
Cluster_21513	1	0.0008		False
Cluster_722	1	0.0008		False
Cluster_2241	1	0.0008		False
Cluster_25213	1	0.0008		False
Cluster_470	1	0.0008		False
Cluster_4497	1	0.0008		False
Cluster_19559	1	0.0008		False
Cluster_1036	1	0.0008		False
Cluster_6589	1	0.0008		False
Cluster_1072	1	0.0008		False
Cluster_5740	1	0.0008		False
Cluster_15709	1	0.0008		False
Cluster_8979	1	0.0008		False
Cluster_21028	1	0.0008		False
Cluster_22305	1	0.0008		False
Cluster_9772	1	0.0008		False
Cluster_17905	1	0.0008		False
Cluster_18315	1	0.0008		False
Cluster_276	1	0.0008		False
Cluster_22945	1	0.0008		False
Cluster_2334	1	0.0008		False
Cluster_14764	1	0.0008		False
Cluster_10854	1	0.0008		False
Cluster_15550	1	0.0008		False
Cluster_20071	1	0.0008		False
Cluster_15166	1	0.0008		False
Cluster_25811	1	0.0008		False
Cluster_11250	1	0.0008		False
Cluster_8512	1	0.0008		False
Cluster_4508	1	0.0008		False
Cluster_21461	1	0.0008		False
Cluster_12156	1	0.0008		False
Cluster_6478	1	0.0008		False
Cluster_537	1	0.0008		False
Cluster_4677	1	0.0008		False
Cluster_14421	1	0.0008		False
Cluster_15571	1	0.0008		False
Cluster_12926	1	0.0008		False
Cluster_23110	1	0.0008		False
Cluster_8595	1	0.0008		False
Cluster_20050	1	0.0008		False
Cluster_11271	1	0.0008		False
Cluster_10519	1	0.0008		False
Cluster_5295	1	0.0008		False
Cluster_12857	1	0.0008		False
Cluster_11417	1	0.0008		False
Cluster_2835	1	0.0008		False
Cluster_5212	1	0.0008		False
Cluster_19500	1	0.0008		False
Cluster_15442	1	0.0008		False
Cluster_25224	1	0.0008		False
Cluster_11003	1	0.0008		False
Cluster_10933	1	0.0008		False
Cluster_25606	1	0.0008		False
Cluster_13538	1	0.0008		False
Cluster_10719	1	0.0008		False
Cluster_16339	1	0.0008		False
Cluster_16081	1	0.0008		False
Cluster_15999	1	0.0008		False
Cluster_7013	1	0.0008		False
Cluster_15867	1	0.0008		False
Cluster_20203	1	0.0008		False
Cluster_4657	1	0.0008		False
Cluster_12760	1	0.0008		False
Cluster_24630	1	0.0008		False
Cluster_535	1	0.0008		False
Cluster_18373	1	0.0008		False
Cluster_5596	1	0.0008		False
Cluster_22429	1	0.0008		False
Cluster_5936	1	0.0008		False
Cluster_378	1	0.0008		False
Cluster_25965	1	0.0008		False
Cluster_5972	1	0.0008		False
Cluster_175	1	0.0008		False
Cluster_8530	1	0.0008		False
Cluster_19399	1	0.0008		False
Cluster_12534	1	0.0008		False
Cluster_25650	1	0.0008		False
Cluster_20040	1	0.0008		False
Cluster_6047	1	0.0008		False
Cluster_585	1	0.0008		False
Cluster_3479	1	0.0008		False
Cluster_10737	1	0.0008		False
Cluster_8594	1	0.0008		False
Cluster_16317	1	0.0008		False
Cluster_11084	1	0.0008		False
Cluster_19556	1	0.0008		False
Cluster_14730	1	0.0008		False
Cluster_22125	1	0.0008		False
Cluster_11240	1	0.0008		False
Cluster_9617	1	0.0008		False
Cluster_17355	1	0.0008		False
Cluster_25671	1	0.0008		False
Cluster_21330	1	0.0008		False
Cluster_2335	1	0.0008		False
Cluster_20619	1	0.0008		False
Cluster_22955	1	0.0008		False
Cluster_587	1	0.0008		False
Cluster_4002	1	0.0008		False
Cluster_9420	1	0.0008		False
Cluster_1489	1	0.0008		False
Cluster_24664	1	0.0008		False
Cluster_16274	1	0.0008		False
Cluster_3459	1	0.0008		False
Cluster_5952	1	0.0008		False
Cluster_8762	1	0.0008		False
Cluster_3670	1	0.0008		False
Cluster_12100	1	0.0008		False
Cluster_4391	1	0.0008		False
Cluster_20312	1	0.0008		False
Cluster_8493	1	0.0008		False
Cluster_19085	1	0.0008		False
Cluster_23638	1	0.0008		False
Cluster_12847	1	0.0008		False
Cluster_5723	1	0.0008		False
Cluster_5294	1	0.0008		False
Cluster_17666	1	0.0008		False
Cluster_11206	1	0.0008		False
Cluster_2890	1	0.0008		False
Cluster_2731	1	0.0008		False
Cluster_15740	1	0.0008		False
Cluster_4426	1	0.0008		False
Cluster_251	1	0.0008		False
Cluster_20182	1	0.0008		False
Cluster_3434	1	0.0008		False
Cluster_24170	1	0.0008		False
Cluster_20297	1	0.0008		False
Cluster_16225	1	0.0008		False
Cluster_1578	1	0.0008		False
Cluster_12445	1	0.0008		False
Cluster_24932	1	0.0008		False
Cluster_8673	1	0.0008		False
Cluster_520	1	0.0008		False
Cluster_10716	1	0.0008		False
Cluster_2062	1	0.0008		False
Cluster_25609	1	0.0008		False
Cluster_6825	1	0.0008		False
Cluster_16886	1	0.0008		False
Cluster_9969	1	0.0008		False
Cluster_2718	1	0.0008		False
Cluster_2859	1	0.0008		False
Cluster_22426	1	0.0008		False
Cluster_24921	1	0.0008		False
Cluster_20177	1	0.0008		False
Cluster_5177	1	0.0008		False
Cluster_15288	1	0.0008		False
Cluster_25848	1	0.0008		False
Cluster_4240	1	0.0008		False
Cluster_3533	1	0.0008		False
Cluster_1558	1	0.0008		False
Cluster_21917	1	0.0008		False
Cluster_2184	1	0.0008		False
Cluster_850	1	0.0008		False
Cluster_15169	1	0.0008		False
Cluster_5519	1	0.0008		False
Cluster_25016	1	0.0008		False
Cluster_3699	1	0.0008		False
Cluster_25942	1	0.0008		False
Cluster_4269	1	0.0008		False
Cluster_2879	1	0.0008		False
Cluster_6324	1	0.0008		False
Cluster_19674	1	0.0008		False
Cluster_16930	1	0.0008		False
Cluster_13227	1	0.0008		False
Cluster_25499	1	0.0008		False
Cluster_12929	1	0.0008		False
Cluster_905	1	0.0008		False
Cluster_8148	1	0.0008		False
Cluster_17484	1	0.0008		False
Cluster_19714	1	0.0008		False
Cluster_6302	1	0.0008		False
Cluster_6746	1	0.0008		False
Cluster_7051	1	0.0008		False
Cluster_23104	1	0.0008		False
Cluster_1082	1	0.0008		False
Cluster_15001	1	0.0008		False
Cluster_2175	1	0.0008		False
Cluster_23730	1	0.0008		False
Cluster_15215	1	0.0008		False
Cluster_1993	1	0.0008		False
Cluster_6091	1	0.0008		False
Cluster_3869	1	0.0008		False
Cluster_13047	1	0.0008		False
Cluster_15648	1	0.0008		False
Cluster_19070	1	0.0008		False
Cluster_6117	1	0.0008		False
Cluster_9393	1	0.0008		False
Cluster_19514	1	0.0008		False
Cluster_5161	1	0.0008		False
Cluster_1247	1	0.0008		False
Cluster_25463	1	0.0008		False
Cluster_13664	1	0.0008		False
Cluster_17158	1	0.0008		False
Cluster_546	1	0.0008		False
Cluster_3840	1	0.0008		False
Cluster_19051	1	0.0008		False
Cluster_22453	1	0.0008		False
Cluster_11715	1	0.0008		False
Cluster_4600	1	0.0008		False
Cluster_7599	1	0.0008		False
Cluster_2525	1	0.0008		False
Cluster_7071	1	0.0008		False
Cluster_17928	1	0.0008		False
Cluster_14989	1	0.0008		False
Cluster_7633	1	0.0008		False
Cluster_18057	1	0.0008		False
Cluster_3072	1	0.0008		False
Cluster_3036	1	0.0008		False
Cluster_7688	1	0.0008		False
Cluster_22328	1	0.0008		False
Cluster_21005	1	0.0008		False
Cluster_10554	1	0.0008		False
Cluster_21211	1	0.0008		False
Cluster_12757	1	0.0008		False
Cluster_23202	1	0.0008		False
Cluster_16062	1	0.0008		False
Cluster_19723	1	0.0008		False
Cluster_19363	1	0.0008		False
Cluster_24185	1	0.0008		False
Cluster_10205	1	0.0008		False
Cluster_8843	1	0.0008		False
Cluster_12860	1	0.0008		False
Cluster_13921	1	0.0008		False
Cluster_5337	1	0.0008		False
Cluster_16789	1	0.0008		False
Cluster_11680	1	0.0008		False
Cluster_15871	1	0.0008		False
Cluster_13151	1	0.0008		False
Cluster_681	1	0.0008		False
Cluster_7766	1	0.0008		False
Cluster_15079	1	0.0008		False
Cluster_20644	1	0.0008		False
Cluster_20779	1	0.0008		False
Cluster_2469	1	0.0008		False
Cluster_17233	1	0.0008		False
Cluster_20991	1	0.0008		False
Cluster_21482	1	0.0008		False
Cluster_20220	1	0.0008		False
Cluster_7214	1	0.0008		False
Cluster_13838	1	0.0008		False
Cluster_19147	1	0.0008		False
Cluster_22647	1	0.0008		False
Cluster_7570	1	0.0008		False
Cluster_6995	1	0.0008		False
Cluster_19018	1	0.0008		False
Cluster_24060	1	0.0008		False
Cluster_17111	1	0.0008		False
Cluster_19523	1	0.0008		False
Cluster_7348	1	0.0008		False
Cluster_538	1	0.0008		False
Cluster_11267	1	0.0008		False
Cluster_4687	1	0.0008		False
Cluster_6433	1	0.0008		False
Cluster_18388	1	0.0008		False
Cluster_2139	1	0.0008		False
Cluster_375	1	0.0008		False
Cluster_14178	1	0.0008		False
Cluster_3680	1	0.0008		False
Cluster_7974	1	0.0008		False
Cluster_15107	1	0.0008		False
Cluster_178	1	0.0008		False
Cluster_9198	1	0.0008		False
Cluster_1479	1	0.0008		False
Cluster_20654	1	0.0008		False
Cluster_13141	1	0.0008		False
Cluster_12834	1	0.0008		False
Cluster_12384	1	0.0008		False
Cluster_14298	1	0.0008		False
Cluster_10544	1	0.0008		False
Cluster_23313	1	0.0008		False
Cluster_14986	1	0.0008		False
Cluster_10387	1	0.0008		False
Cluster_8343	1	0.0008		False
Cluster_5093	1	0.0008		False
Cluster_6994	1	0.0008		False
Cluster_18921	1	0.0008		False
Cluster_23375	1	0.0008		False
Cluster_7516	1	0.0008		False
Cluster_19157	1	0.0008		False
Cluster_18151	1	0.0008		False
Cluster_24034	1	0.0008		False
Cluster_1670	1	0.0008		False
Cluster_15963	1	0.0008		False
Cluster_5418	1	0.0008		False
Cluster_7954	1	0.0008		False
Cluster_12953	1	0.0008		False
Cluster_12547	1	0.0008		False
Cluster_15806	1	0.0008		False
Cluster_7292	1	0.0008		False
Cluster_414	1	0.0008		False
Cluster_10744	1	0.0008		False
Cluster_14380	1	0.0008		False
Cluster_23068	1	0.0008		False
Cluster_16208	1	0.0008		False
Cluster_12123	1	0.0008		False
Cluster_10372	1	0.0008		False
Cluster_3823	1	0.0008		False
Cluster_12212	1	0.0008		False
Cluster_5100	1	0.0008		False
Cluster_6252	1	0.0008		False
Cluster_5431	1	0.0008		False
Cluster_17693	1	0.0008		False
Cluster_690	1	0.0008		False
Cluster_3340	1	0.0008		False
Cluster_23764	1	0.0008		False
Cluster_10601	1	0.0008		False
Cluster_19498	1	0.0008		False
Cluster_15658	1	0.0008		False
Cluster_13057	1	0.0008		False
Cluster_7939	1	0.0008		False
Cluster_3607	1	0.0008		False
Cluster_3578	1	0.0008		False
Cluster_7143	1	0.0008		False
Cluster_9893	1	0.0008		False
Cluster_12668	1	0.0008		False
Cluster_23421	1	0.0008		False
Cluster_16586	1	0.0008		False
Cluster_21248	1	0.0008		False
Cluster_2601	1	0.0008		False
Cluster_2889	1	0.0008		False
Cluster_18664	1	0.0008		False
Cluster_8820	1	0.0008		False
Cluster_21615	1	0.0008		False
Cluster_10435	1	0.0008		False
Cluster_11338	1	0.0008		False
Cluster_1588	1	0.0008		False
Cluster_3128	1	0.0008		False
Cluster_12114	1	0.0008		False
Cluster_2154	1	0.0008		False
Cluster_8683	1	0.0008		False
Cluster_1533	1	0.0008		False
Cluster_19041	1	0.0008		False
Cluster_21673	1	0.0008		False
Cluster_19608	1	0.0008		False
Cluster_10491	1	0.0008		False
Cluster_11982	1	0.0008		False
Cluster_3369	1	0.0008		False
Cluster_1699	1	0.0008		False
Cluster_25748	1	0.0008		False
Cluster_15076	1	0.0008		False
Cluster_16786	1	0.0008		False
Cluster_24538	1	0.0008		False
Cluster_2648	1	0.0008		False
Cluster_15375	1	0.0008		False
Cluster_20981	1	0.0008		False
Cluster_21492	1	0.0008		False
Cluster_6291	1	0.0008		False
Cluster_9543	1	0.0008		False
Cluster_6823	1	0.0008		False
Cluster_23963	1	0.0008		False
Cluster_1282	1	0.0008		False
Cluster_7349	1	0.0008		False
Cluster_4382	1	0.0008		False
Cluster_11162	1	0.0008		False
Cluster_6489	1	0.0008		False
Cluster_17541	1	0.0008		False
Cluster_21949	1	0.0008		False
Cluster_14709	1	0.0008		False
Cluster_16599	1	0.0008		False
Cluster_22501	1	0.0008		False
Cluster_11400	1	0.0008		False
Cluster_18511	1	0.0008		False
Cluster_13667	1	0.0008		False
Cluster_24213	1	0.0008		False
Cluster_13398	1	0.0008		False
Cluster_5656	1	0.0008		False
Cluster_20768	1	0.0008		False
Cluster_17472	1	0.0008		False
Cluster_16120	1	0.0008		False
Cluster_23107	1	0.0008		False
Cluster_20328	1	0.0008		False
Cluster_3236	1	0.0008		False
Cluster_9444	1	0.0008		False
Cluster_7271	1	0.0008		False
Cluster_14465	1	0.0008		False
Cluster_16950	1	0.0008		False
Cluster_9664	1	0.0008		False
Cluster_20453	1	0.0008		False
Cluster_16799	1	0.0008		False
Cluster_11690	1	0.0008		False
Cluster_675	1	0.0008		False
Cluster_18711	1	0.0008		False
Cluster_5632	1	0.0008		False
Cluster_1047	1	0.0008		False
Cluster_8655	1	0.0008		False
Cluster_12819	1	0.0008		False
Cluster_21350	1	0.0008		False
Cluster_11459	1	0.0008		False
Cluster_22644	1	0.0008		False
Cluster_2333	1	0.0008		False
Cluster_19144	1	0.0008		False
Cluster_14442	1	0.0008		False
Cluster_1324	1	0.0008		False
Cluster_17335	1	0.0008		False
Cluster_24224	1	0.0008		False
Cluster_12011	1	0.0008		False
Cluster_14750	1	0.0008		False
Cluster_15564	1	0.0008		False
Cluster_10860	1	0.0008		False
Cluster_11264	1	0.0008		False
Cluster_14999	1	0.0008		False
Cluster_3802	1	0.0008		False
Cluster_10757	1	0.0008		False
Cluster_21371	1	0.0008		False
Cluster_13748	1	0.0008		False
Cluster_12554	1	0.0008		False
Cluster_15183	1	0.0008		False
Cluster_25630	1	0.0008		False
Cluster_7689	1	0.0008		False
Cluster_7801	1	0.0008		False
Cluster_5496	1	0.0008		False
Cluster_18558	1	0.0008		False
Cluster_4224	1	0.0008		False
Cluster_14771	1	0.0008		False
Cluster_4793	1	0.0008		False
Cluster_7598	1	0.0008		False
Cluster_6369	1	0.0008		False
Cluster_20064	1	0.0008		False
Cluster_15764	1	0.0008		False
Cluster_14550	1	0.0008		False
Cluster_1825	1	0.0008		False
Cluster_15432	1	0.0008		False
Cluster_23658	1	0.0008		False
Cluster_21126	1	0.0008		False
Cluster_9116	1	0.0008		False
Cluster_22067	1	0.0008		False
Cluster_14571	1	0.0008		False
Cluster_19265	1	0.0008		False
Cluster_10303	1	0.0008		False
Cluster_7480	1	0.0008		False
Cluster_7014	1	0.0008		False
Cluster_24640	1	0.0008		False
Cluster_3868	1	0.0008		False
Cluster_13548	1	0.0008		False
Cluster_8412	1	0.0008		False
Cluster_6578	1	0.0008		False
Cluster_10557	1	0.0008		False
Cluster_10943	1	0.0008		False
Cluster_18463	1	0.0008		False
Cluster_16349	1	0.0008		False
Cluster_20030	1	0.0008		False
Cluster_3368	1	0.0008		False
Cluster_12544	1	0.0008		False
Cluster_1698	1	0.0008		False
Cluster_6840	1	0.0008		False
Cluster_8593	1	0.0008		False
Cluster_9520	1	0.0008		False
Cluster_6072	1	0.0008		False
Cluster_7705	1	0.0008		False
Cluster_6036	1	0.0008		False
Cluster_8639	1	0.0008		False
Cluster_17023	1	0.0008		False
Cluster_25664	1	0.0008		False
Cluster_1325	1	0.0008		False
Cluster_14452	1	0.0008		False
Cluster_10384	1	0.0008		False
Cluster_12679	1	0.0008		False
Cluster_11449	1	0.0008		False
Cluster_22654	1	0.0008		False
Cluster_241	1	0.0008		False
Cluster_16652	1	0.0008		False
Cluster_21900	1	0.0008		False
Cluster_24650	1	0.0008		False
Cluster_7301	1	0.0008		False
Cluster_7938	1	0.0008		False
Cluster_8494	1	0.0008		False
Cluster_9170	1	0.0008		False
Cluster_12372	1	0.0008		False
Cluster_6869	1	0.0008		False
Cluster_9925	1	0.0008		False
Cluster_16359	1	0.0008		False
Cluster_24965	1	0.0008		False
Cluster_8430	1	0.0008		False
Cluster_17683	1	0.0008		False
Cluster_1824	1	0.0008		False
Cluster_2888	1	0.0008		False
Cluster_14706	1	0.0008		False
Cluster_24671	1	0.0008		False
Cluster_16261	1	0.0008		False
Cluster_15104	1	0.0008		False
Cluster_2833	1	0.0008		False
Cluster_5821	1	0.0008		False
Cluster_4	1	0.0008		False
Cluster_21306	1	0.0008		False
Cluster_23648	1	0.0008		False
Cluster_15730	1	0.0008		False
Cluster_16596	1	0.0008		False
Cluster_9021	1	0.0008		False
Cluster_11974	1	0.0008		False
Cluster_3995	1	0.0008		False
Cluster_8797	1	0.0008		False
Cluster_21959	1	0.0008		False
Cluster_17551	1	0.0008		False
Cluster_14169	1	0.0008		False
Cluster_8674	1	0.0008		False
Cluster_11702	1	0.0008		False
Cluster_498	1	0.0008		False
Cluster_21129	1	0.0008		False
Cluster_10668	1	0.0008		False
Cluster_3912	1	0.0008		False
Cluster_7911	1	0.0008		False
Cluster_17014	1	0.0008		False
Cluster_8101	1	0.0008		False
Cluster_17570	1	0.0008		False
Cluster_25388	1	0.0008		False
Cluster_12117	1	0.0008		False
Cluster_24499	1	0.0008		False
Cluster_25838	1	0.0008		False
Cluster_22776	1	0.0008		False
Cluster_21790	1	0.0008		False
Cluster_16346	1	0.0008		False
Cluster_5142	1	0.0008		False
Cluster_1478	1	0.0008		False
Cluster_3590	1	0.0008		False
Cluster_5610	1	0.0008		False
Cluster_9199	1	0.0008		False
Cluster_22161	1	0.0008		False
Cluster_12816	1	0.0008		False
Cluster_19661	1	0.0008		False
Cluster_381	1	0.0008		False
Cluster_17751	1	0.0008		False
Cluster_18667	1	0.0008		False
Cluster_2138	1	0.0008		False
Cluster_3534	1	0.0008		False
Cluster_19539	1	0.0008		False
Cluster_23850	1	0.0008		False
Cluster_21590	1	0.0008		False
Cluster_25921	1	0.0008		False
Cluster_12491	1	0.0008		False
Cluster_23767	1	0.0008		False
Cluster_14996	1	0.0008		False
Cluster_17229	1	0.0008		False
Cluster_20443	1	0.0008		False
Cluster_25151	1	0.0008		False
Cluster_17770	1	0.0008		False
Cluster_13054	1	0.0008		False
Cluster_9665	1	0.0008		False
Cluster_16940	1	0.0008		False
Cluster_61	1	0.0008		False
Cluster_19975	1	0.0008		False
Cluster_23871	1	0.0008		False
Cluster_11358	1	0.0008		False
Cluster_421	1	0.0008		False
Cluster_17610	1	0.0008		False
Cluster_3282	1	0.0008		False
Cluster_24758	1	0.0008		False
Cluster_1252	1	0.0008		False
Cluster_11423	1	0.0008		False
Cluster_7281	1	0.0008		False
Cluster_18640	1	0.0008		False
Cluster_18496	1	0.0008		False
Cluster_7145	1	0.0008		False
Cluster_6737	1	0.0008		False
Cluster_19817	1	0.0008		False
Cluster_23740	1	0.0008		False
Cluster_4352	1	0.0008		False
Cluster_15638	1	0.0008		False
Cluster_25315	1	0.0008		False
Cluster_23506	1	0.0008		False
Cluster_5991	1	0.0008		False
Cluster_1930	1	0.0008		False
Cluster_18019	1	0.0008		False
Cluster_556	1	0.0008		False
Cluster_16967	1	0.0008		False
Cluster_22801	1	0.0008		False
Cluster_131	1	0.0008		False
Cluster_23452	1	0.0008		False
Cluster_6670	1	0.0008		False
Cluster_826	1	0.0008		False
Cluster_991	1	0.0008		False
Cluster_18606	1	0.0008		False
Cluster_24558	1	0.0008		False
Cluster_1272	1	0.0008		False
Cluster_19116	1	0.0008		False
Cluster_13965	1	0.0008		False
Cluster_16035	1	0.0008		False
Cluster_11181	1	0.0008		False
Cluster_13650	1	0.0008		False
Cluster_702	1	0.0008		False
Cluster_2041	1	0.0008		False
Cluster_12228	1	0.0008		False
Cluster_7634	1	0.0008		False
Cluster_14215	1	0.0008		False
Cluster_6650	1	0.0008		False
Cluster_678	1	0.0008		False
Cluster_14648	1	0.0008		False
Cluster_8685	1	0.0008		False
Cluster_14001	1	0.0008		False
Cluster_18224	1	0.0008		False
Cluster_16448	1	0.0008		False
Cluster_3047	1	0.0008		False
Cluster_22050	1	0.0008		False
Cluster_18195	1	0.0008		False
Cluster_6165	1	0.0008		False
Cluster_13302	1	0.0008		False
Cluster_96	1	0.0008		False
Cluster_10926	1	0.0008		False
Cluster_13016	1	0.0008		False
Cluster_19386	1	0.0008		False
Cluster_15864	1	0.0008		False
Cluster_13942	1	0.0008		False
Cluster_10560	1	0.0008		False
Cluster_2569	1	0.0008		False
Cluster_4023	1	0.0008		False
Cluster_24711	1	0.0008		False
Cluster_17678	1	0.0008		False
Cluster_19473	1	0.0008		False
Cluster_8978	1	0.0008		False
Cluster_20945	1	0.0008		False
Cluster_22879	1	0.0008		False
Cluster_11414	1	0.0008		False
Cluster_1802	1	0.0008		False
Cluster_8741	1	0.0008		False
Cluster_12854	1	0.0008		False
Cluster_25227	1	0.0008		False
Cluster_21408	1	0.0008		False
Cluster_13499	1	0.0008		False
Cluster_23390	1	0.0008		False
Cluster_8844	1	0.0008		False
Cluster_14850	1	0.0008		False
Cluster_22203	1	0.0008		False
Cluster_26128	1	0.0008		False
Cluster_3825	1	0.0008		False
Cluster_10760	1	0.0008		False
Cluster_10320	1	0.0008		False
Cluster_18122	1	0.0008		False
Cluster_17056	1	0.0008		False
Cluster_20429	1	0.0008		False
Cluster_24511	1	0.0008		False
Cluster_7213	1	0.0008		False
Cluster_2540	1	0.0008		False
Cluster_17785	1	0.0008		False
Cluster_12933	1	0.0008		False
Cluster_13609	1	0.0008		False
Cluster_21367	1	0.0008		False
Cluster_21727	1	0.0008		False
Cluster_14871	1	0.0008		False
Cluster_18131	1	0.0008		False
Cluster_24054	1	0.0008		False
Cluster_23996	1	0.0008		False
Cluster_14767	1	0.0008		False
Cluster_23288	1	0.0008		False
Cluster_19137	1	0.0008		False
Cluster_6490	1	0.0008		False
Cluster_7679	1	0.0008		False
Cluster_8345	1	0.0008		False
Cluster_13131	1	0.0008		False
Cluster_12844	1	0.0008		False
Cluster_3698	1	0.0008		False
Cluster_17818	1	0.0008		False
Cluster_5518	1	0.0008		False
Cluster_20660	1	0.0008		False
Cluster_20125	1	0.0008		False
Cluster_3589	1	0.0008		False
Cluster_16282	1	0.0008		False
Cluster_1129	1	0.0008		False
Cluster_21923	1	0.0008		False
Cluster_18848	1	0.0008		False
Cluster_13213	1	0.0008		False
Cluster_15380	1	0.0008		False
Cluster_3325	1	0.0008		False
Cluster_6164	1	0.0008		False
Cluster_4186	1	0.0008		False
Cluster_16277	1	0.0008		False
Cluster_23709	1	0.0008		False
Cluster_2878	1	0.0008		False
Cluster_11627	1	0.0008		False
Cluster_4268	1	0.0008		False
Cluster_5030	1	0.0008		False
Cluster_1579	1	0.0008		False
Cluster_7953	1	0.0008		False
Cluster_14611	1	0.0008		False
Cluster_11072	1	0.0008		False
Cluster_5094	1	0.0008		False
Cluster_20192	1	0.0008		False
Cluster_15178	1	0.0008		False
Cluster_8344	1	0.0008		False
Cluster_13858	1	0.0008		False
Cluster_2727	1	0.0008		False
Cluster_1091	1	0.0008		False
Cluster_14107	1	0.0008		False
Cluster_16411	1	0.0008		False
Cluster_11598	1	0.0008		False
Cluster_2719	1	0.0008		False
Cluster_13195	1	0.0008		False
Cluster_20272	1	0.0008		False
Cluster_15298	1	0.0008		False
Cluster_18302	1	0.0008		False
Cluster_7722	1	0.0008		False
Cluster_22006	1	0.0008		False
Cluster_4202	1	0.0008		False
Cluster_11087	1	0.0008		False
Cluster_18016	1	0.0008		False
Cluster_8218	1	0.0008		False
Cluster_9968	1	0.0008		False
Cluster_18942	1	0.0008		False
Cluster_10734	1	0.0008		False
Cluster_17851	1	0.0008		False
Cluster_2173	1	0.0008		False
Cluster_495	1	0.0008		False
Cluster_23750	1	0.0008		False
Cluster_9107	1	0.0008		False
Cluster_22177	1	0.0008		False
Cluster_1995	1	0.0008		False
Cluster_1488	1	0.0008		False
Cluster_2424	1	0.0008		False
Cluster_23442	1	0.0008		False
Cluster_6616	1	0.0008		False
Cluster_18671	1	0.0008		False
Cluster_13224	1	0.0008		False
Cluster_1433	1	0.0008		False
Cluster_16563	1	0.0008		False
Cluster_1912	1	0.0008		False
Cluster_18965	1	0.0008		False
Cluster_21238	1	0.0008		False
Cluster_21914	1	0.0008		False
Cluster_25538	1	0.0008		False
Cluster_9046	1	0.0008		False
Cluster_22182	1	0.0008		False
Cluster_11908	1	0.0008		False
Cluster_9894	1	0.0008		False
Cluster_19682	1	0.0008		False
Cluster_24748	1	0.0008		False
Cluster_14658	1	0.0008		False
Cluster_10929	1	0.0008		False
Cluster_925	1	0.0008		False
Cluster_571	1	0.0008		False
Cluster_8709	1	0.0008		False
Cluster_11094	1	0.0008		False
Cluster_16323	1	0.0008		False
Cluster_16763	1	0.0008		False
Cluster_3478	1	0.0008		False
Cluster_1590	1	0.0008		False
Cluster_4852	1	0.0008		False
Cluster_2208	1	0.0008		False
Cluster_2523	1	0.0008		False
Cluster_23166	1	0.0008		False
Cluster_13019	1	0.0008		False
Cluster_11802	1	0.0008		False
Cluster_2153	1	0.0008		False
Cluster_1534	1	0.0008		False
Cluster_21890	1	0.0008		False
Cluster_19022	1	0.0008		False
Cluster_13640	1	0.0008		False
Cluster_23571	1	0.0008		False
