gene	n_isolates	prevalence	single_copy_frac	excluded_reason	is_core_cds
fmtB	1231	1.0	0.8424		False
group_5825	1231	1.0	1.0		True
group_5824	1231	1.0	1.0		True
dabB~~~dabA	1231	1.0	0.0016		False
group_5807	1231	1.0	0.9984		True
group_5806	1231	1.0	1.0		True
group_5805	1231	1.0	0.9992		True
group_5799	1231	1.0	0.9984		True
group_5786	1231	1.0	0.9992	paralog_readval_masked	False
group_5776	1231	1.0	1.0		True
sepF	1231	1.0	1.0		True
yheS	1231	1.0	0.9976		True
group_5769	1231	1.0	0.9976		True
group_5768	1231	1.0	0.987		False
group_5766	1231	1.0	0.9951		True
group_5764	1231	1.0	1.0		True
group_5762	1231	1.0	1.0		True
group_5761	1231	1.0	0.9992		True
group_5760	1231	1.0	1.0		True
group_5757	1231	1.0	1.0		True
group_5756	1231	1.0	0.9959		True
group_5755	1231	1.0	0.9976		True
group_5750	1231	1.0	1.0		True
group_5749	1231	1.0	1.0		True
abrB	1231	1.0	0.9878		False
group_5741	1231	1.0	1.0		True
group_5740	1231	1.0	1.0		True
group_5737	1231	1.0	1.0		True
group_5735	1231	1.0	0.9992		True
group_5734	1231	1.0	0.9992		True
group_5725	1231	1.0	1.0		True
group_5722	1231	1.0	1.0		True
group_5720	1231	1.0	0.9992		True
mnhD2~~~mnhC2	1231	1.0	0.0081		False
group_5716	1231	1.0	0.9951		True
mutS2	1231	1.0	0.9992		True
group_5712	1231	1.0	1.0		True
group_5710	1231	1.0	0.9935		True
group_5709	1231	1.0	0.9992		True
group_5697	1231	1.0	1.0		True
dnaJ	1231	1.0	0.9992		True
group_5695	1231	1.0	0.9992		True
group_5694	1231	1.0	0.9992		True
acuC	1231	1.0	0.9829		False
secA~~~mupA	1231	1.0	0.9992		True
group_5686	1231	1.0	0.9992		True
group_5682	1231	1.0	1.0		True
group_5680	1231	1.0	0.9984		True
group_5674	1231	1.0	0.9992		True
group_5644	1231	1.0	0.9935		True
group_5643	1231	1.0	1.0		True
group_5640	1231	1.0	1.0		True
epsF	1231	1.0	0.9894		False
group_5623	1231	1.0	1.0		True
group_5620	1231	1.0	1.0		True
group_5618	1231	1.0	0.9992		True
group_5616	1231	1.0	0.9984		True
group_5607	1231	1.0	0.9951		True
group_5600	1231	1.0	1.0		True
azlD	1231	1.0	1.0		True
mnhC1	1231	1.0	0.9992		True
ychF	1231	1.0	0.9992		True
group_5582	1231	1.0	1.0		True
group_5581	1231	1.0	1.0		True
group_5575	1231	1.0	0.9976		True
group_5574	1231	1.0	0.9968		True
group_5573	1231	1.0	0.9951		True
group_5565	1231	1.0	0.9992		True
group_5562	1231	1.0	1.0		True
clpB	1231	1.0	0.9984		True
group_5559	1231	1.0	0.9553		False
group_5557	1231	1.0	1.0		True
group_5555	1231	1.0	1.0		True
group_5552	1231	1.0	0.9968		True
fdhD	1231	1.0	1.0		True
group_5544	1231	1.0	1.0		True
group_5543	1231	1.0	1.0		True
group_5542	1231	1.0	1.0		True
group_5539	1231	1.0	0.9984		True
group_5538	1231	1.0	1.0		True
group_5536	1231	1.0	1.0		True
efeB	1231	1.0	0.9618		False
group_5528	1231	1.0	1.0		True
group_5527	1231	1.0	0.9976		True
group_5524	1231	1.0	1.0		True
engB	1231	1.0	1.0		True
group_5520	1231	1.0	0.9976		True
group_5518	1231	1.0	1.0		True
group_5517	1231	1.0	0.9976		True
group_5516	1231	1.0	1.0		True
group_5515	1231	1.0	0.9968		True
isdB	1231	1.0	0.9968		True
group_5508	1231	1.0	0.9992		True
group_5507	1231	1.0	1.0		True
group_5504	1231	1.0	0.9927		True
group_5503	1231	1.0	0.9634		False
group_5502	1231	1.0	0.9919	paralog_readval_masked	False
group_5500	1231	1.0	1.0		True
group_5499	1231	1.0	0.9927	paralog_readval_masked	False
group_5492	1231	1.0	0.9992		True
group_5490	1231	1.0	0.9984		True
group_5488	1231	1.0	1.0		True
sgtB	1231	1.0	0.9894		False
group_5484	1231	1.0	0.9992		True
group_5480	1231	1.0	1.0		True
group_5479	1231	1.0	0.9984		True
group_5478	1231	1.0	1.0		True
group_5476	1231	1.0	1.0		True
group_5475	1231	1.0	0.9927		True
group_5473	1231	1.0	1.0		True
group_5472	1231	1.0	0.9919		True
group_5470	1231	1.0	0.9992		True
group_5469	1231	1.0	0.9992		True
group_5468	1231	1.0	1.0		True
group_5463	1231	1.0	0.9992		True
group_5389	1231	1.0	0.9935		True
group_5376	1231	1.0	1.0		True
group_5360	1231	1.0	1.0		True
sarZ	1231	1.0	0.9992		True
group_5355	1231	1.0	1.0		True
group_5351	1231	1.0	0.9984		True
group_5348	1231	1.0	1.0		True
group_5343	1231	1.0	1.0		True
group_5342	1231	1.0	0.9992		True
group_5339	1231	1.0	1.0		True
isdC	1231	1.0	1.0		True
group_5324	1231	1.0	1.0		True
ftsL	1231	1.0	1.0		True
group_5320	1231	1.0	0.9959		True
sufU	1231	1.0	1.0		True
group_5317	1231	1.0	1.0		True
group_5312	1231	1.0	1.0		True
group_5304	1231	1.0	0.9992		True
purS	1231	1.0	1.0		True
group_5298	1231	1.0	1.0		True
group_5284	1231	1.0	0.9992		True
group_5282	1231	1.0	1.0		True
group_5278	1231	1.0	1.0		True
group_5276	1231	1.0	0.9943		True
group_5275	1231	1.0	1.0		True
group_5271	1231	1.0	1.0		True
group_5270	1231	1.0	0.9903		True
group_5268	1231	1.0	1.0		True
group_5267	1231	1.0	1.0		True
group_5265	1231	1.0	0.9992		True
group_5263	1231	1.0	1.0		True
group_5262	1231	1.0	0.9984		True
sufB	1231	1.0	1.0		True
group_5259	1231	1.0	0.9968		True
group_5256	1231	1.0	1.0		True
group_5254	1231	1.0	0.9935		True
group_5249	1231	1.0	1.0		True
group_5248	1231	1.0	1.0		True
group_5247	1231	1.0	1.0		True
group_5246	1231	1.0	0.9992		True
group_5238	1231	1.0	0.9984		True
ssaA2	1231	1.0	0.9838		False
group_5209	1231	1.0	1.0		True
group_5208	1231	1.0	1.0		True
group_5207	1231	1.0	1.0		True
rbsU	1231	1.0	0.9992		True
group_5198	1231	1.0	1.0		True
group_5197	1231	1.0	0.9992		True
group_5189	1231	1.0	1.0		True
group_5182	1231	1.0	0.9992		True
group_5153	1231	1.0	0.9992		True
group_5142	1231	1.0	0.9764		False
group_5140	1231	1.0	0.9984		True
group_5112	1231	1.0	0.9919		True
group_5111	1231	1.0	0.9903		True
group_5110	1231	1.0	0.9959		True
group_5109	1231	1.0	0.9919		True
bioD	1231	1.0	0.9667		False
group_5106	1231	1.0	0.9984		True
group_5101	1231	1.0	0.9976		True
group_5097	1231	1.0	0.9935		True
terC	1231	1.0	1.0		True
group_5088	1231	1.0	1.0		True
group_5085	1231	1.0	0.9984		True
group_5081	1231	1.0	0.9992		True
group_5075	1231	1.0	1.0		True
group_5074	1231	1.0	0.9968		True
group_5072	1231	1.0	0.9976		True
group_5069	1231	1.0	0.0032		False
group_5067	1231	1.0	1.0		True
group_5064	1231	1.0	0.9992		True
group_5063	1231	1.0	0.9927		True
group_5061	1231	1.0	0.9984		True
group_5056	1231	1.0	0.9935		True
cap8B	1231	1.0	0.9894		False
ureE	1231	1.0	1.0		True
group_5044	1231	1.0	0.9968		True
group_5042	1231	1.0	0.9984		True
group_5035	1231	1.0	1.0		True
argJ	1231	1.0	0.9813		False
group_5030	1231	1.0	0.9781		False
group_5028	1231	1.0	0.9984		True
group_5026	1231	1.0	1.0		True
group_5021	1231	1.0	0.9984		True
group_5020	1231	1.0	0.9992		True
group_5018	1231	1.0	0.9943		True
group_5016	1231	1.0	0.9959		True
group_5015	1231	1.0	0.9976		True
kdpA	1231	1.0	0.9878		False
group_5010	1231	1.0	1.0		True
group_5008	1231	1.0	1.0		True
hssS	1231	1.0	0.9951		True
group_5007	1231	1.0	1.0		True
group_4999	1231	1.0	0.9829		False
group_4995	1231	1.0	1.0		True
group_4992	1231	1.0	1.0	paralog_readval_masked	False
group_4990	1231	1.0	0.9951		True
rsfS	1231	1.0	1.0		True
group_4988	1231	1.0	0.9976		True
group_4984	1231	1.0	1.0		True
group_4976	1231	1.0	0.9935		True
group_4974	1231	1.0	1.0		True
group_4973	1231	1.0	0.9781		False
group_4971	1231	1.0	0.9992		True
codY	1231	1.0	1.0		True
pmtD	1231	1.0	0.9992		True
group_4965	1231	1.0	0.9992		True
yggT	1231	1.0	1.0		True
group_4964	1231	1.0	1.0		True
group_4963	1231	1.0	1.0		True
group_4962	1231	1.0	0.9976		True
group_4959	1231	1.0	0.9968		True
group_4955	1231	1.0	1.0		True
group_4953	1231	1.0	1.0		True
group_4952	1231	1.0	0.9992		True
group_4948	1231	1.0	1.0		True
group_4947	1231	1.0	0.9984		True
group_4945	1231	1.0	0.9968		True
group_4944	1231	1.0	0.9959		True
group_4942	1231	1.0	0.9992		True
group_4941	1231	1.0	1.0		True
group_4940	1231	1.0	0.9976		True
mdeA	1231	1.0	0.9569		False
sdrH	1231	1.0	0.9935		True
group_4938	1231	1.0	1.0	paralog_readval_masked	False
group_4936	1231	1.0	0.9984		True
group_4935	1231	1.0	0.9992		True
group_4934	1231	1.0	1.0		True
kimA	1231	1.0	0.9959		True
group_4929	1231	1.0	1.0		True
group_4928	1231	1.0	0.9976		True
cidA	1231	1.0	1.0		True
group_4927	1231	1.0	0.9959		True
pmtB	1231	1.0	1.0		True
group_4926	1231	1.0	1.0		True
group_4925	1231	1.0	0.9894		False
group_4920	1231	1.0	0.9968		True
group_4917	1231	1.0	0.9959		True
hemW	1231	1.0	1.0		True
dnaK	1231	1.0	0.9976		True
group_4916	1231	1.0	1.0		True
group_4915	1231	1.0	0.9968		True
cvfB	1231	1.0	0.9984		True
group_4914	1231	1.0	0.9992		True
group_4913	1231	1.0	0.9976		True
metP	1231	1.0	1.0		True
group_4912	1231	1.0	0.9992		True
group_4910	1231	1.0	1.0		True
group_4907	1231	1.0	0.9886		False
group_4906	1231	1.0	1.0		True
fakB1	1231	1.0	0.9968	paralog_readval_masked	False
cap8F	1231	1.0	0.9992		True
group_4901	1231	1.0	0.9862		False
group_4900	1231	1.0	1.0		True
gtxA	1231	1.0	1.0		True
group_4897	1231	1.0	0.9984		True
ltaA	1231	1.0	0.9935		True
group_4892	1231	1.0	1.0		True
femB	1231	1.0	0.9992		True
group_4891	1231	1.0	0.9943		True
group_4890	1231	1.0	1.0		True
group_4889	1231	1.0	0.9943		True
group_4888	1231	1.0	1.0		True
group_4886	1231	1.0	1.0		True
group_4885	1231	1.0	1.0		True
group_4883	1231	1.0	1.0		True
group_4882	1231	1.0	1.0		True
fabZ	1231	1.0	1.0		True
group_4881	1231	1.0	0.9862		False
phoP	1231	1.0	0.9992		True
group_4880	1231	1.0	0.9984		True
group_4879	1231	1.0	1.0		True
group_4878	1231	1.0	1.0		True
group_4874	1231	1.0	1.0		True
ftnA	1231	1.0	1.0		True
comA	1231	1.0	0.9992		True
group_4873	1231	1.0	1.0		True
csbB	1231	1.0	0.9984		True
group_4871	1231	1.0	1.0		True
group_4870	1231	1.0	0.9992		True
group_4867	1231	1.0	1.0		True
group_4866	1231	1.0	1.0		True
group_4865	1231	1.0	0.9951		True
group_4864	1231	1.0	0.9992		True
csoR	1231	1.0	1.0		True
group_4860	1231	1.0	1.0		True
group_4859	1231	1.0	0.9968		True
group_4858	1231	1.0	0.9992		True
group_4857	1231	1.0	0.9976		True
group_4856	1231	1.0	1.0		True
group_4855	1231	1.0	1.0		True
group_4853	1231	1.0	1.0		True
group_4848	1231	1.0	1.0		True
group_4847	1231	1.0	1.0		True
nrdH	1231	1.0	0.9992		True
scdA	1231	1.0	1.0		True
ylaF	1231	1.0	1.0		True
group_4843	1231	1.0	0.9984		True
group_4842	1231	1.0	0.9643		False
group_4839	1231	1.0	0.9984	paralog_readval_masked	False
group_4836	1231	1.0	1.0		True
group_4834	1231	1.0	0.9943		True
group_4833	1231	1.0	1.0		True
isdG	1231	1.0	1.0		True
group_4832	1231	1.0	1.0		True
group_4831	1231	1.0	0.9984		True
group_4830	1231	1.0	0.9992		True
group_4829	1231	1.0	1.0		True
yozC	1231	1.0	1.0		True
group_4828	1231	1.0	1.0		True
group_4825	1231	1.0	0.9984		True
group_4823	1231	1.0	0.9976		True
group_4822	1231	1.0	1.0		True
group_4821	1231	1.0	0.9976		True
group_4820	1231	1.0	0.9976		True
ytpR	1231	1.0	0.9992		True
group_4814	1231	1.0	0.9968		True
group_4812	1231	1.0	0.9992		True
phnE~~~phnE2	1231	1.0	1.0		True
group_4809	1231	1.0	1.0		True
group_4808	1231	1.0	0.9976		True
group_4807	1231	1.0	0.9943		True
group_4806	1231	1.0	1.0		True
group_4805	1231	1.0	0.9943		True
group_4803	1231	1.0	1.0		True
gtfB	1231	1.0	0.9903		True
group_4793	1231	1.0	0.9992		True
lysP	1231	1.0	0.9976		True
ftsY	1231	1.0	0.9984		True
group_4786	1231	1.0	1.0		True
greA	1231	1.0	1.0		True
group_4783	1231	1.0	0.9943		True
group_4781	1231	1.0	0.9968		True
group_4780	1231	1.0	0.9927	paralog_readval_masked	False
group_4779	1231	1.0	1.0		True
mnhG2	1231	1.0	1.0		True
group_4773	1231	1.0	0.9992		True
group_4772	1231	1.0	0.9935		True
group_4766	1231	1.0	0.9838		False
group_4765	1231	1.0	0.9968		True
zapA	1231	1.0	1.0	paralog_readval_masked	False
group_4761	1231	1.0	1.0		True
group_4760	1231	1.0	1.0		True
group_4759	1231	1.0	0.9992		True
group_4756	1231	1.0	0.9968		True
group_4755	1231	1.0	1.0		True
group_4751	1231	1.0	0.9805		False
group_4746	1231	1.0	1.0		True
group_4745	1231	1.0	0.9951		True
mgtE	1231	1.0	0.9984		True
sarV	1231	1.0	1.0		True
group_4744	1231	1.0	0.0049		False
group_4739	1231	1.0	1.0		True
group_4737	1231	1.0	0.9992		True
group_4736	1231	1.0	0.9959		True
group_4735	1231	1.0	0.9992		True
group_4734	1231	1.0	0.9992		True
group_4731	1231	1.0	1.0		True
mtaB	1231	1.0	0.9968		True
group_4730	1231	1.0	1.0		True
group_4729	1231	1.0	0.9984		True
group_4728	1231	1.0	0.9992		True
group_4727	1231	1.0	0.9984		True
umuC	1231	1.0	0.9854		False
comF	1231	1.0	0.9968		True
group_4722	1231	1.0	1.0		True
recD2	1231	1.0	0.9992		True
hdeD	1231	1.0	1.0		True
vraE	1231	1.0	0.9984		True
vraD	1231	1.0	0.9976		True
group_4720	1231	1.0	0.9992		True
hflX	1231	1.0	0.9951		True
nikA	1231	1.0	0.9813		False
hptS	1231	1.0	0.9976		True
group_4693	1231	1.0	1.0		True
group_4692	1231	1.0	0.9805		False
group_4653	1231	1.0	1.0		True
group_4650	1231	1.0	1.0		True
group_4645	1231	1.0	1.0		True
group_4644	1231	1.0	0.9992		True
group_4643	1231	1.0	1.0		True
group_4640	1231	1.0	0.9992		True
modA	1231	1.0	0.9992		True
group_4638	1231	1.0	1.0		True
group_4637	1231	1.0	0.9724		False
group_4635	1231	1.0	0.9992		True
group_4634	1231	1.0	1.0		True
secG	1231	1.0	1.0		True
group_4630	1231	1.0	1.0		True
group_4629	1231	1.0	0.9764		False
tet38	1231	1.0	0.9911		True
corA	1231	1.0	0.9968		True
group_4628	1231	1.0	0.9968		True
group_4612	1231	1.0	0.9976		True
group_4603	1231	1.0	1.0		True
group_4600	1231	1.0	0.9643		False
group_4598	1231	1.0	1.0		True
group_4597	1231	1.0	0.9992		True
group_4596	1231	1.0	1.0		True
group_4593	1231	1.0	0.9984		True
group_4590	1231	1.0	1.0		True
group_4584	1231	1.0	0.9911		True
group_4582	1231	1.0	1.0		True
msaA	1231	1.0	1.0		True
group_4581	1231	1.0	1.0		True
group_4565	1231	1.0	1.0		True
group_4561	1231	1.0	1.0		True
mnhD1	1231	1.0	0.9976		True
mnhB1	1231	1.0	1.0		True
rpiR	1231	1.0	0.9935		True
femX	1231	1.0	0.9992		True
group_4556	1231	1.0	1.0		True
group_4552	1231	1.0	0.9992		True
group_4551	1231	1.0	0.9992		True
ptpA	1231	1.0	1.0		True
group_4549	1231	1.0	0.9854		False
group_4546	1231	1.0	0.9943		True
group_4542	1231	1.0	1.0		True
group_4526	1231	1.0	0.9992		True
group_4521	1231	1.0	0.9992		True
group_4518	1231	1.0	0.9992		True
group_4517	1231	1.0	1.0		True
group_4516	1231	1.0	1.0		True
yjbH~~~spxH	1231	1.0	0.9992		True
group_4512	1231	1.0	1.0		True
group_4509	1231	1.0	1.0		True
group_4508	1231	1.0	1.0		True
group_4503	1231	1.0	1.0		True
group_4501	1231	1.0	1.0		True
group_4500	1231	1.0	1.0		True
group_4498	1231	1.0	1.0		True
tcyP	1231	1.0	0.9797		False
group_4487	1231	1.0	1.0		True
ureF	1231	1.0	0.9992		True
group_4486	1231	1.0	1.0		True
oatA	1231	1.0	0.9578		False
sceD	1231	1.0	1.0		True
yugP	1231	1.0	1.0		True
hslV	1231	1.0	1.0		True
mnmG	1231	1.0	0.9976		True
pepB	1231	1.0	1.0		True
mecA	1231	1.0	0.9992		True
group_4480	1231	1.0	0.9992		True
group_4470	1231	1.0	0.9943		True
group_4469	1231	1.0	1.0		True
group_4465	1231	1.0	0.9984		True
ftsA	1231	1.0	0.9992		True
ytmP	1231	1.0	1.0		True
group_4462	1231	1.0	0.9886		False
folD	1231	1.0	0.9984		True
group_4461	1231	1.0	1.0		True
sdpB	1231	1.0	1.0		True
group_4458	1231	1.0	1.0		True
group_4457	1231	1.0	0.9976		True
group_4455	1231	1.0	1.0		True
group_4454	1231	1.0	1.0		True
group_4453	1231	1.0	0.9992		True
group_4451	1231	1.0	0.9984		True
group_4450	1231	1.0	0.9968		True
group_4448	1231	1.0	1.0		True
group_4445	1231	1.0	1.0		True
group_4439	1231	1.0	0.9992		True
lysM	1231	1.0	1.0		True
group_4430	1231	1.0	1.0		True
group_4427	1231	1.0	1.0		True
group_4420	1231	1.0	0.9992		True
group_4419	1231	1.0	1.0		True
group_4418	1231	1.0	1.0		True
group_4414	1231	1.0	0.9992		True
floA	1231	1.0	1.0		True
group_4409	1231	1.0	1.0		True
group_4407	1231	1.0	0.9984		True
gdpP	1231	1.0	0.9968		True
group_4402	1231	1.0	0.9976		True
group_4401	1231	1.0	0.9976		True
group_4400	1231	1.0	0.9813		False
group_4398	1231	1.0	1.0		True
group_4397	1231	1.0	0.9708		False
group_4396	1231	1.0	0.9659		False
group_4393	1231	1.0	0.9968	paralog_readval_masked	False
mazE	1231	1.0	1.0		True
gmpC	1231	1.0	0.987		False
group_4389	1231	1.0	1.0		True
group_4388	1231	1.0	0.9959		True
group_4387	1231	1.0	1.0		True
group_4384	1231	1.0	0.9992		True
group_4383	1231	1.0	0.9984		True
group_4382	1231	1.0	0.9976		True
narX	1231	1.0	1.0		True
purL	1231	1.0	1.0		True
group_4374	1231	1.0	1.0		True
group_4372	1231	1.0	0.9919		True
group_4369	1231	1.0	0.9992		True
group_4368	1231	1.0	0.9992		True
group_4367	1231	1.0	1.0		True
nifU	1231	1.0	1.0		True
group_4366	1231	1.0	0.9992		True
group_4364	1231	1.0	1.0		True
group_4363	1231	1.0	1.0		True
group_4362	1231	1.0	0.9992		True
group_4361	1231	1.0	0.9976		True
tagH	1231	1.0	1.0		True
group_4356	1231	1.0	1.0		True
group_4352	1231	1.0	0.9992		True
group_4348	1231	1.0	0.9959		True
group_4345	1231	1.0	0.9992		True
group_4341	1231	1.0	1.0		True
group_4339	1231	1.0	0.9984		True
group_4338	1231	1.0	0.9854		False
group_4337	1231	1.0	1.0		True
group_4336	1231	1.0	1.0		True
group_4334	1231	1.0	0.9992		True
group_4333	1231	1.0	1.0		True
group_4329	1231	1.0	0.9821		False
group_4323	1231	1.0	0.9984		True
group_4321	1231	1.0	0.9854		False
group_4316	1231	1.0	0.9984		True
rocG	1231	1.0	1.0		True
group_4314	1231	1.0	0.9911		True
group_4308	1231	1.0	0.9984		True
group_4306	1231	1.0	0.9976		True
group_4305	1231	1.0	1.0	paralog_readval_masked	False
aroP	1231	1.0	0.9984		True
group_4304	1231	1.0	1.0		True
group_4303	1231	1.0	1.0		True
group_4302	1231	1.0	1.0		True
group_4301	1231	1.0	0.9886		False
group_4291	1231	1.0	1.0		True
group_4290	1231	1.0	1.0		True
group_4286	1231	1.0	0.9992		True
group_4285	1231	1.0	0.9643		False
mepA	1231	1.0	0.9659		False
group_4283	1231	1.0	0.9992		True
mnmE	1231	1.0	1.0		True
group_4281	1231	1.0	0.9992		True
group_4280	1231	1.0	1.0		True
group_4279	1231	1.0	1.0		True
group_4276	1231	1.0	1.0		True
group_4270	1231	1.0	0.9951		True
lipM	1231	1.0	0.9992		True
group_4266	1231	1.0	1.0		True
group_4265	1231	1.0	0.9968		True
aldA	1231	1.0	0.9976		True
secA	1231	1.0	0.9245		False
yclF	1231	1.0	1.0		True
group_4261	1231	1.0	0.9992		True
group_4260	1231	1.0	1.0		True
recX	1231	1.0	1.0		True
gatA	1231	1.0	0.9984		True
group_4256	1231	1.0	0.9976		True
group_4253	1231	1.0	0.9984		True
group_4252	1231	1.0	1.0		True
group_4250	1231	1.0	0.9911		True
group_4249	1231	1.0	1.0		True
group_4248	1231	1.0	1.0	paralog_readval_masked	False
ltaS	1231	1.0	1.0		True
group_4243	1231	1.0	1.0		True
group_4242	1231	1.0	0.9976		True
group_4241	1231	1.0	1.0		True
group_4240	1231	1.0	0.9789		False
group_4236	1231	1.0	0.9992		True
bipA~~~typA	1231	1.0	0.9976		True
sasF	1231	1.0	0.9959		True
group_4227	1231	1.0	0.9838		False
group_4226	1231	1.0	0.9992		True
rlmN	1231	1.0	0.9992		True
group_4224	1231	1.0	0.9992		True
group_4222	1231	1.0	0.9903		True
group_4218	1231	1.0	0.9992		True
group_4216	1231	1.0	0.9927		True
group_4215	1231	1.0	0.9968		True
feoB	1231	1.0	0.9854		False
group_4214	1231	1.0	0.9927		True
group_4213	1231	1.0	1.0		True
group_4211	1231	1.0	0.9586		False
group_4210	1231	1.0	1.0		True
arlS	1231	1.0	0.9911		True
group_4204	1231	1.0	0.9984		True
group_4203	1231	1.0	0.9992		True
group_4201	1231	1.0	0.9984		True
group_4200	1231	1.0	1.0		True
group_4173	1231	1.0	0.9789		False
group_4162	1231	1.0	0.9992		True
group_4059	1231	1.0	1.0		True
group_4052	1231	1.0	0.9984		True
group_4049	1231	1.0	1.0		True
group_4048	1231	1.0	1.0		True
group_4047	1231	1.0	1.0		True
group_4045	1231	1.0	1.0		True
sdpC	1231	1.0	0.9943		True
group_4041	1231	1.0	1.0		True
recN	1231	1.0	0.9992		True
group_4036	1231	1.0	1.0		True
group_4030	1231	1.0	0.9976		True
group_4029	1231	1.0	0.9992		True
group_4028	1231	1.0	0.9992		True
group_4025	1231	1.0	0.9756		False
group_4017	1231	1.0	0.9911		True
group_4007	1231	1.0	1.0		True
group_4005	1231	1.0	0.9992		True
group_3997	1231	1.0	0.9959		True
group_3996	1231	1.0	0.9984		True
yloV	1231	1.0	0.9992		True
group_3994	1231	1.0	1.0		True
group_3989	1231	1.0	1.0		True
group_3987	1231	1.0	0.9976		True
group_3986	1231	1.0	0.9984		True
group_3961	1231	1.0	0.9992		True
group_3959	1231	1.0	0.9976		True
group_3954	1231	1.0	1.0		True
group_3953	1231	1.0	1.0		True
rimM	1231	1.0	1.0		True
group_3949	1231	1.0	1.0		True
fmhA~~~femA	1231	1.0	0.9553		False
group_3947	1231	1.0	1.0		True
group_3944	1231	1.0	1.0		True
group_3938	1231	1.0	1.0		True
group_3933	1231	1.0	0.9976	paralog_readval_masked	False
group_3931	1231	1.0	0.9992		True
abgT	1231	1.0	0.9569		False
group_3926	1231	1.0	0.9959		True
group_3924	1231	1.0	0.9976		True
isdD	1231	1.0	0.9943		True
group_3918	1231	1.0	1.0		True
harA	1231	1.0	0.922		False
group_3916	1231	1.0	1.0		True
group_3915	1231	1.0	0.9992		True
grpB	1231	1.0	1.0		True
group_3913	1231	1.0	0.9992		True
group_3911	1231	1.0	0.9951		True
group_3909	1231	1.0	0.9992		True
group_3906	1231	1.0	0.9992		True
group_3905	1231	1.0	0.9976		True
group_3901	1231	1.0	0.9984		True
brxB	1231	1.0	0.9992		True
group_3900	1231	1.0	0.9976		True
sirC	1231	1.0	1.0		True
group_3899	1231	1.0	0.9968		True
yrhE	1231	1.0	0.9959	paralog_readval_masked	False
group_3893	1231	1.0	0.9992		True
group_3891	1231	1.0	1.0		True
group_3890	1231	1.0	1.0		True
group_3889	1231	1.0	1.0		True
group_3886	1231	1.0	0.9691		False
sufS	1231	1.0	1.0		True
group_3879	1231	1.0	1.0		True
group_3877	1231	1.0	1.0		True
group_3873	1231	1.0	1.0		True
group_3872	1231	1.0	1.0		True
hssR	1231	1.0	1.0		True
group_3869	1231	1.0	1.0		True
group_3866	1231	1.0	1.0		True
group_3859	1231	1.0	0.9984		True
group_3853	1231	1.0	0.9992		True
group_3852	1231	1.0	1.0		True
group_3851	1231	1.0	1.0		True
group_3849	1231	1.0	0.9976		True
purQ	1231	1.0	0.9992		True
group_3821	1231	1.0	0.9984		True
group_3790	1231	1.0	1.0		True
mntH	1231	1.0	0.9959		True
dltX	1231	1.0	1.0		True
group_3746	1231	1.0	0.9992		True
xerC	1231	1.0	0.9992		True
sdcS	1231	1.0	0.9959		True
purH	1231	1.0	0.9984		True
group_3689	1231	1.0	0.9992		True
group_3603	1231	1.0	0.9976		True
lrgB	1231	1.0	1.0		True
group_3560	1231	1.0	0.9602		False
group_3545	1231	1.0	0.9968		True
camS	1231	1.0	0.9976		True
group_3537	1231	1.0	0.9667		False
dhaK	1231	1.0	0.9976		True
group_3536	1231	1.0	0.9862		False
group_3535	1231	1.0	0.9976		True
murT	1231	1.0	0.9984		True
group_3534	1231	1.0	0.9773		False
group_3532	1231	1.0	0.9984		True
group_3530	1231	1.0	0.9829		False
gtfA	1231	1.0	0.9959		True
cap8D	1231	1.0	0.9374		False
group_3522	1231	1.0	0.9959		True
group_3516	1231	1.0	0.9992		True
group_3512	1231	1.0	0.9927		True
group_3508	1231	1.0	0.9984		True
group_3504	1231	1.0	0.9878		False
group_3500	1231	1.0	0.9992		True
group_3499	1231	1.0	1.0		True
group_3494	1231	1.0	0.9984		True
dhaL	1231	1.0	0.9992		True
recQ	1231	1.0	0.9927		True
group_3489	1231	1.0	1.0		True
ypdE~~~yhfE	1231	1.0	0.9959		True
group_3474	1231	1.0	0.9984		True
group_3470	1231	1.0	1.0		True
group_3456	1231	1.0	0.9984	paralog_readval_masked	False
group_3455	1231	1.0	0.9894		False
group_3451	1231	1.0	0.9984		True
group_3449	1231	1.0	0.9992		True
group_3448	1231	1.0	0.9976		True
group_3440	1231	1.0	0.9732		False
group_3439	1231	1.0	0.9984		True
group_3435	1231	1.0	0.9862		False
group_3434	1231	1.0	0.9968		True
group_3431	1231	1.0	0.9992		True
group_3426	1231	1.0	0.9976		True
group_3422	1231	1.0	0.9699		False
group_3417	1231	1.0	0.9992		True
group_3414	1231	1.0	1.0		True
group_3413	1231	1.0	0.9935		True
group_3408	1231	1.0	0.9984		True
group_3407	1231	1.0	0.9708		False
gatD	1231	1.0	0.9984		True
group_3404	1231	1.0	0.9984		True
group_3401	1231	1.0	1.0		True
group_3397	1231	1.0	0.9992		True
group_3394	1231	1.0	1.0		True
group_3393	1231	1.0	0.9984		True
group_3391	1231	1.0	0.9943		True
group_3390	1231	1.0	0.9894		False
group_3388	1231	1.0	0.9886		False
group_3387	1231	1.0	1.0		True
group_3386	1231	1.0	0.9976		True
group_3384	1231	1.0	0.9992	paralog_readval_masked	False
group_3381	1231	1.0	0.9992		True
group_3380	1231	1.0	0.9992		True
cspA	1231	1.0	1.0	paralog_readval_masked	False
group_3371	1231	1.0	1.0		True
group_3370	1231	1.0	1.0		True
group_3366	1231	1.0	0.9976		True
group_3361	1231	1.0	1.0		True
group_3357	1231	1.0	1.0		True
saeS	1231	1.0	0.9976		True
whiA	1231	1.0	0.9951		True
adcA	1231	1.0	0.9984		True
cap8P	1231	1.0	0.9992		True
group_3347	1231	1.0	0.9992		True
group_3345	1231	1.0	0.9943		True
group_3344	1231	1.0	1.0		True
group_3342	1231	1.0	0.9764		False
group_3338	1231	1.0	1.0		True
group_3335	1231	1.0	0.9984	paralog_readval_masked	False
cap8O	1231	1.0	0.9992		True
group_3331	1231	1.0	1.0		True
group_3329	1231	1.0	0.9976		True
group_3327	1231	1.0	0.9984		True
mutT	1231	1.0	0.9968		True
group_3323	1231	1.0	1.0		True
arlR	1231	1.0	0.9911		True
narT	1231	1.0	1.0		True
group_3316	1231	1.0	0.9951		True
rsbW	1231	1.0	0.9992		True
group_3309	1231	1.0	1.0		True
group_3307	1231	1.0	0.9805		False
group_3302	1231	1.0	0.9992	paralog_readval_masked	False
group_3298	1231	1.0	0.9992		True
clpY	1231	1.0	0.9992		True
cap8M	1231	1.0	0.9992		True
group_3294	1231	1.0	0.9959		True
group_3293	1231	1.0	0.9976		True
group_3291	1231	1.0	0.9659		False
group_3289	1231	1.0	1.0		True
group_3286	1231	1.0	0.9992		True
group_3285	1231	1.0	0.9984		True
group_3284	1231	1.0	1.0		True
group_3278	1231	1.0	0.9959		True
sbnH	1231	1.0	0.9968		True
group_3267	1231	1.0	1.0		True
group_3265	1231	1.0	0.9951		True
group_3264	1231	1.0	1.0		True
dinG	1231	1.0	0.9976		True
group_3259	1231	1.0	1.0		True
group_3258	1231	1.0	0.9992		True
group_3254	1231	1.0	0.9992		True
group_3250	1231	1.0	0.9984		True
group_3246	1231	1.0	0.9984		True
srtB	1231	1.0	1.0		True
group_3234	1231	1.0	1.0		True
group_3233	1231	1.0	0.9756		False
rihB	1231	1.0	0.9667		False
group_3230	1231	1.0	0.9992		True
group_3229	1231	1.0	0.9992		True
group_3227	1231	1.0	0.9992		True
sapep	1231	1.0	0.9992		True
fhuC	1231	1.0	0.9968		True
group_3223	1231	1.0	0.9927		True
group_3220	1231	1.0	1.0		True
group_3217	1231	1.0	0.9992		True
group_3214	1231	1.0	0.9894		False
group_3213	1231	1.0	0.9968		True
mreC	1231	1.0	0.9935		True
group_3206	1231	1.0	1.0		True
group_3202	1231	1.0	0.9976		True
cidB	1231	1.0	1.0		True
group_3201	1231	1.0	0.9935		True
pmtA	1231	1.0	0.9984		True
bglA	1231	1.0	0.987		False
graX	1231	1.0	0.9894		False
group_3193	1231	1.0	0.9968	paralog_readval_masked	False
group_3192	1231	1.0	0.9984		True
group_3191	1231	1.0	1.0		True
group_3188	1231	1.0	0.9968		True
group_3187	1231	1.0	1.0		True
hrcA	1231	1.0	1.0		True
grpE	1231	1.0	0.9976		True
group_3185	1231	1.0	0.9984		True
ywfO	1231	1.0	0.9951		True
fabI	1231	1.0	1.0		True
group_3182	1231	1.0	1.0		True
metN	1231	1.0	1.0		True
nreB	1231	1.0	0.9984		True
group_3177	1231	1.0	0.9984		True
group_3175	1231	1.0	0.9984		True
group_3172	1231	1.0	0.9992		True
group_3171	1231	1.0	0.9992		True
yigZ	1231	1.0	0.9984		True
group_3166	1231	1.0	0.9959		True
yqeH	1231	1.0	0.9992		True
cap8G	1231	1.0	0.9984		True
cap8E	1231	1.0	0.9919		True
group_3159	1231	1.0	0.9968	paralog_readval_masked	False
xpaC	1231	1.0	0.9959		True
group_3156	1231	1.0	1.0		True
group_3155	1231	1.0	0.9959		True
pepS	1231	1.0	0.9943		True
group_3153	1231	1.0	1.0	paralog_readval_masked	False
group_3152	1231	1.0	1.0		True
parB	1231	1.0	1.0		True
group_3149	1231	1.0	1.0		True
group_3146	1231	1.0	0.9992		True
group_3144	1231	1.0	0.9992		True
group_3143	1231	1.0	1.0		True
sbnG	1231	1.0	0.9968	paralog_readval_masked	False
sbnF	1231	1.0	1.0		True
group_3142	1231	1.0	0.9992		True
group_3140	1231	1.0	1.0		True
ezrA	1231	1.0	0.9984		True
group_3138	1231	1.0	0.9992		True
ytxJ	1231	1.0	1.0		True
group_3137	1231	1.0	0.9984		True
group_3134	1231	1.0	0.9992		True
group_3131	1231	1.0	1.0		True
group_3130	1231	1.0	0.9992		True
group_3128	1231	1.0	1.0	paralog_readval_masked	False
group_3127	1231	1.0	0.9976		True
msrR	1231	1.0	0.9992		True
ywpF	1231	1.0	1.0	paralog_readval_masked	False
group_3121	1231	1.0	0.987		False
walK	1231	1.0	0.9984		True
group_3119	1231	1.0	0.9992		True
group_3118	1231	1.0	0.9992		True
yrvN	1231	1.0	0.9992		True
ygaD	1231	1.0	0.9935		True
group_3114	1231	1.0	0.9984		True
group_3113	1231	1.0	0.9976		True
group_3111	1231	1.0	0.9984		True
group_3108	1231	1.0	0.9992		True
group_3104	1231	1.0	0.9992		True
group_3102	1231	1.0	0.9992		True
group_3100	1231	1.0	1.0		True
thrP	1231	1.0	0.9976		True
group_3099	1231	1.0	0.9992		True
group_3098	1231	1.0	0.9968		True
group_3096	1231	1.0	0.9992		True
group_3089	1231	1.0	0.9992	paralog_readval_masked	False
group_3088	1231	1.0	0.9976		True
group_3084	1231	1.0	0.9927		True
isdI	1231	1.0	1.0		True
group_3083	1231	1.0	0.9968		True
group_3079	1231	1.0	0.9951		True
group_3076	1231	1.0	0.9894		False
group_3071	1231	1.0	0.9894		False
group_3070	1231	1.0	0.9992		True
group_3068	1231	1.0	1.0		True
group_3067	1231	1.0	0.9781		False
group_3066	1231	1.0	0.9976		True
group_3065	1231	1.0	0.974		False
group_3055	1231	1.0	0.9984		True
group_3052	1231	1.0	1.0		True
rqcH	1231	1.0	0.9992		True
group_3049	1231	1.0	1.0		True
group_3046	1231	1.0	0.9935		True
sbnE	1231	1.0	0.9984		True
sfaB	1231	1.0	0.9992		True
group_3043	1231	1.0	1.0		True
lytS	1231	1.0	0.9984		True
group_3039	1231	1.0	1.0	paralog_readval_masked	False
group_3037	1231	1.0	0.9992		True
ccdC	1231	1.0	1.0		True
pknB	1231	1.0	0.9976		True
group_3028	1231	1.0	1.0		True
group_3024	1231	1.0	0.9984		True
group_3021	1231	1.0	0.9992		True
group_3012	1231	1.0	0.9984		True
group_3011	1231	1.0	0.9984		True
group_3010	1231	1.0	0.9992		True
group_3009	1231	1.0	0.9976		True
group_3008	1231	1.0	1.0		True
group_3006	1231	1.0	0.9992		True
group_3005	1231	1.0	0.9968		True
mhqA	1231	1.0	0.9992		True
group_3000	1231	1.0	0.9984		True
group_2997	1231	1.0	0.9992		True
group_2992	1231	1.0	1.0		True
group_2972	1231	1.0	1.0		True
group_2971	1231	1.0	0.9911		True
group_2968	1231	1.0	1.0		True
group_2967	1231	1.0	0.9976		True
group_2966	1231	1.0	0.9992		True
group_2964	1231	1.0	1.0		True
group_2961	1231	1.0	1.0		True
group_2960	1231	1.0	1.0	paralog_readval_masked	False
group_2959	1231	1.0	1.0		True
group_2958	1231	1.0	0.9951		True
group_2956	1231	1.0	1.0		True
acpP	1231	1.0	1.0		True
msnO8	1231	1.0	0.9911		True
group_2939	1231	1.0	1.0		True
group_2935	1231	1.0	0.9854		False
alsT	1231	1.0	0.9846		False
group_2926	1231	1.0	0.9951		True
group_2924	1231	1.0	1.0		True
pxpB	1231	1.0	0.9846		False
group_2916	1231	1.0	1.0		True
group_2907	1231	1.0	0.9984		True
group_2906	1231	1.0	1.0		True
group_2901	1231	1.0	0.9992		True
group_2893	1231	1.0	0.9976		True
group_2888	1231	1.0	0.9659		False
group_2885	1231	1.0	0.9992		True
cvpA	1231	1.0	1.0		True
group_2877	1231	1.0	0.9903		True
group_2872	1231	1.0	0.9992		True
group_2870	1231	1.0	0.9976		True
group_2867	1231	1.0	1.0		True
group_2866	1231	1.0	1.0		True
group_2864	1231	1.0	1.0	paralog_readval_masked	False
group_2857	1231	1.0	0.9919		True
group_2856	1231	1.0	0.9829		False
group_2854	1231	1.0	1.0		True
yjjG	1231	1.0	0.9951		True
group_2853	1231	1.0	1.0		True
group_2848	1231	1.0	0.9976		True
group_2847	1231	1.0	0.9919		True
yjbQ	1231	1.0	0.9976		True
group_2844	1231	1.0	0.9992		True
potA	1231	1.0	1.0		True
group_2843	1231	1.0	0.9992		True
group_2842	1231	1.0	0.9943		True
group_2841	1231	1.0	0.9959		True
yidC	1231	1.0	0.9984		True
group_2839	1231	1.0	0.9992		True
group_2838	1231	1.0	0.9992		True
group_2837	1231	1.0	0.9984		True
group_2836	1231	1.0	0.9992		True
mntC	1231	1.0	1.0		True
group_2834	1231	1.0	0.9992		True
group_2832	1231	1.0	0.9992		True
group_2831	1231	1.0	0.9984		True
dnaB	1231	1.0	0.9976		True
nrdR	1231	1.0	0.9976		True
vraS	1231	1.0	0.9951		True
group_2826	1231	1.0	1.0		True
group_2825	1231	1.0	0.9976		True
group_2821	1231	1.0	1.0		True
group_2820	1231	1.0	0.9992		True
vraB	1231	1.0	0.9732		False
group_2815	1231	1.0	0.9992		True
group_2814	1231	1.0	0.9976		True
group_2813	1231	1.0	1.0		True
group_2812	1231	1.0	0.9927		True
group_2810	1231	1.0	0.9992		True
group_2809	1231	1.0	0.9927		True
group_2808	1231	1.0	0.9992		True
group_2806	1231	1.0	1.0		True
kdpC	1231	1.0	0.9992		True
sbnA	1231	1.0	0.9992		True
group_2803	1231	1.0	0.9838		False
group_2802	1231	1.0	1.0		True
glcU	1231	1.0	0.9992		True
group_2792	1231	1.0	0.9992		True
group_2786	1231	1.0	0.9951		True
group_2784	1231	1.0	1.0		True
group_2780	1231	1.0	0.9984		True
vraC	1231	1.0	1.0		True
group_2749	1231	1.0	1.0		True
group_2748	1231	1.0	0.9968		True
group_2747	1231	1.0	0.9976		True
group_2746	1231	1.0	1.0		True
group_2744	1231	1.0	0.9992		True
ugpC	1231	1.0	0.9951		True
group_2732	1231	1.0	0.9781		False
group_2730	1231	1.0	0.9984		True
group_2729	1231	1.0	1.0		True
mutL	1231	1.0	0.9959		True
bshC	1231	1.0	0.9943		True
group_2724	1231	1.0	1.0		True
group_2723	1231	1.0	0.9691		False
isdE	1231	1.0	1.0		True
sfaC	1231	1.0	0.9968		True
group_2622	1231	1.0	0.9854		False
group_2616	1231	1.0	0.9968		True
uhpT	1231	1.0	0.9935		True
group_2615	1231	1.0	0.9984		True
group_2614	1231	1.0	0.9911		True
group_2610	1231	1.0	0.9976	paralog_readval_masked	False
group_2608	1231	1.0	0.9992		True
group_2601	1231	1.0	0.9951		True
group_2590	1231	1.0	1.0		True
group_2586	1231	1.0	0.9992		True
group_2585	1231	1.0	1.0		True
group_2584	1231	1.0	1.0		True
group_2583	1231	1.0	1.0		True
group_2582	1231	1.0	1.0		True
dnaI	1231	1.0	1.0		True
group_2581	1231	1.0	1.0		True
mobB	1231	1.0	1.0		True
group_2580	1231	1.0	0.9992		True
group_2578	1231	1.0	0.9911		True
ruvB	1231	1.0	1.0		True
group_2576	1231	1.0	1.0		True
group_2569	1231	1.0	1.0		True
group_2568	1231	1.0	1.0		True
group_2565	1231	1.0	0.9886		False
group_2564	1231	1.0	0.9968		True
group_2558	1231	1.0	1.0		True
group_2548	1231	1.0	0.9943		True
group_2544	1231	1.0	1.0		True
nreC	1231	1.0	1.0		True
group_2531	1231	1.0	0.9943		True
group_2520	1231	1.0	0.9984		True
group_2519	1231	1.0	1.0		True
group_2503	1231	1.0	0.9992		True
dltB	1231	1.0	0.9984		True
dltD	1231	1.0	0.9984		True
group_2497	1231	1.0	1.0		True
group_2496	1231	1.0	0.9984		True
group_2493	1231	1.0	0.9992		True
group_2492	1231	1.0	0.9992		True
group_2489	1231	1.0	1.0		True
group_2482	1231	1.0	1.0		True
group_2479	1231	1.0	1.0		True
mnhE2	1231	1.0	0.9992		True
group_2468	1231	1.0	1.0		True
group_2467	1231	1.0	1.0		True
yhfK	1231	1.0	1.0		True
czrB	1231	1.0	1.0		True
group_2451	1231	1.0	1.0		True
group_2447	1231	1.0	0.9886		False
mnhF1	1231	1.0	1.0		True
group_2432	1231	1.0	1.0		True
group_2411	1231	1.0	1.0		True
group_2409	1231	1.0	0.9992		True
tagX	1231	1.0	0.9894		False
group_2406	1231	1.0	1.0		True
group_2398	1231	1.0	0.9992		True
mnhA1	1231	1.0	1.0		True
sirA	1231	1.0	1.0		True
group_2381	1231	1.0	1.0		True
sirB	1231	1.0	1.0		True
group_2373	1231	1.0	0.9984		True
group_2371	1231	1.0	1.0		True
group_2368	1231	1.0	1.0		True
saeR	1231	1.0	0.9976		True
group_2362	1231	1.0	0.9992		True
group_2359	1231	1.0	0.9992		True
group_2344	1231	1.0	1.0		True
group_2339	1231	1.0	0.9992		True
group_2338	1231	1.0	0.9992		True
cap8L	1231	1.0	0.9992		True
capN	1231	1.0	0.9732		False
group_2335	1231	1.0	0.9992		True
group_2323	1231	1.0	1.0		True
yjbI	1231	1.0	1.0		True
group_2320	1231	1.0	1.0		True
group_2319	1231	1.0	0.9992		True
group_2310	1231	1.0	1.0		True
group_2306	1231	1.0	1.0		True
sbnI	1231	1.0	0.9992		True
group_2296	1231	1.0	0.9968		True
group_2291	1231	1.0	1.0		True
group_2290	1231	1.0	1.0		True
mnmA	1231	1.0	0.9968		True
mpsC	1231	1.0	1.0		True
group_2278	1231	1.0	1.0		True
ureG	1231	1.0	0.9992		True
cap8C	1231	1.0	0.9919		True
group_2271	1231	1.0	0.9992		True
group_2267	1231	1.0	0.9951		True
group_2265	1231	1.0	1.0		True
group_2261	1231	1.0	0.9976		True
group_2260	1231	1.0	1.0		True
group_2259	1231	1.0	1.0		True
group_2254	1231	1.0	1.0		True
group_2246	1231	1.0	1.0		True
group_2243	1231	1.0	0.9992		True
group_2231	1231	1.0	1.0		True
group_2226	1231	1.0	1.0		True
group_2225	1231	1.0	0.9992		True
group_2224	1231	1.0	0.9968		True
ftsZ	1231	1.0	0.9984		True
group_2213	1231	1.0	0.9992		True
group_2210	1231	1.0	1.0		True
group_2208	1231	1.0	0.9943		True
group_2204	1231	1.0	1.0		True
group_2193	1231	1.0	0.9943		True
group_2192	1231	1.0	1.0		True
potB	1231	1.0	0.9992		True
group_2191	1231	1.0	0.9992		True
group_2183	1231	1.0	1.0		True
czrA	1231	1.0	1.0		True
group_2182	1231	1.0	1.0		True
group_2181	1231	1.0	1.0		True
group_2171	1231	1.0	0.9992		True
isdF	1231	1.0	1.0		True
group_2164	1231	1.0	1.0		True
group_2153	1231	1.0	1.0		True
group_2152	1231	1.0	1.0		True
group_2148	1231	1.0	1.0		True
group_2147	1231	1.0	0.9992		True
group_2136	1231	1.0	0.9984		True
group_2133	1231	1.0	0.9976		True
group_2127	1231	1.0	0.9992		True
group_2125	1231	1.0	1.0		True
group_2124	1231	1.0	0.9992		True
group_2120	1231	1.0	1.0		True
group_2118	1231	1.0	0.9992		True
group_2115	1231	1.0	0.987		False
mazF	1231	1.0	1.0		True
group_2111	1231	1.0	1.0		True
group_2107	1231	1.0	1.0		True
group_2099	1231	1.0	1.0		True
group_2096	1231	1.0	1.0		True
group_2092	1231	1.0	0.9992		True
group_2091	1231	1.0	1.0		True
group_2088	1231	1.0	1.0		True
ptpB	1231	1.0	1.0		True
group_2086	1231	1.0	0.9984		True
group_2082	1231	1.0	0.9984		True
group_2081	1231	1.0	1.0		True
group_2080	1231	1.0	1.0		True
group_2078	1231	1.0	1.0		True
group_2073	1231	1.0	1.0		True
group_2072	1231	1.0	1.0		True
group_2068	1231	1.0	0.9992		True
group_2065	1231	1.0	1.0		True
group_2062	1231	1.0	0.9943		True
group_2057	1231	1.0	1.0		True
yghA	1231	1.0	0.9992		True
group_2053	1231	1.0	0.9968		True
group_2052	1231	1.0	1.0		True
group_2050	1231	1.0	1.0		True
group_2049	1231	1.0	1.0		True
group_2048	1231	1.0	0.9976		True
group_2047	1231	1.0	0.9959		True
group_2045	1231	1.0	1.0		True
group_2043	1231	1.0	0.9968		True
acuA	1231	1.0	0.9992		True
group_2039	1231	1.0	0.9854		False
birA	1231	1.0	0.9976		True
group_2026	1231	1.0	0.9992		True
thrE	1231	1.0	1.0		True
group_2017	1231	1.0	0.9968		True
ynfA	1231	1.0	1.0		True
group_2014	1231	1.0	1.0		True
group_2013	1231	1.0	0.9992		True
group_2012	1231	1.0	1.0		True
group_2011	1231	1.0	0.9976		True
group_2008	1231	1.0	1.0		True
group_2007	1231	1.0	0.9976		True
group_2004	1231	1.0	0.9992		True
group_2003	1231	1.0	1.0		True
pde2	1231	1.0	0.9992		True
group_1999	1231	1.0	1.0		True
mauE	1231	1.0	1.0		True
pyrR	1231	1.0	1.0		True
group_1990	1231	1.0	0.9992		True
group_1989	1231	1.0	0.9976		True
mepR	1231	1.0	1.0		True
group_1982	1231	1.0	0.9992		True
group_1980	1231	1.0	1.0		True
group_1979	1231	1.0	1.0		True
group_1978	1231	1.0	1.0		True
recO	1231	1.0	1.0		True
group_1975	1231	1.0	1.0	paralog_readval_masked	False
group_1974	1231	1.0	1.0		True
group_1960	1231	1.0	1.0		True
group_1957	1231	1.0	1.0		True
mnhG1	1231	1.0	1.0		True
group_1953	1231	1.0	1.0		True
group_1952	1231	1.0	1.0		True
group_1951	1231	1.0	1.0		True
group_1950	1231	1.0	1.0		True
group_1947	1231	1.0	1.0		True
ylbF	1231	1.0	1.0		True
group_1943	1231	1.0	1.0		True
group_1939	1231	1.0	1.0		True
group_1929	1231	1.0	1.0		True
group_1928	1231	1.0	0.9854		False
group_1925	1231	1.0	0.9886		False
group_1924	1231	1.0	1.0		True
sbnD	1231	1.0	1.0		True
sfaA	1231	1.0	0.9911		True
group_1913	1231	1.0	1.0		True
group_1911	1231	1.0	1.0		True
lytR	1231	1.0	1.0		True
sufD	1231	1.0	1.0		True
group_1900	1231	1.0	1.0		True
group_1893	1231	1.0	1.0		True
group_1888	1231	1.0	1.0		True
group_1886	1231	1.0	1.0		True
group_1883	1231	1.0	1.0		True
rsgA	1231	1.0	1.0		True
fapR	1231	1.0	1.0		True
copZ	1231	1.0	1.0		True
group_1863	1231	1.0	1.0		True
group_1862	1231	1.0	1.0		True
group_1855	1231	1.0	1.0		True
group_1853	1231	1.0	1.0		True
group_1835	1231	1.0	1.0		True
group_1796	1231	1.0	1.0		True
group_1652	1231	1.0	1.0		True
group_1374	1231	1.0	1.0		True
yajC	1231	1.0	1.0		True
group_1373	1231	1.0	1.0		True
lrgA	1231	1.0	1.0		True
group_1329	1231	1.0	0.9943	paralog_readval_masked	False
group_1325	1231	1.0	0.9992		True
group_1224	1231	1.0	1.0		True
group_1180	1231	1.0	0.9886		False
group_1025	1231	1.0	0.9992		True
tagG	1231	1.0	1.0		True
group_922	1231	1.0	1.0		True
group_886	1231	1.0	1.0		True
group_822	1231	1.0	0.9984		True
group_610	1231	1.0	0.9829		False
group_439	1231	1.0	1.0		True
group_393	1231	1.0	1.0		True
group_388	1231	1.0	0.9992		True
group_376	1231	1.0	0.9659		False
nusA	1231	1.0	0.9984		True
rimP	1231	1.0	1.0		True
group_330	1231	1.0	0.9984		True
group_328	1231	1.0	1.0		True
group_304	1231	1.0	1.0		True
group_294	1231	1.0	0.9992		True
group_293	1231	1.0	0.9992		True
group_275	1231	1.0	0.9992		True
cobW	1231	1.0	0.9984		True
group_210	1231	1.0	0.9992		True
group_209	1231	1.0	0.9984		True
group_208	1231	1.0	0.9943	paralog_readval_masked	False
group_195	1231	1.0	1.0		True
group_176	1231	1.0	1.0		True
group_165	1231	1.0	0.9992		True
group_156	1231	1.0	1.0		True
group_153	1231	1.0	1.0		True
group_149	1231	1.0	1.0		True
group_141	1231	1.0	0.9984		True
recF	1231	1.0	0.9992		True
group_140	1231	1.0	0.9992		True
clpX	1231	1.0	1.0		True
sasC	1231	1.0	0.8562		False
group_134	1231	1.0	0.9886		False
group_98	1231	1.0	1.0		True
group_96	1231	1.0	1.0		True
isdA	1231	1.0	0.9992		True
group_90	1231	1.0	1.0		True
group_86	1231	1.0	0.9984		True
group_65	1231	1.0	0.9992		True
group_57	1231	1.0	1.0		True
group_56	1231	1.0	1.0		True
group_55	1231	1.0	0.4167		False
group_53	1231	1.0	0.9992		True
group_42	1231	1.0	1.0		True
group_41	1231	1.0	1.0		True
hlgA~~~lukE	1231	1.0	0.9813		False
group_5810	1230	0.9992	1.0		True
group_5790	1230	0.9992	1.0		True
group_5773	1230	0.9992	0.9967		True
group_5772	1230	0.9992	1.0		True
secY	1230	0.9992	0.9992		True
group_5752	1230	0.9992	1.0		True
group_5751	1230	0.9992	0.9992		True
clpL~~~clpE	1230	0.9992	0.9886		False
group_5747	1230	0.9992	0.9967		True
group_5745	1230	0.9992	0.9992		True
group_5723	1230	0.9992	1.0		True
group_5711	1230	0.9992	0.9805		False
group_5702	1230	0.9992	0.9992		True
ppaX	1230	0.9992	0.9967		True
group_5698	1230	0.9992	0.9967		True
group_5692	1230	0.9992	0.9984		True
group_5661	1230	0.9992	1.0		True
group_5645	1230	0.9992	1.0		True
nusG	1230	0.9992	0.9976		True
group_5629	1230	0.9992	0.9976		True
group_5624	1230	0.9992	0.9927		True
group_5617	1230	0.9992	1.0		True
group_5609	1230	0.9992	1.0		True
group_5598	1230	0.9992	0.9976		True
group_5597	1230	0.9992	0.9992		True
group_5577	1230	0.9992	0.9984		True
group_5572	1230	0.9992	0.9967		True
group_5564	1230	0.9992	1.0		True
group_5563	1230	0.9992	1.0		True
group_5560	1230	0.9992	1.0		True
group_5556	1230	0.9992	1.0		True
group_5554	1230	0.9992	0.9789		False
srrA	1230	0.9992	0.9992		True
group_5535	1230	0.9992	1.0		True
group_5529	1230	0.9992	1.0		True
group_5512	1230	0.9992	0.9976		True
group_5511	1230	0.9992	1.0		True
gpsB	1230	0.9992	0.9992		True
group_5506	1230	0.9992	0.9984		True
group_5489	1230	0.9992	1.0		True
group_5486	1230	0.9992	0.9927		True
group_5482	1230	0.9992	1.0		True
group_5466	1230	0.9992	0.9943		True
group_5464	1230	0.9992	0.9992		True
group_5462	1230	0.9992	1.0		True
group_5450	1230	0.9992	0.0033		False
group_5390	1230	0.9992	1.0		True
recU	1230	0.9992	1.0		True
group_5372	1230	0.9992	1.0		True
group_5371	1230	0.9992	1.0		True
group_5362	1230	0.9992	0.9992		True
group_5354	1230	0.9992	1.0		True
group_5352	1230	0.9992	1.0		True
metS	1230	0.9992	1.0		True
adsA	1230	0.9992	0.9805		False
group_5329	1230	0.9992	0.9984		True
group_5326	1230	0.9992	1.0		True
group_5325	1230	0.9992	0.9976		True
group_5322	1230	0.9992	1.0		True
group_5309	1230	0.9992	1.0		True
group_5306	1230	0.9992	0.9976		True
group_5305	1230	0.9992	1.0		True
group_5253	1230	0.9992	1.0		True
group_5251	1230	0.9992	1.0		True
phoU	1230	0.9992	1.0		True
group_5250	1230	0.9992	1.0		True
group_5237	1230	0.9992	0.9976		True
group_5193	1230	0.9992	0.9992		True
folE2	1230	0.9992	1.0		True
group_5160	1230	0.9992	0.9992		True
perR	1230	0.9992	0.9992		True
group_5137	1230	0.9992	1.0		True
srrB	1230	0.9992	0.9976		True
group_5103	1230	0.9992	1.0		True
group_5102	1230	0.9992	1.0		True
group_5083	1230	0.9992	0.9886		False
group_5071	1230	0.9992	0.9943		True
group_5024	1230	0.9992	1.0		True
group_5022	1230	0.9992	0.9943		True
group_5009	1230	0.9992	0.9992		True
opuD	1230	0.9992	0.9992		True
group_5002	1230	0.9992	1.0	paralog_readval_masked	False
scpA	1230	0.9992	0.9927		True
group_4991	1230	0.9992	0.9935		True
group_4986	1230	0.9992	1.0		True
group_4985	1230	0.9992	0.9992		True
group_4983	1230	0.9992	0.9984		True
group_4977	1230	0.9992	1.0		True
srtA	1230	0.9992	0.9992		True
group_4966	1230	0.9992	0.9992		True
group_4961	1230	0.9992	0.9967		True
group_4956	1230	0.9992	0.9984		True
group_4951	1230	0.9992	1.0		True
group_4950	1230	0.9992	1.0		True
group_4943	1230	0.9992	1.0		True
sarA	1230	0.9992	1.0	paralog_readval_masked	False
ybeY	1230	0.9992	1.0		True
group_4904	1230	0.9992	1.0	paralog_readval_masked	False
group_4902	1230	0.9992	1.0		True
group_4893	1230	0.9992	0.9976		True
group_4876	1230	0.9992	1.0		True
group_4875	1230	0.9992	1.0		True
group_4862	1230	0.9992	0.9984		True
group_4850	1230	0.9992	0.9992		True
ytcI	1230	0.9992	0.9976		True
group_4841	1230	0.9992	1.0		True
group_4840	1230	0.9992	1.0		True
group_4838	1230	0.9992	1.0		True
group_4827	1230	0.9992	0.9992		True
group_4824	1230	0.9992	1.0		True
yeeN	1230	0.9992	0.9992		True
group_4810	1230	0.9992	0.9984		True
group_4795	1230	0.9992	0.9902		True
group_4794	1230	0.9992	1.0		True
group_4785	1230	0.9992	0.9984		True
group_4784	1230	0.9992	0.9992		True
yclN	1230	0.9992	0.9976		True
group_4769	1230	0.9992	1.0		True
group_4764	1230	0.9992	1.0		True
group_4762	1230	0.9992	0.9935		True
group_4750	1230	0.9992	0.9992		True
group_4749	1230	0.9992	0.9976		True
group_4747	1230	0.9992	1.0		True
nmrA	1230	0.9992	0.9504		False
pstB	1230	0.9992	0.9984		True
group_4740	1230	0.9992	0.9984		True
group_4733	1230	0.9992	1.0		True
yfhO	1230	0.9992	0.9878		False
group_4725	1230	0.9992	0.9951		True
amaP	1230	0.9992	1.0		True
group_4724	1230	0.9992	0.9976		True
group_4709	1230	0.9992	1.0		True
group_4700	1230	0.9992	0.2		False
group_4695	1230	0.9992	1.0		True
group_4691	1230	0.9992	1.0		True
group_4689	1230	0.9992	0.9992		True
group_4655	1230	0.9992	0.9984		True
group_4649	1230	0.9992	1.0		True
group_4648	1230	0.9992	1.0		True
group_4647	1230	0.9992	1.0		True
ecfT	1230	0.9992	1.0		True
secE	1230	0.9992	1.0		True
norD	1230	0.9992	0.9992		True
group_4599	1230	0.9992	0.9976		True
group_4572	1230	0.9992	1.0		True
group_4571	1230	0.9992	1.0		True
group_4570	1230	0.9992	0.9984		True
group_4568	1230	0.9992	1.0		True
group_4564	1230	0.9992	1.0		True
group_4560	1230	0.9992	1.0		True
group_4555	1230	0.9992	1.0		True
group_4539	1230	0.9992	1.0		True
group_4538	1230	0.9992	0.9992		True
group_4537	1230	0.9992	0.9951		True
group_4533	1230	0.9992	1.0		True
group_4524	1230	0.9992	0.9878		False
group_4515	1230	0.9992	0.9992		True
group_4510	1230	0.9992	0.9992		True
group_4507	1230	0.9992	0.9748		False
group_4506	1230	0.9992	0.9959	paralog_readval_masked	False
group_4497	1230	0.9992	1.0		True
ureD	1230	0.9992	0.9984		True
group_4482	1230	0.9992	1.0		True
group_4481	1230	0.9992	0.9992		True
group_4477	1230	0.9992	0.9992		True
group_4475	1230	0.9992	0.9984		True
group_4447	1230	0.9992	0.9992		True
group_4441	1230	0.9992	0.9829		False
group_4435	1230	0.9992	1.0		True
group_4434	1230	0.9992	0.9992		True
nsaS	1230	0.9992	0.9976		True
pmtC	1230	0.9992	0.9992		True
group_4426	1230	0.9992	0.9976		True
group_4425	1230	0.9992	1.0		True
group_4413	1230	0.9992	1.0		True
group_4412	1230	0.9992	0.9984		True
group_4408	1230	0.9992	0.9992		True
group_4403	1230	0.9992	0.9407		False
ebpS~~~ebp	1230	0.9992	0.9976		True
group_4392	1230	0.9992	1.0		True
group_4391	1230	0.9992	0.9976		True
group_4380	1230	0.9992	0.9902		True
group_4379	1230	0.9992	0.9992		True
group_4378	1230	0.9992	0.9984		True
queH	1230	0.9992	0.9984		True
group_4355	1230	0.9992	0.9992		True
group_4347	1230	0.9992	0.9967		True
queG	1230	0.9992	0.9967		True
group_4340	1230	0.9992	1.0	paralog_readval_masked	False
ypsC	1230	0.9992	1.0		True
metC	1230	0.9992	0.9992		True
group_4327	1230	0.9992	1.0		True
fmtA	1230	0.9992	1.0		True
group_4322	1230	0.9992	0.9951		True
icaB	1230	0.9992	0.9504		False
group_4317	1230	0.9992	0.9984		True
group_4310	1230	0.9992	0.9992		True
group_4297	1230	0.9992	0.9967		True
group_4273	1230	0.9992	0.9919		True
cshA	1230	0.9992	0.9992		True
group_4254	1230	0.9992	0.9967		True
group_4235	1230	0.9992	0.9984		True
group_4228	1230	0.9992	0.9789		False
group_4225	1230	0.9992	0.9724		False
group_4220	1230	0.9992	1.0		True
group_4209	1230	0.9992	1.0		True
group_4171	1230	0.9992	1.0		True
group_4134	1230	0.9992	1.0		True
group_4109	1230	0.9992	1.0		True
group_4065	1230	0.9992	0.9553		False
group_4061	1230	0.9992	0.9984		True
group_4060	1230	0.9992	1.0		True
group_4013	1230	0.9992	1.0		True
group_4011	1230	0.9992	1.0		True
group_4001	1230	0.9992	1.0		True
group_3991	1230	0.9992	0.9797		False
group_3983	1230	0.9992	1.0		True
group_3974	1230	0.9992	0.9992		True
group_3946	1230	0.9992	0.9813		False
group_3937	1230	0.9992	1.0		True
group_3930	1230	0.9992	0.9951		True
group_3928	1230	0.9992	1.0		True
glmU	1230	0.9992	1.0		True
bcaP	1230	0.9992	0.9967		True
group_3902	1230	0.9992	1.0		True
group_3894	1230	0.9992	0.9984		True
group_3892	1230	0.9992	1.0		True
yycH	1230	0.9992	0.9976		True
group_3833	1230	0.9992	0.9992		True
group_3763	1230	0.9992	1.0		True
group_3751	1230	0.9992	0.9992		True
group_3710	1230	0.9992	0.9984		True
group_3705	1230	0.9992	0.9984		True
pstS	1230	0.9992	0.9984		True
group_3610	1230	0.9992	1.0		True
group_3606	1230	0.9992	1.0		True
group_3601	1230	0.9992	0.9984		True
group_3568	1230	0.9992	1.0		True
group_3550	1230	0.9992	0.9927		True
lip1	1230	0.9992	0.9829		False
group_3519	1230	0.9992	0.9927		True
icaR	1230	0.9992	1.0		True
group_3498	1230	0.9992	1.0		True
group_3491	1230	0.9992	0.9984		True
group_3466	1230	0.9992	0.9976		True
group_3430	1230	0.9992	0.9951		True
group_3427	1230	0.9992	0.9967		True
group_3389	1230	0.9992	0.9992		True
group_3352	1230	0.9992	1.0		True
group_3332	1230	0.9992	0.9789		False
mnhE1	1230	0.9992	1.0		True
ridA	1230	0.9992	0.9984		True
group_3317	1230	0.9992	0.9894		False
group_3314	1230	0.9992	0.9976		True
group_3306	1230	0.9992	0.9984		True
group_3282	1230	0.9992	0.9967		True
group_3279	1230	0.9992	0.9935		True
group_3270	1230	0.9992	0.9943		True
group_3261	1230	0.9992	0.9992		True
group_3260	1230	0.9992	0.9976		True
group_3245	1230	0.9992	1.0		True
group_3244	1230	0.9992	1.0		True
group_3242	1230	0.9992	1.0		True
group_3240	1230	0.9992	0.9984		True
group_3232	1230	0.9992	0.9943		True
capA	1230	0.9992	0.9984		True
group_3228	1230	0.9992	0.9935		True
group_3226	1230	0.9992	0.9927	paralog_readval_masked	False
group_3225	1230	0.9992	0.9992		True
group_3211	1230	0.9992	1.0		True
xerD	1230	0.9992	0.9992		True
group_3199	1230	0.9992	0.9642		False
group_3157	1230	0.9992	0.9967		True
group_3147	1230	0.9992	0.9976		True
group_3133	1230	0.9992	0.9992		True
group_3116	1230	0.9992	1.0		True
group_3092	1230	0.9992	0.9976		True
sufA	1230	0.9992	1.0		True
group_3075	1230	0.9992	0.9992		True
group_3072	1230	0.9992	0.9984		True
arcD	1230	0.9992	0.9951		True
group_3069	1230	0.9992	0.9959		True
sfaD	1230	0.9992	0.9959		True
group_3036	1230	0.9992	1.0		True
group_3025	1230	0.9992	0.9837		False
group_3023	1230	0.9992	1.0		True
group_2998	1230	0.9992	0.9911		True
group_2995	1230	0.9992	0.9984		True
group_2994	1230	0.9992	0.9959		True
group_2993	1230	0.9992	0.9992		True
ruvA	1230	0.9992	1.0		True
group_2929	1230	0.9992	0.987		False
group_2918	1230	0.9992	1.0		True
group_2894	1230	0.9992	0.9764		False
group_2891	1230	0.9992	1.0		True
ftsW	1230	0.9992	1.0		True
group_2883	1230	0.9992	1.0		True
group_2878	1230	0.9992	0.9992		True
group_2868	1230	0.9992	1.0		True
group_2858	1230	0.9992	0.9984		True
group_2855	1230	0.9992	0.9992		True
pstA	1230	0.9992	0.9984		True
group_2833	1230	0.9992	1.0		True
lplJ	1230	0.9992	0.9976		True
nsaR	1230	0.9992	0.9951		True
sbnB	1230	0.9992	0.9992		True
thiW	1230	0.9992	0.9984		True
group_2715	1230	0.9992	1.0		True
group_2635	1230	0.9992	1.0		True
group_2612	1230	0.9992	1.0		True
group_2602	1230	0.9992	1.0		True
group_2579	1230	0.9992	0.9992		True
tcaR	1230	0.9992	0.9927		True
sigS	1230	0.9992	1.0		True
group_2501	1230	0.9992	0.9951	paralog_readval_masked	False
group_2494	1230	0.9992	1.0		True
group_2457	1230	0.9992	1.0		True
group_2438	1230	0.9992	0.9992		True
group_2436	1230	0.9992	0.9992		True
group_2433	1230	0.9992	1.0		True
group_2425	1230	0.9992	1.0		True
group_2407	1230	0.9992	1.0		True
group_2380	1230	0.9992	0.9967		True
group_2342	1230	0.9992	0.9992		True
group_2331	1230	0.9992	1.0		True
group_2322	1230	0.9992	0.9976		True
group_2316	1230	0.9992	1.0		True
group_2289	1230	0.9992	1.0		True
group_2279	1230	0.9992	1.0		True
group_2274	1230	0.9992	0.9976		True
group_2272	1230	0.9992	1.0		True
group_2268	1230	0.9992	1.0		True
group_2266	1230	0.9992	1.0		True
coiA	1230	0.9992	0.9447		False
yabA	1230	0.9992	1.0		True
group_2247	1230	0.9992	1.0		True
group_2240	1230	0.9992	1.0		True
group_2237	1230	0.9992	1.0		True
group_2207	1230	0.9992	1.0		True
group_2179	1230	0.9992	1.0		True
group_2163	1230	0.9992	1.0		True
group_2162	1230	0.9992	0.9919		True
yozB	1230	0.9992	0.9992		True
group_2155	1230	0.9992	0.9992		True
group_2151	1230	0.9992	0.9992		True
group_2146	1230	0.9992	1.0		True
mgrA	1230	0.9992	0.9992		True
group_2135	1230	0.9992	1.0		True
group_2132	1230	0.9992	1.0		True
group_2128	1230	0.9992	1.0		True
group_2112	1230	0.9992	0.9951		True
group_2051	1230	0.9992	0.9976		True
group_2044	1230	0.9992	1.0		True
hchA	1230	0.9992	0.965		False
group_2009	1230	0.9992	1.0		True
group_2002	1230	0.9992	1.0		True
group_1966	1230	0.9992	1.0		True
group_1956	1230	0.9992	0.9992		True
group_1895	1230	0.9992	1.0		True
group_1868	1230	0.9992	1.0		True
group_1865	1230	0.9992	1.0	paralog_readval_masked	False
yabR	1230	0.9992	1.0		True
group_1405	1230	0.9992	1.0		True
group_1404	1230	0.9992	1.0		True
group_1393	1230	0.9992	1.0		True
group_1135	1230	0.9992	1.0		True
group_861	1230	0.9992	0.9992		True
group_856	1230	0.9992	1.0		True
group_470	1230	0.9992	0.9951		True
group_454	1230	0.9992	1.0		True
group_453	1230	0.9992	0.9976		True
norB	1230	0.9992	0.9992		True
group_421	1230	0.9992	0.9967		True
group_344	1230	0.9992	0.9984		True
ylxR	1230	0.9992	1.0		True
group_206	1230	0.9992	1.0		True
group_174	1230	0.9992	1.0		True
group_164	1230	0.9992	1.0		True
group_158	1230	0.9992	0.9935		True
group_152	1230	0.9992	1.0		True
group_142	1230	0.9992	0.9789		False
group_89	1230	0.9992	0.9992		True
walR	1230	0.9992	1.0		True
group_38	1230	0.9992	1.0		True
yxeA	1230	0.9992	0.9992		True
group_14	1230	0.9992	1.0	paralog_readval_masked	False
hlgB	1230	0.9992	0.9878		False
lmrS	1230	0.9992	0.9276		False
group_5838	1229	0.9984	0.9829		False
group_5831	1229	0.9984	0.9976		True
group_5827	1229	0.9984	1.0		True
group_5770	1229	0.9984	1.0		True
group_5763	1229	0.9984	0.9967		True
group_5753	1229	0.9984	0.9878		False
group_5721	1229	0.9984	0.9967		True
group_5704	1229	0.9984	0.9967		True
group_5641	1229	0.9984	0.9984		True
group_5599	1229	0.9984	0.9992		True
group_5576	1229	0.9984	1.0		True
sarR	1229	0.9984	1.0	paralog_readval_masked	False
group_5551	1229	0.9984	0.8495		False
group_5550	1229	0.9984	0.9056		False
group_5540	1229	0.9984	1.0		True
fatE	1229	0.9984	0.9886		False
group_5514	1229	0.9984	1.0		True
nikC	1229	0.9984	0.9788		False
group_5487	1229	0.9984	1.0		True
group_5459	1229	0.9984	1.0		True
sspA	1229	0.9984	0.991		True
group_5385	1229	0.9984	1.0		True
pdxT	1229	0.9984	1.0		True
tcyC	1229	0.9984	1.0		True
group_5327	1229	0.9984	0.9862		False
traP	1229	0.9984	0.9992		True
group_5240	1229	0.9984	0.9992		True
group_5188	1229	0.9984	0.9976		True
group_5173	1229	0.9984	0.9967		True
sel26	1229	0.9984	0.7592		False
sbi	1229	0.9984	0.9854		False
group_5134	1229	0.9984	1.0		True
group_5113	1229	0.9984	0.952		False
group_5011	1229	0.9984	0.9854		False
group_4967	1229	0.9984	1.0		True
group_4937	1229	0.9984	1.0		True
pdxS	1229	0.9984	1.0		True
graR	1229	0.9984	0.9984		True
group_4905	1229	0.9984	0.9902		True
group_4899	1229	0.9984	1.0		True
group_4869	1229	0.9984	1.0		True
group_4851	1229	0.9984	0.9992		True
group_4845	1229	0.9984	1.0		True
group_4813	1229	0.9984	1.0		True
ydcF	1229	0.9984	0.9984		True
group_4804	1229	0.9984	0.9992		True
group_4796	1229	0.9984	0.9984		True
group_4787	1229	0.9984	1.0		True
group_4770	1229	0.9984	0.9992		True
group_4767	1229	0.9984	1.0	paralog_readval_masked	False
group_4752	1229	0.9984	0.9886		False
group_4748	1229	0.9984	1.0		True
group_4708	1229	0.9984	1.0		True
group_4679	1229	0.9984	1.0		True
group_4678	1229	0.9984	0.9837		False
group_4642	1229	0.9984	0.9992		True
group_4641	1229	0.9984	0.9984		True
group_4636	1229	0.9984	1.0		True
group_4613	1229	0.9984	1.0		True
mnhA2	1229	0.9984	0.9951		True
group_4583	1229	0.9984	1.0		True
group_4567	1229	0.9984	1.0		True
group_4544	1229	0.9984	1.0		True
group_4540	1229	0.9984	0.9992		True
clpB~~~clpC	1229	0.9984	0.9992		True
group_4523	1229	0.9984	0.9992		True
group_4473	1229	0.9984	1.0		True
trmH	1229	0.9984	1.0		True
group_4464	1229	0.9984	1.0		True
group_4417	1229	0.9984	0.9699		False
group_4394	1229	0.9984	1.0		True
aaa	1229	0.9984	0.9959	paralog_readval_masked	False
group_4381	1229	0.9984	0.9894		False
group_4371	1229	0.9984	0.9935		True
bstA	1229	0.9984	0.9992		True
group_4353	1229	0.9984	0.9772		False
nikB	1229	0.9984	0.9992		True
group_4272	1229	0.9984	0.9992		True
radA	1229	0.9984	1.0		True
mroQ	1229	0.9984	0.9992		True
group_4144	1229	0.9984	1.0		True
group_4057	1229	0.9984	0.9992		True
group_4044	1229	0.9984	1.0		True
group_4033	1229	0.9984	1.0		True
group_4032	1229	0.9984	1.0		True
group_4002	1229	0.9984	1.0		True
ecfA2	1229	0.9984	1.0		True
group_3843	1229	0.9984	1.0		True
secY2	1229	0.9984	0.9797		False
group_3695	1229	0.9984	1.0		True
comK	1229	0.9984	0.9992		True
group_3564	1229	0.9984	1.0	paralog_readval_masked	False
group_3552	1229	0.9984	0.9984		True
group_3540	1229	0.9984	1.0		True
group_3476	1229	0.9984	0.9951		True
group_3290	1229	0.9984	1.0		True
group_3241	1229	0.9984	1.0	paralog_readval_masked	False
group_3184	1229	0.9984	0.9984		True
group_3120	1229	0.9984	1.0		True
gbsR	1229	0.9984	0.9967		True
group_3029	1229	0.9984	0.9992		True
recJ	1229	0.9984	0.9984		True
group_2925	1229	0.9984	1.0		True
mnhF2	1229	0.9984	1.0		True
group_2879	1229	0.9984	1.0		True
group_2876	1229	0.9984	0.9992		True
group_2807	1229	0.9984	0.9837		False
group_2761	1229	0.9984	0.9992		True
group_2599	1229	0.9984	1.0		True
sarS	1229	0.9984	0.9984		True
fluC	1229	0.9984	1.0		True
ecfA1	1229	0.9984	0.9984		True
lacB	1229	0.9984	1.0		True
group_2337	1229	0.9984	1.0		True
group_2328	1229	0.9984	0.9862		False
tsaE	1229	0.9984	1.0		True
group_2241	1229	0.9984	1.0		True
group_2209	1229	0.9984	1.0		True
group_2046	1229	0.9984	1.0		True
group_1411	1229	0.9984	1.0		True
sspC	1229	0.9984	1.0		True
ktrB	1229	0.9984	0.9959		True
group_918	1229	0.9984	1.0		True
group_865	1229	0.9984	1.0		True
ctsR	1229	0.9984	1.0		True
group_505	1229	0.9984	0.9992		True
group_360	1229	0.9984	0.9813		False
lukE~~~hlgC	1229	0.9984	0.9959		True
group_227	1229	0.9984	0.9967	paralog_readval_masked	False
emp	1229	0.9984	0.9927		True
nikE	1229	0.9984	0.9845		False
nikD	1229	0.9984	0.9935		True
yycJ	1229	0.9984	0.9976		True
group_27	1229	0.9984	1.0		True
group_5830	1228	0.9976	0.9739		False
norA	1228	0.9976	0.9984		True
group_5696	1228	0.9976	1.0		True
group_5588	1228	0.9976	1.0		True
group_5585	1228	0.9976	0.9813		False
vraF	1228	0.9976	0.9992		True
group_5505	1228	0.9976	0.9927		True
group_5347	1228	0.9976	0.9967		True
group_5241	1228	0.9976	1.0		True
group_5180	1228	0.9976	0.9316		False
group_5168	1228	0.9976	0.9772		False
group_5119	1228	0.9976	0.9845		False
yxeP	1228	0.9976	0.991	paralog_readval_masked	False
group_5093	1228	0.9976	0.9984		True
group_4896	1228	0.9976	1.0		True
group_4835	1228	0.9976	0.9984		True
cwrA	1228	0.9976	1.0		True
essC	1228	0.9976	0.9813		False
group_4738	1228	0.9976	1.0		True
group_4651	1228	0.9976	1.0		True
group_4494	1228	0.9976	1.0		True
group_4349	1228	0.9976	0.9984		True
group_4296	1228	0.9976	0.9976		True
group_3960	1228	0.9976	0.9625		False
group_3846	1228	0.9976	0.9976		True
group_3785	1228	0.9976	1.0		True
group_3571	1228	0.9976	0.9723		False
adhE	1228	0.9976	0.9935		True
group_3465	1228	0.9976	0.9894		False
group_3374	1228	0.9976	1.0	paralog_readval_masked	False
group_3322	1228	0.9976	0.9967		True
group_3297	1228	0.9976	0.9984		True
group_3200	1228	0.9976	1.0		True
group_3178	1228	0.9976	1.0		True
group_3129	1228	0.9976	0.9919		True
group_3126	1228	0.9976	0.9992		True
group_2991	1228	0.9976	0.9935		True
gspF	1228	0.9976	0.9666		False
group_2598	1228	0.9976	1.0		True
group_2184	1228	0.9976	0.9992		True
group_1875	1228	0.9976	1.0		True
lacA	1228	0.9976	1.0		True
ssaA	1228	0.9976	1.0		True
group_214	1228	0.9976	0.9829		False
group_167	1228	0.9976	0.9959		True
group_94	1228	0.9976	1.0		True
group_0	1228	0.9976	0.9959		True
group_5834	1227	0.9968	0.9959		True
group_5792	1227	0.9968	0.9951		True
group_5767	1227	0.9968	1.0		True
group_5703	1227	0.9968	0.9992		True
group_5693	1227	0.9968	0.965		False
mnhB2	1227	0.9968	1.0		True
group_5570	1227	0.9968	1.0		True
tdcB	1227	0.9968	0.9976		True
group_5382	1227	0.9968	1.0		True
group_5340	1227	0.9968	0.9853		False
group_5334	1227	0.9968	0.9992	paralog_readval_masked	False
group_5279	1227	0.9968	0.9984		True
group_5167	1227	0.9968	0.9967		True
group_5124	1227	0.9968	0.9796		False
group_5117	1227	0.9968	0.9813		False
group_5027	1227	0.9968	1.0		True
group_4987	1227	0.9968	0.9878		False
group_4903	1227	0.9968	0.9976		True
group_4774	1227	0.9968	1.0		True
group_4694	1227	0.9968	1.0		True
group_4652	1227	0.9968	0.9992		True
vraR	1227	0.9968	1.0		True
group_4591	1227	0.9968	1.0	paralog_readval_masked	False
group_4548	1227	0.9968	0.9992		True
group_4543	1227	0.9968	0.9992		True
graS	1227	0.9968	0.9967		True
vraG	1227	0.9968	0.9984		True
group_4237	1227	0.9968	0.9984		True
group_4023	1227	0.9968	0.978		False
group_3977	1227	0.9968	0.9772		False
group_3841	1227	0.9968	0.9951		True
group_3570	1227	0.9968	0.9976		True
yhaN	1227	0.9968	0.9959		True
group_3207	1227	0.9968	0.9967		True
lytM	1227	0.9968	0.9967		True
group_2788	1227	0.9968	0.9992		True
group_2728	1227	0.9968	1.0		True
yhaM	1227	0.9968	1.0		True
group_2611	1227	0.9968	0.9984		True
group_2609	1227	0.9968	0.9976		True
hld	1227	0.9968	1.0		True
group_2131	1227	0.9968	0.9919		True
group_215	1227	0.9968	0.9886		False
group_193	1227	0.9968	0.9552		False
queT	1227	0.9968	0.9976		True
group_84	1227	0.9968	1.0		True
lukG	1227	0.9968	0.9976		True
group_5835	1226	0.9959	0.9992		True
sdrM	1226	0.9959	0.9951		True
yfkO	1226	0.9959	0.9927		True
group_5673	1226	0.9959	0.9976		True
group_5642	1226	0.9959	1.0		True
group_5630	1226	0.9959	1.0		True
group_5368	1226	0.9959	0.9976		True
ecb	1226	0.9959	0.9984		True
yxbG	1226	0.9959	0.9772		False
hlb	1226	0.9959	0.9902	paralog_readval_masked	False
sdpR	1226	0.9959	1.0		True
group_4946	1226	0.9959	0.9992		True
group_4918	1226	0.9959	1.0		True
group_4908	1226	0.9959	0.9951		True
group_4894	1226	0.9959	1.0		True
ribD	1226	0.9959	0.9976		True
group_4716	1226	0.9959	0.9984		True
group_4633	1226	0.9959	0.9984		True
group_4632	1226	0.9959	1.0		True
group_4298	1226	0.9959	0.9935		True
group_4208	1226	0.9959	0.9788		False
group_4035	1226	0.9959	1.0		True
group_3561	1226	0.9959	0.9894		False
group_3423	1226	0.9959	0.9959		True
group_3405	1226	0.9959	0.9967		True
group_3148	1226	0.9959	0.9992		True
group_1297	1226	0.9959	0.9878		False
group_358	1226	0.9959	1.0		True
group_255	1226	0.9959	0.9021		False
group_5782	1225	0.9951	0.9918		True
group_5700	1225	0.9951	1.0		True
group_4554	1225	0.9951	1.0		True
group_4411	1225	0.9951	0.9927		True
group_4037	1225	0.9951	0.9976		True
group_3616	1225	0.9951	0.9992		True
bglG	1225	0.9951	1.0		True
group_2871	1225	0.9951	1.0		True
group_2589	1225	0.9951	1.0		True
group_2113	1225	0.9951	1.0		True
group_900	1225	0.9951	1.0		True
group_5783	1224	0.9943	0.9804		False
group_5095	1224	0.9943	0.9575		False
group_4545	1224	0.9943	0.8873		False
group_4223	1224	0.9943	1.0		True
group_4046	1224	0.9943	1.0		True
group_3461	1224	0.9943	0.9984		True
group_3195	1224	0.9943	0.9967		True
group_2874	1224	0.9943	0.9992		True
group_2593	1224	0.9943	0.9902	paralog_readval_masked	False
group_2573	1224	0.9943	1.0		True
recR	1224	0.9943	1.0		True
group_1932	1224	0.9943	1.0		True
bsaA	1224	0.9943	0.9975		True
group_1365	1224	0.9943	1.0		True
lukH	1224	0.9943	0.969		False
group_97	1224	0.9943	0.9951		True
group_5496	1223	0.9935	1.0		True
group_5308	1223	0.9935	0.9959		True
group_4849	1223	0.9935	0.9975		True
group_4844	1223	0.9935	1.0		True
aur	1223	0.9935	0.9967		True
group_2793	1223	0.9935	1.0		True
group_1417	1223	0.9935	1.0		True
group_259	1223	0.9935	1.0		True
sdpA	1222	0.9927	0.9918		True
tatC	1222	0.9927	1.0		True
group_4726	1222	0.9927	1.0		True
tatA	1222	0.9927	1.0		True
group_3985	1222	0.9927	1.0		True
group_3652	1222	0.9927	1.0		True
group_3544	1222	0.9927	0.9943		True
group_2010	1222	0.9927	1.0		True
group_5765	1221	0.9919	1.0		True
group_5715	1221	0.9919	1.0		True
group_5046	1221	0.9919	0.9943		True
group_4757	1221	0.9919	1.0		True
group_4702	1221	0.9919	1.0		True
group_3935	1221	0.9919	1.0		True
group_3438	1221	0.9919	0.9992		True
group_2758	1221	0.9919	0.9992		True
group_2327	1221	0.9919	1.0		True
group_5383	1220	0.9911	0.9984		True
group_5068	1220	0.9911	0.15		False
group_4981	1220	0.9911	1.0		True
group_4887	1220	0.9911	1.0		True
group_4319	1220	0.9911	0.9975		True
group_4068	1220	0.9911	0.9984		True
arcR	1220	0.9911	0.9992		True
group_3319	1220	0.9911	0.9984		True
group_3136	1220	0.9911	0.9984		True
group_2852	1220	0.9911	0.9885		False
group_2021	1220	0.9911	0.977		False
tfoX	1219	0.9903	1.0		True
hly~~~hyl	1219	0.9903	0.9803		False
group_5840	1218	0.9894	1.0		False
group_5815	1218	0.9894	0.9984		False
group_5356	1218	0.9894	1.0		False
group_4982	1218	0.9894	0.9795		False
group_3320	1218	0.9894	0.9975		False
set16	1218	0.9894	1.0		False
group_157	1218	0.9894	1.0		False
group_5589	1217	0.9886	1.0		False
isaB	1217	0.9886	0.9992		False
group_5060	1217	0.9886	0.9992		False
group_5029	1217	0.9886	0.991		False
group_3321	1217	0.9886	0.9984		False
group_455	1217	0.9886	0.9992		False
group_5471	1216	0.9878	1.0		False
msaC	1216	0.9878	0.9885		False
radC	1216	0.9878	0.9942		False
group_4221	1216	0.9878	0.9992		False
group_3921	1216	0.9878	1.0		False
group_2587	1216	0.9878	0.9975		False
group_5494	1215	0.987	1.0		False
group_5307	1215	0.987	0.9942		False
group_5000	1215	0.987	0.9885		False
group_4911	1215	0.987	0.9992		False
group_4698	1215	0.987	1.0		False
group_4697	1215	0.987	1.0		False
group_4522	1215	0.987	0.9984		False
group_4377	1215	0.987	0.9827		False
group_4313	1215	0.987	0.9728		False
tarS	1215	0.987	0.9778		False
group_3958	1215	0.987	1.0		False
group_3525	1215	0.987	1.0		False
group_3077	1215	0.987	0.9276		False
group_2737	1215	0.987	1.0		False
group_2574	1215	0.987	0.9992		False
group_2326	1215	0.987	1.0		False
tarL	1215	0.987	0.9984		False
group_5717	1214	0.9862	1.0		False
essA	1214	0.9862	0.9901		False
group_2951	1214	0.9862	0.9885		False
group_2890	1214	0.9862	0.9975		False
esaB	1214	0.9862	1.0		False
group_471	1214	0.9862	0.9094		False
group_4312	1213	0.9854	1.0		False
group_5788	1212	0.9846	1.0		False
group_5243	1212	0.9846	0.9629		False
group_5804	1211	0.9838	0.9959		False
group_5344	1211	0.9838	0.9612		False
group_5321	1211	0.9838	0.9967		False
group_5098	1211	0.9838	0.9876		False
group_4837	1211	0.9838	1.0		False
group_3895	1211	0.9838	0.9851		False
mutS	1211	0.9838	0.9851		False
group_2738	1211	0.9838	1.0		False
group_196	1211	0.9838	1.0		False
coa	1210	0.9829	0.9653	hostile_repeat_protein	False
group_5062	1210	0.9829	0.9702		False
comG	1210	0.9829	1.0		False
group_5779	1209	0.9821	1.0		False
group_4884	1209	0.9821	1.0		False
group_3444	1209	0.9821	0.9983		False
group_3125	1209	0.9821	0.9983		False
spn	1209	0.9821	1.0		False
set17	1209	0.9821	0.9843		False
group_4732	1208	0.9813	0.9992		False
group_4491	1208	0.9813	0.995		False
group_343	1208	0.9813	0.9743		False
group_207	1208	0.9813	0.9793		False
scc~~~scb	1208	0.9813	0.9967		False
group_5501	1207	0.9805	0.9917		False
group_5108	1207	0.9805	0.9959		False
group_4331	1207	0.9805	0.9901		False
group_4151	1207	0.9805	0.8774		False
crtQ	1207	0.9805	0.9967		False
group_3399	1207	0.9805	0.9992		False
group_2759	1207	0.9805	1.0		False
group_2429	1207	0.9805	0.9983		False
group_1379	1207	0.9805	1.0		False
group_4703	1206	0.9797	1.0		False
group_4062	1206	0.9797	1.0		False
group_4056	1206	0.9797	1.0		False
group_3567	1206	0.9797	0.9934		False
group_3566	1206	0.9797	0.9992		False
group_2752	1206	0.9797	0.9992		False
fakB2	1206	0.9797	1.0		False
crtO	1206	0.9797	1.0		False
group_1406	1206	0.9797	1.0		False
group_5388	1205	0.9789	1.0		False
msrB	1205	0.9789	0.9975		False
group_4054	1205	0.9789	1.0		False
group_3910	1205	0.9789	1.0		False
group_4343	1204	0.9781	1.0		False
set25	1204	0.9781	0.9767		False
farE	1203	0.9773	0.9834		False
spa~~~lysM	1202	0.9764	0.9567	hostile_repeat_protein	False
farR	1202	0.9764	1.0		False
agrB	1202	0.9764	1.0		False
set20	1202	0.9764	1.0		False
group_2962	1201	0.9756	1.0		False
group_427	1201	0.9756	0.9842		False
group_5335	1200	0.9748	1.0		False
group_5025	1199	0.974	0.9224		False
group_107	1199	0.974	0.9833		False
efb	1197	0.9724	0.9975		False
group_5738	1196	0.9716	1.0		False
group_747	1196	0.9716	0.9256		False
group_3057	1194	0.9699	1.0		False
group_4350	1193	0.9691	1.0		False
group_5080	1188	0.9651	0.9949		False
group_3867	1188	0.9651	1.0		False
group_4754	1184	0.9618	1.0		False
group_4472	1184	0.9618	0.9992		False
group_109	1180	0.9586	0.9992		False
group_4278	1179	0.9578	0.9992		False
group_3800	1177	0.9561	0.9992		False
set22	1176	0.9553	0.9991		False
group_4688	1175	0.9545	0.9711		False
selX	1174	0.9537	0.9898		False
group_5561	1167	0.948	1.0		False
esxA	1165	0.9464	1.0		False
group_3452	1165	0.9464	0.9794		False
group_422	1163	0.9448	0.8426		False
set26	1162	0.9439	0.9966		False
group_2919	1161	0.9431	1.0		False
group_5107	1160	0.9423	0.9647		False
group_5636	1156	0.9391	1.0		False
group_4852	1156	0.9391	1.0		False
group_4626	1156	0.9391	0.9983		False
group_4625	1156	0.9391	0.9974		False
group_2921	1156	0.9391	0.9991		False
group_2561	1156	0.9391	0.9983		False
group_5754	1155	0.9383	0.9991		False
ebhA	1146	0.931	0.7888		False
set24~~~set23	1144	0.9293	0.9668		False
group_5808	1136	0.9228	0.5995		False
group_211	1133	0.9204	0.9585		False
set19~~~set18	1131	0.9188	0.9098		False
group_106	1130	0.918	1.0		False
group_5809	1129	0.9171	1.0		False
group_4478	1127	0.9155	0.9734		False
group_4375	1127	0.9155	0.9814		False
group_5578	1124	0.9131	0.9742		False
group_5638	1122	0.9115	1.0		False
group_5639	1113	0.9041	1.0		False
group_308	1111	0.9025	0.8848		False
sdrD~~~sdrE~~~sdrC	1110	0.9017	0.8694	hostile_repeat_protein	False
group_2978	1106	0.8985	0.981		False
group_5118	1101	0.8944	1.0		False
group_400	1099	0.8928	0.8799		False
eap	1090	0.8855	0.6046		False
group_738	1089	0.8846	0.9954		False
group_5699	1085	0.8814	0.9733		False
group_5384	1085	0.8814	0.9963		False
group_4742	1085	0.8814	0.9696		False
appA	1085	0.8814	0.9318		False
yydJ	1084	0.8806	0.9972		False
group_5047	1083	0.8798	0.976		False
group_3453	1083	0.8798	0.9991		False
group_3547	1082	0.879	0.9935		False
group_4404	1077	0.8749	1.0		False
group_132	1076	0.8741	0.8885		False
appC	1076	0.8741	0.9749		False
group_5364	1075	0.8733	0.9916		False
group_5781	1065	0.8652	0.6244		False
group_5744	1059	0.8603	0.9141		False
yoeB	1054	0.8562	0.9981		False
group_3406	1054	0.8562	1.0		False
group_5232	1043	0.8473	0.9569		False
group_223	1030	0.8367	0.9223		False
group_3874	1028	0.8351	0.4144		False
msbA	1027	0.8343	0.9786		False
group_3473	1024	0.8318	0.9697		False
group_4789	1022	0.8302	1.0		False
group_5688	1018	0.827	0.7996		False
group_310	1015	0.8245	0.9941		False
group_5523	1002	0.814	0.004		False
set19	1001	0.8132	0.9421		False
group_5091	982	0.7977	0.9868		False
group_5447	981	0.7969	1.0		False
group_352	980	0.7961	0.9888		False
group_5726	978	0.7945	1.0		False
lukE	973	0.7904	0.9599		False
group_5387	973	0.7904	0.9856		False
group_5070	972	0.7896	1.0		False
lpl10~~~lpl8	966	0.7847	0.972		False
group_506	964	0.7831	0.9844		False
group_5100	962	0.7815	0.9948		False
group_5483	960	0.7799	1.0		False
group_4251	960	0.7799	1.0		False
group_668	956	0.7766	0.8912		False
group_4639	955	0.7758	1.0		False
group_5829	953	0.7742	0.999		False
sasD	952	0.7734	0.9685		False
group_3970	949	0.7709	0.9294		False
group_645	949	0.7709	0.9283		False
femA~~~fmhC	949	0.7709	0.9589		False
group_5497	948	0.7701	1.0		False
group_5789	944	0.7669	1.0		False
group_684	935	0.7595	0.5476		False
lukD	927	0.753	0.9698		False
splA	924	0.7506	0.974		False
group_5040	921	0.7482	1.0		False
splB~~~splC	921	0.7482	0.8762		False
group_399	920	0.7474	1.0		False
group_5706	918	0.7457	0.9989		False
group_1107	915	0.7433	0.9694		False
group_4502	909	0.7384	0.9989		False
group_99	904	0.7344	1.0		False
group_3277	900	0.7311	1.0		False
set24	899	0.7303	0.9944		False
group_13	896	0.7279	0.471		False
group_5310	895	0.7271	0.9497		False
group_3755	893	0.7254	0.9854		False
group_785	892	0.7246	0.9989		False
group_5039	888	0.7214	0.9921		False
group_3850	887	0.7206	1.0		False
group_5273	886	0.7197	0.9639		False
group_225	882	0.7165	0.9399		False
group_4980	879	0.7141	0.8203		False
group_3328	877	0.7124	0.959		False
group_5614	869	0.7059	1.0		False
sdrC~~~sdrD~~~sdrG	869	0.7059	0.9448	hostile_repeat_protein	False
group_5828	867	0.7043	0.8939		False
group_4245	866	0.7035	0.9781		False
group_3203	866	0.7035	0.963		False
group_2178	866	0.7035	0.9977		False
group_1920	866	0.7035	1.0		False
group_423	858	0.697	0.8112		False
group_91	854	0.6937	0.9836		False
group_633	853	0.6929	0.9766		False
group_1905	850	0.6905	1.0		False
group_24	843	0.6848	0.981		False
group_3181	842	0.684	0.9893		False
group_2097	842	0.684	1.0		False
clfB	840	0.6824	0.981	hostile_repeat_protein	False
group_852	839	0.6816	0.9023		False
group_4238	836	0.6791	0.9031		False
group_23	836	0.6791	1.0		False
group_5498	835	0.6783	0.8862		False
group_5566	834	0.6775	0.9556		False
splC~~~splB	831	0.6751	0.9699		False
group_5819	825	0.6702	0.9915		False
lpl7~~~lpl9	822	0.6677	0.9489		False
splB~~~splE~~~splF~~~splD	817	0.6637	0.339		False
group_3503	813	0.6604	1.0		False
scn	807	0.6556	0.974		False
group_3280	802	0.6515	1.0		False
clfB~~~sdrC~~~sdrD	801	0.6507	0.9688	hostile_repeat_protein	False
fnbB~~~fnbA~~~sdrG	800	0.6499	0.9237	hostile_repeat_protein	False
group_619	799	0.6491	0.99		False
group_397	799	0.6491	0.9712		False
esaD~~~essD	780	0.6336	0.9038		False
esaC~~~esxC	778	0.632	1.0		False
esaE	778	0.632	1.0		False
esxD	778	0.632	0.9936		False
group_810	778	0.632	0.9974		False
esxB	777	0.6312	1.0		False
group_693	764	0.6206	0.9987		False
group_3524	761	0.6182	0.929		False
group_425	758	0.6158	0.9683		False
group_873	752	0.6109	0.9654		False
group_4705	750	0.6093	1.0		False
group_603	735	0.5971	1.0		False
group_353	733	0.5955	0.9209		False
group_1106	731	0.5938	0.9973		False
group_3593	730	0.593	1.0		False
group_5341	724	0.5881	0.9213		False
group_754	723	0.5873	0.8506		False
sak	719	0.5841	0.9986		False
group_5739	717	0.5825	1.0		False
group_5727	714	0.58	1.0		False
group_4529	712	0.5784	0.9593		False
group_636	711	0.5776	0.9986		False
group_262	711	0.5776	0.8776		False
group_5005	708	0.5751	1.0		False
group_159	708	0.5751	1.0		False
group_4463	707	0.5743	1.0		False
group_5635	705	0.5727	1.0		False
group_232	704	0.5719	0.9901		False
group_2859	703	0.5711	1.0		False
group_5230	700	0.5686	0.97		False
group_3271	697	0.5662	1.0		False
lip2	695	0.5646	0.9986		False
sigA	694	0.5638	0.9986		False
group_760	692	0.5621	0.9812		False
group_125	690	0.5605	0.8942		False
group_5795	686	0.5573	0.9665		False
group_5778	685	0.5565	1.0		False
group_848	682	0.554	0.9985		False
group_5116	677	0.55	0.9749		False
cap8H	674	0.5475	0.9955		False
group_465	674	0.5475	0.4258		False
group_4798	673	0.5467	0.9926		False
group_3740	669	0.5435	1.0		False
group_1313	668	0.5426	0.997		False
cap8J	666	0.541	0.997		False
cap8I	666	0.541	1.0		False
cap8K	666	0.541	1.0		False
group_630	666	0.541	0.9985		False
group_357	665	0.5402	0.9278		False
group_391	662	0.5378	1.0		False
agrD	658	0.5345	1.0		False
group_426	653	0.5305	0.9571		False
group_951	647	0.5256	0.9366		False
group_5066	643	0.5223	0.9984		False
group_4975	640	0.5199	0.9906		False
group_5318	638	0.5183	0.1834		False
group_5705	636	0.5167	1.0		False
group_5803	635	0.5158	0.9606		False
group_348	631	0.5126	0.8843		False
group_5796	629	0.511	1.0		False
group_93	628	0.5102	0.9761		False
sarT	624	0.5069	1.0		False
group_1289	619	0.5028	0.9192		False
group_498	619	0.5028	0.9742		False
sarU	618	0.502	0.9919		False
splB~~~splE~~~splF	615	0.4996	0.987		False
lpl7	604	0.4907	0.9205		False
group_1090	596	0.4842	1.0		False
group_1089	596	0.4842	0.9933		False
group_1086	596	0.4842	0.995		False
group_1088	595	0.4833	0.9983		False
group_1092	594	0.4825	1.0		False
group_5285	589	0.4785	0.9949		False
group_2408	588	0.4777	1.0		False
group_1085	582	0.4728	0.9983		False
group_448	582	0.4728	0.7251		False
group_1042	580	0.4712	0.9793		False
group_1069	579	0.4703	0.9827		False
group_2862	577	0.4687	1.0		False
group_224	575	0.4671	0.9861		False
group_5132	574	0.4663	1.0		False
cna	574	0.4663	0.993		False
group_1000	574	0.4663	0.9826		False
group_4753	572	0.4647	1.0		False
group_349	572	0.4647	0.9895		False
group_147	571	0.4639	1.0		False
group_4370	569	0.4622	0.993		False
group_263	569	0.4622	0.8576		False
group_5509	568	0.4614	1.0		False
group_969	568	0.4614	1.0		False
group_5839	567	0.4606	1.0		False
group_5087	565	0.459	1.0		False
norG	564	0.4582	0.9787		False
lpl5~~~lpl1	563	0.4574	0.9556		False
group_4289	561	0.4557	0.9947		False
group_1136	557	0.4525	1.0		False
group_5836	554	0.45	0.7058		False
group_2066	551	0.4476	1.0		False
group_803	549	0.446	1.0		False
group_4034	548	0.4452	0.9964		False
group_4758	547	0.4444	0.9415		False
fosB	547	0.4444	1.0		False
group_1969	546	0.4435	1.0		False
group_5187	545	0.4427	0.9431		False
geh~~~lip2	545	0.4427	0.8587		False
group_1043	545	0.4427	0.9927		False
group_5017	544	0.4419	1.0		False
group_1080	544	0.4419	1.0		False
group_1079	544	0.4419	1.0		False
yajD	544	0.4419	1.0		False
group_3410	543	0.4411	0.9982		False
rpoD~~~sigA	539	0.4379	0.9981		False
group_1035	539	0.4379	0.9907		False
group_398	537	0.4362	0.9497		False
group_4895	534	0.4338	1.0		False
group_2390	534	0.4338	1.0		False
group_1265	531	0.4314	0.9887		False
group_5266	528	0.4289	0.8068		False
group_5139	528	0.4289	1.0		False
group_3517	525	0.4265	0.9352		False
group_1139	525	0.4265	0.9771		False
group_361	525	0.4265	0.981		False
group_3151	524	0.4257	0.9885		False
group_2875	524	0.4257	1.0		False
group_2054	524	0.4257	1.0		False
cstB	524	0.4257	0.9943		False
group_727	524	0.4257	0.9504		False
group_1250	523	0.4249	1.0		False
group_5800	522	0.424	1.0		False
sqr	522	0.424	0.9655		False
group_5802	519	0.4216	0.9461		False
group_5001	519	0.4216	1.0		False
group_3360	518	0.4208	1.0		False
group_473	518	0.4208	0.8552		False
group_309	517	0.42	0.9478		False
group_5169	505	0.4102	1.0		False
group_1308	499	0.4054	1.0		False
group_728	499	0.4054	0.9639		False
lpl2~~~lpl1	496	0.4029	0.9899		False
group_4530	495	0.4021	1.0		False
group_1112	495	0.4021	0.996		False
group_354	495	0.4021	0.9616		False
lysR	495	0.4021	0.9838		False
group_5813	494	0.4013	0.9555		False
group_5052	493	0.4005	0.9878		False
group_687	493	0.4005	1.0		False
group_4467	492	0.3997	1.0		False
group_1052	492	0.3997	0.998		False
group_4083	491	0.3989	1.0		False
group_5652	490	0.3981	0.9816		False
group_113	488	0.3964	1.0		False
group_67	487	0.3956	0.9918		False
group_761	486	0.3948	0.9733		False
group_5125	485	0.394	0.9938		False
group_34	484	0.3932	0.9979		False
group_5157	482	0.3916	1.0		False
group_4040	482	0.3916	1.0		False
group_5759	481	0.3907	1.0		False
group_4124	481	0.3907	1.0		False
group_3579	481	0.3907	0.9938		False
group_5413	480	0.3899	0.9979		False
group_68	480	0.3899	1.0		False
group_2628	478	0.3883	1.0		False
group_315	478	0.3883	1.0		False
group_3059	477	0.3875	0.9979		False
group_351	477	0.3875	0.9937		False
group_12	477	0.3875	1.0		False
group_4665	475	0.3859	1.0		False
group_4429	475	0.3859	1.0		False
chp	475	0.3859	0.9958		False
group_323	471	0.3826	0.9342		False
group_110	471	0.3826	1.0		False
group_5777	470	0.3818	0.9447		False
group_643	469	0.381	0.9638		False
group_5155	468	0.3802	1.0		False
blaI	468	0.3802	0.9957		False
group_4777	466	0.3786	0.9742		False
group_5053	465	0.3777	0.9978		False
group_146	464	0.3769	0.8728		False
group_2312	463	0.3761	1.0		False
group_5651	460	0.3737	0.9978		False
group_4696	460	0.3737	1.0		False
group_5281	459	0.3729	1.0		False
group_5414	457	0.3712	0.9978		False
group_5191	457	0.3712	0.9781		False
group_5453	455	0.3696	0.989		False
group_2140	454	0.3688	1.0		False
group_3501	453	0.368	0.8808		False
group_589	453	0.368	0.9978		False
clfA	451	0.3664	0.9911	hostile_repeat_protein	False
group_550	450	0.3656	1.0		False
group_5714	449	0.3647	0.4098		False
group_11	446	0.3623	0.9709		False
group_4768	442	0.3591	0.9932		False
group_5493	441	0.3582	0.9229		False
group_1189	441	0.3582	1.0		False
group_1277	438	0.3558	0.968		False
group_591	434	0.3526	0.9885		False
group_5043	432	0.3509	1.0		False
group_1143	431	0.3501	0.9954		False
group_1163	427	0.3469	0.9953		False
group_654	427	0.3469	0.9836		False
tetR	426	0.3461	0.9812		False
group_5456	425	0.3452	0.9788		False
sen	424	0.3444	0.9882		False
seu	422	0.3428	0.8957		False
group_901	420	0.3412	0.9452		False
group_497	420	0.3412	0.9524		False
group_5213	418	0.3396	0.9976		False
group_673	418	0.3396	1.0		False
seo	418	0.3396	0.9713		False
group_246	418	0.3396	1.0		False
group_87	418	0.3396	0.9617		False
group_1236	417	0.3387	1.0		False
group_536	416	0.3379	0.9904		False
sem~~~sei~~~entK	415	0.3371	0.5325		False
lpl9	413	0.3355	0.9879		False
group_4654	412	0.3347	1.0		False
group_442	412	0.3347	1.0		False
group_5650	411	0.3339	0.9878		False
group_1264	411	0.3339	0.9903		False
group_437	409	0.3323	0.9804		False
group_5049	407	0.3306	1.0		False
group_4058	407	0.3306	1.0		False
group_1305	407	0.3306	0.9853		False
group_1203	407	0.3306	1.0		False
group_5200	406	0.3298	1.0		False
group_634	406	0.3298	1.0		False
group_5358	405	0.329	0.9975		False
group_5659	403	0.3274	0.9876		False
group_5658	403	0.3274	0.9529		False
group_4675	403	0.3274	0.9926		False
group_952	403	0.3274	1.0		False
group_1060	400	0.3249	0.9825		False
group_4188	399	0.3241	0.9975		False
group_4097	399	0.3241	0.9875		False
group_743	395	0.3209	0.957		False
group_3623	394	0.3201	0.9949		False
group_3559	394	0.3201	0.9949		False
group_667	394	0.3201	0.8249		False
group_74	394	0.3201	0.9797		False
group_2508	393	0.3193	1.0		False
group_298	393	0.3193	1.0		False
group_92	393	0.3193	1.0		False
group_72	393	0.3193	0.9975		False
group_5149	392	0.3184	1.0		False
group_5288	391	0.3176	1.0		False
group_3942	391	0.3176	1.0		False
cadD	391	0.3176	0.9668		False
group_466	390	0.3168	0.9846		False
group_5323	389	0.316	0.9974		False
group_1128	389	0.316	1.0		False
group_112	389	0.316	1.0		False
group_5664	388	0.3152	0.9974		False
group_525	388	0.3152	0.9794		False
group_906	387	0.3144	0.9974		False
group_303	387	0.3144	0.9457		False
group_299	387	0.3144	0.9948		False
group_5628	386	0.3136	0.9974		False
group_3907	386	0.3136	0.987		False
group_456	386	0.3136	0.9948		False
group_73	386	0.3136	1.0		False
group_43	386	0.3136	1.0		False
blaR1	385	0.3128	0.9948		False
group_3678	384	0.3119	1.0		False
group_4074	383	0.3111	1.0		False
group_2264	383	0.3111	0.9948		False
group_962	383	0.3111	0.8825		False
group_965	382	0.3103	0.7487		False
group_660	382	0.3103	0.9686		False
group_957	380	0.3087	0.9974		False
group_5138	379	0.3079	1.0		False
group_3992	378	0.3071	1.0		False
group_3857	378	0.3071	0.9577		False
group_1084	377	0.3063	0.9867		False
group_234	377	0.3063	0.9867		False
group_683	376	0.3054	1.0		False
group_5076	375	0.3046	0.9947		False
group_511	374	0.3038	0.992		False
group_670	372	0.3022	0.8145		False
group_283	372	0.3022	1.0		False
group_271	370	0.3006	1.0		False
group_2923	369	0.2998	0.9892		False
group_1380	368	0.2989	1.0		False
binR	368	0.2989	0.9918		False
group_5357	367	0.2981	0.9918		False
group_791	365	0.2965	1.0		False
group_708	365	0.2965	0.9726		False
group_571	364	0.2957	0.9258		False
group_230	364	0.2957	0.989		False
group_1392	362	0.2941	1.0		False
epiB	360	0.2924	0.9806		False
group_4704	360	0.2924	0.9306		False
sasG	360	0.2924	0.85	hostile_repeat_protein	False
group_319	359	0.2916	0.9972		False
group_5548	358	0.2908	1.0		False
group_4607	356	0.2892	1.0		False
mecC~~~mecA	356	0.2892	0.9944		False
group_5613	355	0.2884	1.0		False
lpl8	355	0.2884	1.0		False
group_424	355	0.2884	0.969		False
group_355	355	0.2884	0.9859		False
group_50	355	0.2884	0.9972		False
set21	354	0.2876	0.9887		False
epiC	352	0.2859	0.9943		False
group_221	352	0.2859	0.9631		False
group_5369	351	0.2851	1.0		False
yxlF	351	0.2851	0.9858		False
group_342	351	0.2851	0.9972		False
group_205	351	0.2851	1.0		False
group_3865	350	0.2843	0.9314		False
group_995	350	0.2843	0.9743		False
group_198	350	0.2843	1.0		False
group_5746	349	0.2835	1.0		False
group_880	349	0.2835	0.788		False
group_723	349	0.2835	1.0		False
group_356	349	0.2835	0.7593		False
gdmE	348	0.2827	0.9971		False
group_3556	347	0.2819	1.0		False
group_1093	347	0.2819	0.9654		False
group_1030	347	0.2819	0.9942		False
group_3587	346	0.2811	1.0		False
group_979	346	0.2811	0.9942		False
insH	346	0.2811	0.2948		False
group_254	344	0.2794	1.0		False
group_242	344	0.2794	1.0		False
group_793	343	0.2786	1.0		False
group_1026	342	0.2778	0.9327		False
group_332	342	0.2778	1.0		False
group_5583	341	0.277	0.9912		False
group_30	341	0.277	1.0		False
group_5611	340	0.2762	0.85		False
group_5398	340	0.2762	0.9294		False
group_1318	340	0.2762	1.0		False
group_794	340	0.2762	0.4353		False
group_531	339	0.2754	0.9971		False
group_229	339	0.2754	1.0		False
group_1245	338	0.2746	1.0		False
fnbB	338	0.2746	0.9822	hostile_repeat_protein	False
group_5444	337	0.2738	1.0		False
group_2736	337	0.2738	0.9852		False
group_672	337	0.2738	1.0		False
group_118	337	0.2738	0.9941		False
group_1300	336	0.2729	0.997		False
group_1284	335	0.2721	0.997		False
group_2665	334	0.2713	1.0		False
group_169	334	0.2713	1.0		False
group_3881	333	0.2705	1.0		False
group_566	332	0.2697	1.0		False
group_251	332	0.2697	0.8855		False
group_4771	331	0.2689	1.0		False
group_4474	331	0.2689	0.997		False
group_540	331	0.2689	0.994		False
group_1302	330	0.2681	0.9939		False
group_5798	329	0.2673	0.5441		False
group_5245	329	0.2673	1.0		False
group_751	329	0.2673	1.0		False
group_688	329	0.2673	0.9909		False
group_5797	327	0.2656	0.9694		False
lpl7~~~lpl6	327	0.2656	0.5168		False
group_1160	326	0.2648	0.9816		False
group_1260	325	0.264	0.9908		False
vanZ	325	0.264	0.9662		False
group_842	325	0.264	0.9785		False
group_772	325	0.264	1.0		False
group_1973	324	0.2632	1.0		False
group_2933	323	0.2624	1.0		False
group_5115	322	0.2616	0.8944		False
group_4998	321	0.2608	0.6978		False
group_3364	321	0.2608	0.9969		False
group_1074	321	0.2608	1.0		False
group_1022	321	0.2608	1.0		False
splB~~~splD~~~splE	321	0.2608	0.9969		False
group_364	321	0.2608	0.9969		False
group_3013	320	0.26	1.0		False
group_2244	319	0.2591	1.0		False
group_5175	318	0.2583	1.0		False
group_4082	318	0.2583	1.0		False
group_5210	317	0.2575	0.9937		False
group_933	317	0.2575	0.9243		False
group_177	317	0.2575	0.9968		False
group_5003	316	0.2567	0.9937		False
group_2975	316	0.2567	1.0		False
group_1190	316	0.2567	1.0		False
group_750	315	0.2559	0.9937		False
group_4664	314	0.2551	0.9936		False
group_4960	312	0.2535	0.9712		False
group_986	312	0.2535	0.7404		False
group_1322	310	0.2518	1.0		False
group_611	310	0.2518	1.0		False
group_184	310	0.2518	1.0		False
group_741	309	0.251	0.9806		False
group_711	309	0.251	1.0		False
group_269	309	0.251	1.0		False
group_5676	306	0.2486	1.0		False
group_1038	305	0.2478	1.0		False
icaC	304	0.247	0.8882		False
group_54	303	0.2461	0.9868		False
group_4324	302	0.2453	0.9901		False
group_2177	302	0.2453	1.0		False
group_5396	301	0.2445	0.9668		False
group_4659	301	0.2445	1.0		False
group_2631	301	0.2445	0.9934		False
group_1064	301	0.2445	0.9934		False
group_925	301	0.2445	0.9767		False
group_513	301	0.2445	1.0		False
group_370	301	0.2445	0.99		False
group_931	300	0.2437	0.8767		False
group_713	300	0.2437	1.0		False
group_187	299	0.2429	1.0		False
group_5534	298	0.2421	1.0		False
hysA	298	0.2421	0.9799		False
group_5485	297	0.2413	0.9158		False
group_1286	297	0.2413	0.9529		False
group_736	297	0.2413	1.0		False
group_1315	296	0.2405	0.9932		False
group_1024	296	0.2405	0.9628		False
group_908	296	0.2405	1.0		False
lukP~~~lukM~~~lukE~~~lukSPV	295	0.2396	1.0		False
group_4129	293	0.238	1.0		False
group_2726	293	0.238	1.0		False
group_5631	292	0.2372	0.9829		False
group_868	292	0.2372	1.0		False
group_1849	291	0.2364	1.0		False
group_5569	290	0.2356	0.9966		False
group_4819	290	0.2356	0.9759		False
group_276	290	0.2356	0.9759		False
group_3351	289	0.2348	0.9931		False
group_3269	289	0.2348	0.9965		False
group_2986	289	0.2348	0.9965		False
group_1231	289	0.2348	0.9723		False
group_408	289	0.2348	1.0		False
group_179	288	0.234	1.0		False
group_914	287	0.2331	0.9617		False
group_114	287	0.2331	1.0		False
group_725	286	0.2323	1.0		False
group_4421	285	0.2315	0.9789		False
group_609	285	0.2315	0.9053		False
group_4799	284	0.2307	1.0		False
group_5730	283	0.2299	0.9859		False
group_1267	283	0.2299	0.9541		False
recA	283	0.2299	0.9929		False
group_682	282	0.2291	1.0		False
group_44	282	0.2291	1.0		False
group_968	280	0.2275	0.9821		False
lukFPV~~~lukQ~~~lukF	280	0.2275	1.0		False
group_16	280	0.2275	1.0		False
group_978	279	0.2266	0.9928		False
sel~~~sel32~~~selV~~~sem	278	0.2258	0.9496		False
group_5215	276	0.2242	1.0		False
group_3160	276	0.2242	1.0		False
group_5429	274	0.2226	0.9964		False
group_746	274	0.2226	0.7774		False
group_740	274	0.2226	1.0		False
group_122	274	0.2226	0.9708		False
group_3699	273	0.2218	0.9963		False
mecR1	273	0.2218	0.9927		False
repB	273	0.2218	0.9927		False
insH~~~tnp	271	0.2201	0.9742		False
group_958	270	0.2193	0.9889		False
lysH5	270	0.2193	0.9741		False
group_4594	269	0.2185	0.7472		False
group_490	269	0.2185	1.0		False
group_3622	268	0.2177	0.9552		False
group_3418	268	0.2177	0.9478		False
group_1217	268	0.2177	0.9664		False
group_926	268	0.2177	0.9963		False
group_4086	266	0.2161	0.9737		False
group_1312	266	0.2161	0.9248		False
group_1292	265	0.2153	1.0		False
group_859	265	0.2153	1.0		False
group_665	265	0.2153	0.9962		False
group_5724	264	0.2145	1.0		False
group_832	264	0.2145	1.0		False
group_480	264	0.2145	0.9659		False
group_3276	262	0.2128	0.9962		False
group_1311	262	0.2128	1.0		False
group_5086	261	0.212	0.8621		False
group_363	261	0.212	0.9808		False
blaZ~~~blaPC1	261	0.212	0.9885		False
group_4219	259	0.2104	1.0		False
group_2352	259	0.2104	1.0		False
group_5785	258	0.2096	0.9884		False
group_5121	258	0.2096	1.0		False
group_4706	258	0.2096	0.9806		False
group_222	258	0.2096	0.9225		False
group_45	258	0.2096	1.0		False
group_5841	257	0.2088	1.0		False
group_5178	257	0.2088	1.0		False
group_664	257	0.2088	0.9455		False
group_477	257	0.2088	0.9805		False
group_347	257	0.2088	0.9844		False
group_213	257	0.2088	0.9144		False
group_5784	256	0.208	1.0		False
group_2764	256	0.208	1.0		False
splF~~~splB	256	0.208	0.9688		False
group_419	256	0.208	1.0		False
group_4116	255	0.2071	1.0		False
group_1266	255	0.2071	0.9647		False
group_552	255	0.2071	1.0		False
group_362	255	0.2071	1.0		False
group_1246	254	0.2063	1.0		False
group_899	254	0.2063	0.1378		False
group_150	254	0.2063	0.9724		False
group_5646	253	0.2055	0.6798		False
group_5400	253	0.2055	1.0		False
group_590	253	0.2055	0.9802		False
group_2782	252	0.2047	0.9841		False
group_718	251	0.2039	0.9761		False
dnaA	251	0.2039	0.502		False
group_1301	250	0.2031	0.984		False
group_378	250	0.2031	0.96		False
group_5679	249	0.2023	1.0		False
group_2970	249	0.2023	1.0		False
group_959	249	0.2023	0.996		False
group_970	248	0.2015	1.0		False
group_524	248	0.2015	1.0		False
group_189	247	0.2006	0.9919		False
group_4611	246	0.1998	1.0		False
group_139	246	0.1998	0.3455		False
group_432	245	0.199	1.0		False
rinB	244	0.1982	1.0		False
group_5729	243	0.1974	1.0		False
group_3485	243	0.1974	0.9136		False
group_5467	242	0.1966	0.3926		False
mcrC	242	0.1966	0.9917		False
group_2713	241	0.1958	1.0		False
group_578	241	0.1958	1.0		False
group_499	241	0.1958	1.0		False
dnaC	241	0.1958	0.9917		False
group_4042	239	0.1942	1.0		False
lpl2	239	0.1942	0.9874		False
group_3472	239	0.1942	0.9916		False
group_3447	239	0.1942	1.0		False
group_3163	239	0.1942	0.9665		False
group_576	239	0.1942	0.8996		False
lpl4	239	0.1942	0.8996		False
group_5051	238	0.1933	1.0		False
group_3460	238	0.1933	0.9832		False
group_2772	238	0.1933	0.9538		False
doxX	238	0.1933	0.9958		False
group_1310	238	0.1933	1.0		False
group_1145	238	0.1933	0.8277		False
group_1067	238	0.1933	1.0		False
group_3078	237	0.1925	1.0		False
group_1178	237	0.1925	0.9958		False
group_748	237	0.1925	1.0		False
group_143	237	0.1925	0.9747		False
group_5127	236	0.1917	1.0		False
sey	236	0.1917	0.9915		False
group_1179	236	0.1917	1.0		False
group_913	236	0.1917	0.9068		False
group_458	236	0.1917	0.9915		False
group_415	236	0.1917	0.9873		False
group_4354	235	0.1909	0.9957		False
group_3613	235	0.1909	1.0		False
group_3248	235	0.1909	0.983		False
group_887	234	0.1901	0.9957		False
group_5141	233	0.1893	1.0		False
group_2948	233	0.1893	1.0		False
group_2252	233	0.1893	1.0		False
group_5164	232	0.1885	0.9914		False
group_1058	232	0.1885	1.0		False
group_401	232	0.1885	0.9957		False
group_131	232	0.1885	1.0		False
group_956	231	0.1877	0.9957		False
group_947	231	0.1877	1.0		False
group_17	231	0.1877	1.0		False
group_1319	230	0.1868	1.0		False
group_340	230	0.1868	1.0		False
group_4989	229	0.186	1.0		False
group_3341	229	0.186	1.0		False
group_2562	229	0.186	1.0		False
esaG	229	0.186	0.9214		False
group_4484	228	0.1852	1.0		False
group_936	228	0.1852	1.0		False
group_731	228	0.1852	0.9868		False
group_716	228	0.1852	1.0		False
group_5775	227	0.1844	1.0		False
group_565	227	0.1844	0.9956		False
group_9	227	0.1844	0.674		False
group_5615	226	0.1836	1.0		False
group_4589	226	0.1836	1.0		False
group_2269	226	0.1836	1.0		False
group_1309	226	0.1836	1.0		False
group_616	226	0.1836	0.8628		False
group_5793	225	0.1828	1.0		False
group_5622	225	0.1828	0.9689		False
group_5156	225	0.1828	0.9911		False
group_1599	225	0.1828	1.0		False
group_306	225	0.1828	1.0		False
group_22	225	0.1828	1.0		False
group_5019	224	0.182	0.9955		False
group_3875	224	0.182	0.9777		False
group_3495	224	0.182	0.9598		False
eamA	224	0.182	0.7946		False
group_445	224	0.182	1.0		False
group_85	223	0.1812	0.8341		False
group_5495	222	0.1803	1.0		False
group_5426	222	0.1803	0.5315		False
group_4156	222	0.1803	0.9955		False
group_3565	222	0.1803	1.0		False
group_1036	222	0.1803	0.991		False
group_4790	221	0.1795	1.0		False
group_4586	221	0.1795	0.9683		False
group_129	218	0.1771	0.9908		False
sdrC~~~clfB~~~sdrD	217	0.1763	0.9954	hostile_repeat_protein	False
group_537	217	0.1763	0.9954		False
group_281	217	0.1763	0.9954		False
group_5595	216	0.1755	1.0		False
group_5143	216	0.1755	0.9398		False
group_5133	216	0.1755	0.9815		False
group_3793	216	0.1755	1.0		False
group_79	216	0.1755	0.9815		False
group_5290	215	0.1747	1.0		False
group_4617	215	0.1747	1.0		False
group_2773	215	0.1747	1.0		False
group_1331	215	0.1747	0.8558		False
group_1197	215	0.1747	0.9953		False
group_1039	215	0.1747	0.9535		False
group_828	215	0.1747	0.9953		False
group_570	215	0.1747	0.9953		False
group_4520	214	0.1738	1.0		False
group_976	214	0.1738	0.8879		False
group_615	214	0.1738	1.0		False
group_389	214	0.1738	1.0		False
group_185	214	0.1738	1.0		False
group_5822	213	0.173	0.9812		False
group_5728	213	0.173	0.8545		False
group_804	213	0.173	0.9484		False
group_301	213	0.173	1.0		False
group_5612	212	0.1722	1.0		False
group_5465	212	0.1722	0.9481		False
group_5058	212	0.1722	1.0		False
group_4707	212	0.1722	1.0		False
group_971	212	0.1722	1.0		False
group_528	212	0.1722	0.9292		False
group_510	212	0.1722	1.0		False
group_467	212	0.1722	1.0		False
group_5162	211	0.1714	0.9953		False
group_3478	211	0.1714	0.9621		False
group_71	211	0.1714	1.0		False
group_305	210	0.1706	1.0		False
group_533	209	0.1698	0.9187		False
group_15	209	0.1698	1.0		False
group_5104	208	0.169	1.0		False
group_5084	208	0.169	0.9952		False
group_4150	208	0.169	1.0		False
group_942	208	0.169	0.9904		False
group_758	208	0.169	0.9663		False
group_3312	207	0.1682	0.8744		False
group_1335	207	0.1682	0.9807		False
group_1274	207	0.1682	0.9952		False
group_1256	207	0.1682	1.0		False
group_5397	206	0.1673	0.9078		False
group_4898	206	0.1673	0.9709		False
group_3848	206	0.1673	0.9806		False
group_3442	206	0.1673	1.0		False
group_2769	206	0.1673	1.0		False
group_709	206	0.1673	1.0		False
group_282	206	0.1673	1.0		False
group_5689	205	0.1665	1.0		False
group_5448	205	0.1665	0.9951		False
group_4257	205	0.1665	0.9659		False
group_1948	205	0.1665	1.0		False
group_1055	205	0.1665	1.0		False
group_569	205	0.1665	0.9902		False
group_130	205	0.1665	1.0		False
group_1255	204	0.1657	1.0		False
group_556	204	0.1657	0.9902		False
group_4562	203	0.1649	1.0		False
group_5823	202	0.1641	1.0		False
group_3919	202	0.1641	1.0		False
group_3518	202	0.1641	0.8812		False
group_1539	202	0.1641	1.0		False
group_47	202	0.1641	1.0		False
group_1234	201	0.1633	0.9303		False
group_889	201	0.1633	1.0		False
group_739	201	0.1633	0.99		False
group_617	201	0.1633	0.801		False
group_4826	200	0.1625	1.0		False
group_1527	200	0.1625	1.0		False
group_1226	200	0.1625	1.0		False
group_987	200	0.1625	0.86		False
group_567	200	0.1625	0.905		False
group_436	200	0.1625	0.995		False
group_277	200	0.1625	1.0		False
group_5525	199	0.1617	0.9899		False
group_5405	199	0.1617	1.0		False
group_4090	199	0.1617	1.0		False
sel	199	0.1617	0.8492		False
group_850	199	0.1617	0.9548		False
group_696	199	0.1617	1.0		False
group_180	199	0.1617	1.0		False
group_173	199	0.1617	0.2965		False
group_5667	198	0.1608	0.9899		False
group_745	198	0.1608	0.9949		False
group_646	198	0.1608	1.0		False
group_5129	197	0.16	1.0		False
sec3~~~sec~~~sec1~~~sec2	197	0.16	1.0		False
group_199	197	0.16	1.0		False
group_5787	196	0.1592	1.0		False
group_5708	196	0.1592	1.0		False
group_5128	196	0.1592	1.0		False
group_1282	196	0.1592	1.0		False
group_1241	196	0.1592	1.0		False
group_374	196	0.1592	1.0		False
group_3513	195	0.1584	0.8667		False
group_37	195	0.1584	1.0		False
group_5422	194	0.1576	1.0		False
group_4970	194	0.1576	1.0		False
group_4932	194	0.1576	0.9948		False
dnaD	194	0.1576	0.9897		False
group_4676	193	0.1568	1.0		False
group_1321	193	0.1568	0.8031		False
sdrD~~~sdrC	193	0.1568	0.9689	hostile_repeat_protein	False
group_4559	192	0.156	0.9948		False
group_4466	192	0.156	1.0		False
group_4104	192	0.156	1.0		False
group_175	192	0.156	0.9948		False
group_82	192	0.156	0.9896		False
group_66	192	0.156	0.9427		False
group_2220	191	0.1552	1.0		False
xkdX	191	0.1552	1.0		False
group_5816	190	0.1543	1.0		False
group_5648	190	0.1543	1.0		False
group_4662	190	0.1543	1.0		False
group_4788	189	0.1535	0.8307		False
group_4778	189	0.1535	1.0		False
group_653	189	0.1535	0.9683		False
group_5647	188	0.1527	1.0		False
group_5406	188	0.1527	0.9947		False
group_4661	188	0.1527	1.0		False
group_4092	188	0.1527	1.0		False
group_35	188	0.1527	1.0		False
group_5078	187	0.1519	1.0		False
group_486	187	0.1519	0.9893		False
group_5596	186	0.1511	1.0		False
group_5521	186	0.1511	0.9409		False
group_600	186	0.1511	0.9731		False
group_854	185	0.1503	0.973		False
group_529	185	0.1503	1.0		False
group_394	185	0.1503	1.0		False
group_4792	184	0.1495	1.0		False
group_1123	184	0.1495	0.7935		False
group_891	184	0.1495	1.0		False
group_128	184	0.1495	1.0		False
selZ	183	0.1487	0.9891		False
group_3862	182	0.1478	1.0		False
group_4818	181	0.147	0.9945		False
group_4585	181	0.147	1.0		False
group_3629	181	0.147	0.9945		False
group_3236	181	0.147	0.9613		False
group_2476	181	0.147	0.989		False
group_1270	181	0.147	0.9779		False
group_753	181	0.147	0.989		False
group_333	181	0.147	1.0		False
group_316	181	0.147	0.9448		False
group_5440	180	0.1462	1.0		False
group_4018	180	0.1462	1.0		False
group_724	180	0.1462	1.0		False
group_608	180	0.1462	1.0		False
group_4763	179	0.1454	1.0		False
group_258	179	0.1454	0.9385		False
group_5455	178	0.1446	1.0		False
group_5408	177	0.1438	0.9605		False
group_1019	177	0.1438	1.0		False
group_52	177	0.1438	0.9605		False
group_806	176	0.143	1.0		False
group_244	176	0.143	1.0		False
group_5670	175	0.1422	1.0		False
group_642	175	0.1422	1.0		False
group_186	175	0.1422	1.0		False
group_172	175	0.1422	1.0		False
group_5151	174	0.1413	0.9885		False
ednB	174	0.1413	1.0		False
group_4595	173	0.1405	1.0		False
group_3546	173	0.1405	0.8324		False
group_612	173	0.1405	1.0		False
group_5801	172	0.1397	1.0		False
group_5657	172	0.1397	0.9942		False
group_5531	172	0.1397	0.9767		False
group_4969	172	0.1397	0.9477		False
group_4193	172	0.1397	1.0		False
group_1323	172	0.1397	0.9826		False
group_1132	172	0.1397	0.9942		False
group_862	172	0.1397	0.9767		False
group_4619	171	0.1389	1.0		False
group_4084	171	0.1389	1.0		False
group_3299	171	0.1389	1.0		False
group_1072	171	0.1389	0.9883		False
group_771	171	0.1389	1.0		False
esaA	170	0.1381	0.9765		False
group_1199	170	0.1381	0.8882		False
group_218	170	0.1381	0.9588		False
group_123	170	0.1381	0.9		False
group_1108	169	0.1373	1.0		False
group_659	169	0.1373	0.9941		False
group_412	169	0.1373	1.0		False
group_3772	167	0.1357	1.0		False
group_1117	167	0.1357	1.0		False
group_1100	167	0.1357	0.9222		False
group_459	167	0.1357	0.988		False
group_335	167	0.1357	1.0		False
group_4601	166	0.1348	0.8795		False
group_192	166	0.1348	1.0		False
group_698	165	0.134	1.0		False
group_581	165	0.134	0.9697		False
group_561	165	0.134	1.0		False
group_292	165	0.134	1.0		False
group_5291	164	0.1332	1.0		False
group_3445	164	0.1332	1.0		False
group_627	164	0.1332	0.9939		False
group_5374	163	0.1324	1.0		False
bppU	162	0.1316	0.9938		False
group_302	162	0.1316	1.0		False
istB	162	0.1316	0.8333		False
group_5006	161	0.1308	1.0		False
group_661	161	0.1308	1.0		False
group_446	161	0.1308	1.0		False
group_48	161	0.1308	0.9876		False
group_1013	160	0.13	1.0		False
group_368	160	0.13	1.0		False
group_5337	159	0.1292	0.9119		False
group_5216	159	0.1292	1.0		False
group_5190	159	0.1292	0.9937		False
group_1165	159	0.1292	1.0		False
group_983	159	0.1292	1.0		False
group_5491	158	0.1284	0.981		False
group_2634	158	0.1284	1.0		False
group_405	158	0.1284	1.0		False
group_270	158	0.1284	0.9937		False
group_5123	157	0.1275	0.7898		False
group_5593	156	0.1267	1.0		False
group_5336	156	0.1267	1.0		False
group_4577	156	0.1267	1.0		False
group_990	156	0.1267	0.9744		False
group_964	156	0.1267	0.9872		False
group_707	156	0.1267	1.0		False
group_507	156	0.1267	0.5705		False
isaA	156	0.1267	0.9295		False
group_7434	155	0.1259	0.9935		False
group_5736	155	0.1259	1.0		False
group_4686	155	0.1259	1.0		False
group_3303	155	0.1259	1.0		False
group_1150	155	0.1259	1.0		False
group_36	155	0.1259	0.9935		False
group_4972	154	0.1251	0.9805		False
group_4674	154	0.1251	0.9935		False
group_4575	154	0.1251	1.0		False
group_3398	154	0.1251	0.987		False
group_3305	154	0.1251	0.9935		False
group_2722	154	0.1251	1.0		False
llsX	154	0.1251	1.0		False
group_239	154	0.1251	1.0		False
group_4690	153	0.1243	0.9935		False
group_2642	153	0.1243	1.0		False
group_2250	153	0.1243	0.9542		False
group_1278	153	0.1243	0.9542		False
group_1258	153	0.1243	0.6993		False
tnp~~~insH	153	0.1243	0.5948		False
group_538	153	0.1243	0.9412		False
group_2719	152	0.1235	1.0		False
group_5837	151	0.1227	1.0		False
group_5526	151	0.1227	0.9735		False
group_4136	151	0.1227	1.0		False
group_4102	151	0.1227	1.0		False
group_1742	151	0.1227	1.0		False
group_1496	151	0.1227	1.0		False
group_626	151	0.1227	1.0		False
cna~~~femA	151	0.1227	0.9735		False
group_449	151	0.1227	0.8013		False
group_325	151	0.1227	1.0		False
group_5718	150	0.1219	1.0		False
group_3557	150	0.1219	0.9933		False
group_296	150	0.1219	0.9467		False
group_243	150	0.1219	1.0		False
group_3860	149	0.121	0.9933		False
group_1783	149	0.121	1.0		False
group_722	149	0.121	0.9732		False
splB	148	0.1202	0.9797		False
group_5669	148	0.1202	1.0		False
group_5602	148	0.1202	0.9797		False
group_4672	148	0.1202	1.0		False
group_4513	148	0.1202	1.0		False
group_4415	148	0.1202	1.0		False
group_860	148	0.1202	0.9932		False
group_647	148	0.1202	0.9797		False
group_5252	147	0.1194	0.8027		False
group_5034	147	0.1194	0.9932		False
group_3770	147	0.1194	0.9932		False
group_3687	147	0.1194	0.932		False
marR	147	0.1194	0.9932		False
group_327	147	0.1194	1.0		False
group_69	147	0.1194	1.0		False
group_5780	146	0.1186	0.9863		False
group_801	146	0.1186	1.0		False
acuI	145	0.1178	1.0		False
group_3219	145	0.1178	1.0		False
group_1168	145	0.1178	0.9793		False
group_1032	145	0.1178	0.9931		False
group_710	145	0.1178	1.0		False
group_4490	144	0.117	1.0		False
group_4078	144	0.117	0.9722		False
group_973	144	0.117	1.0		False
group_197	144	0.117	1.0		False
group_5146	143	0.1162	1.0		False
group_291	143	0.1162	0.7902		False
group_5690	142	0.1154	1.0		False
group_5687	142	0.1154	1.0		False
group_5099	142	0.1154	1.0		False
group_4721	142	0.1154	0.993		False
group_2427	142	0.1154	1.0		False
group_878	142	0.1154	1.0		False
group_377	142	0.1154	1.0		False
group_350	142	0.1154	0.9648		False
group_1	142	0.1154	0.9859		False
group_4263	141	0.1145	1.0		False
group_3969	141	0.1145	1.0		False
group_2795	141	0.1145	0.9716		False
group_1453	141	0.1145	1.0		False
group_1253	141	0.1145	1.0		False
group_1020	141	0.1145	1.0		False
group_904	141	0.1145	1.0		False
group_700	141	0.1145	0.9787		False
group_689	141	0.1145	1.0		False
group_675	141	0.1145	1.0		False
group_5370	140	0.1137	0.9857		False
group_4631	140	0.1137	0.9643		False
group_3880	140	0.1137	0.9214		False
group_1275	140	0.1137	1.0		False
group_5592	139	0.1129	1.0		False
group_5177	139	0.1129	0.9928		False
group_1031	139	0.1129	1.0		False
group_967	139	0.1129	1.0		False
group_545	139	0.1129	0.9856		False
group_202	139	0.1129	1.0		False
group_5	139	0.1129	1.0		False
group_413	138	0.1121	0.971		False
group_245	138	0.1121	1.0		False
group_4118	137	0.1113	1.0		False
group_3722	137	0.1113	1.0		False
group_483	137	0.1113	1.0		False
group_5794	136	0.1105	0.6471		False
dppD	136	0.1105	0.9853		False
oppF	136	0.1105	1.0		False
group_4275	136	0.1105	1.0		False
group_3326	136	0.1105	0.9926		False
group_3218	136	0.1105	1.0		False
group_849	136	0.1105	0.625		False
oppC	136	0.1105	1.0		False
group_83	136	0.1105	0.9412		False
group_5319	135	0.1097	1.0		False
group_3667	135	0.1097	1.0		False
group_2203	135	0.1097	1.0		False
sarX	135	0.1097	1.0		False
group_2173	134	0.1089	1.0		False
sea~~~see~~~sep	133	0.108	0.9925		False
group_4438	133	0.108	1.0		False
group_4437	133	0.108	1.0		False
group_3716	133	0.108	1.0		False
group_1223	133	0.108	0.8195		False
group_527	133	0.108	1.0		False
group_451	133	0.108	1.0		False
group_331	133	0.108	1.0		False
group_5742	132	0.1072	1.0		False
group_5148	132	0.1072	1.0		False
group_3538	132	0.1072	0.9924		False
group_815	132	0.1072	0.8485		False
repA	132	0.1072	0.8485		False
group_181	132	0.1072	0.9924		False
group_160	132	0.1072	0.9773		False
group_124	132	0.1072	1.0		False
tst	131	0.1064	0.9924		False
group_2221	131	0.1064	1.0		False
group_1602	131	0.1064	1.0		False
group_1012	131	0.1064	0.9771		False
group_3493	130	0.1056	1.0		False
group_1134	130	0.1056	0.9923		False
group_732	130	0.1056	0.9923		False
group_715	130	0.1056	0.9308		False
group_5719	129	0.1048	0.9767		False
group_4668	129	0.1048	1.0		False
group_5239	128	0.104	1.0		False
group_3736	128	0.104	0.9609		False
group_3403	128	0.104	0.9844		False
group_2930	128	0.104	1.0		False
group_833	128	0.104	0.9922		False
group_5272	127	0.1032	1.0		False
group_1221	127	0.1032	1.0		False
group_1172	127	0.1032	0.7795		False
group_953	127	0.1032	0.9921		False
group_312	127	0.1032	1.0		False
group_268	127	0.1032	1.0		False
group_228	127	0.1032	1.0		False
group_4492	126	0.1024	1.0		False
group_3372	126	0.1024	0.9921		False
group_2525	126	0.1024	1.0		False
group_846	126	0.1024	0.9127		False
group_541	126	0.1024	0.9603		False
group_70	126	0.1024	0.9762		False
group_5675	125	0.1015	0.896		False
group_5668	125	0.1015	1.0		False
group_5036	125	0.1015	0.992		False
group_4376	125	0.1015	0.976		False
group_2955	125	0.1015	0.904		False
group_2927	125	0.1015	0.992		False
group_2625	125	0.1015	0.992		False
group_929	125	0.1015	1.0		False
group_690	125	0.1015	1.0		False
group_3676	124	0.1007	1.0		False
group_788	124	0.1007	1.0		False
group_4800	123	0.0999	1.0		False
group_3777	123	0.0999	0.9919		False
group_3436	123	0.0999	1.0		False
group_512	123	0.0999	0.9837		False
group_478	123	0.0999	1.0		False
group_46	123	0.0999	1.0		False
group_5594	122	0.0991	1.0		False
group_5038	122	0.0991	1.0		False
group_5037	122	0.0991	0.877		False
aph3IIIa	122	0.0991	1.0		False
group_1028	122	0.0991	1.0		False
group_809	122	0.0991	0.9918		False
group_602	122	0.0991	1.0		False
group_503	122	0.0991	0.9754		False
group_414	122	0.0991	1.0		False
group_18	122	0.0991	1.0		False
group_5660	121	0.0983	0.9752		False
group_5411	121	0.0983	0.9917		False
group_5023	121	0.0983	1.0		False
group_1498	121	0.0983	1.0		False
group_573	121	0.0983	0.9917		False
group_250	121	0.0983	1.0		False
group_5665	120	0.0975	1.0		False
group_5014	120	0.0975	0.9917		False
group_4125	120	0.0975	1.0		False
group_1261	120	0.0975	0.9833		False
group_988	120	0.0975	1.0		False
group_479	120	0.0975	1.0		False
group_31	120	0.0975	0.9917		False
group_5541	119	0.0967	1.0		False
group_4468	119	0.0967	1.0		False
aph2Ia~~~aac6Ie	119	0.0967	0.9916		False
group_2229	119	0.0967	1.0		False
group_1279	119	0.0967	1.0		False
group_916	119	0.0967	0.9244		False
group_792	119	0.0967	1.0		False
group_5649	118	0.0959	1.0		False
group_4163	118	0.0959	1.0		False
sat4	118	0.0959	1.0		False
group_3709	118	0.0959	0.6102		False
sagD	118	0.0959	0.7797		False
group_3041	118	0.0959	0.5508		False
sagC	118	0.0959	0.7966		False
group_996	118	0.0959	0.9576		False
group_704	118	0.0959	0.9576		False
group_530	118	0.0959	0.9831		False
group_5159	117	0.095	0.8462		False
group_1298	117	0.095	1.0		False
group_1283	117	0.095	1.0		False
group_320	117	0.095	1.0		False
group_5295	116	0.0942	1.0		False
group_5292	116	0.0942	1.0		False
group_492	116	0.0942	1.0		False
group_5663	115	0.0934	0.9826		False
group_3939	115	0.0934	1.0		False
group_734	115	0.0934	0.9913		False
group_482	115	0.0934	0.9826		False
group_324	115	0.0934	0.9913		False
group_5435	114	0.0926	1.0		False
group_5212	114	0.0926	0.9912		False
group_2652	114	0.0926	1.0		False
group_1288	113	0.0918	0.8761		False
group_450	113	0.0918	1.0		False
group_5214	112	0.091	1.0		False
group_5057	112	0.091	0.9911		False
group_4685	112	0.091	0.9732		False
group_3514	112	0.091	1.0		False
group_2214	112	0.091	1.0		False
group_1304	112	0.091	0.9821		False
group_838	112	0.091	1.0		False
cadA	112	0.091	1.0		False
group_7523	111	0.0902	0.991		False
group_4093	111	0.0902	1.0		False
group_382	111	0.0902	1.0		False
group_7433	110	0.0894	1.0		False
group_5811	110	0.0894	1.0		False
group_5048	110	0.0894	1.0		False
group_4680	110	0.0894	0.9818		False
group_475	109	0.0885	0.9083		False
group_452	109	0.0885	0.9725		False
group_410	109	0.0885	1.0		False
group_386	109	0.0885	1.0		False
group_3680	108	0.0877	1.0		False
group_3358	108	0.0877	0.9815		False
group_2542	108	0.0877	1.0		False
group_1666	108	0.0877	1.0		False
group_1327	108	0.0877	0.9815		False
group_1219	108	0.0877	1.0		False
group_882	108	0.0877	0.9907		False
group_816	108	0.0877	0.8889		False
group_679	107	0.0869	1.0		False
group_237	107	0.0869	0.9813		False
group_200	107	0.0869	1.0		False
group_148	107	0.0869	1.0		False
group_137	107	0.0869	0.9626		False
group_4169	106	0.0861	1.0		False
group_3252	106	0.0861	1.0		False
group_2931	106	0.0861	1.0		False
group_1735	106	0.0861	1.0		False
group_820	106	0.0861	1.0		False
group_778	106	0.0861	1.0		False
group_379	106	0.0861	0.9906		False
group_272	106	0.0861	0.9906		False
group_5672	105	0.0853	1.0		False
group_5604	105	0.0853	1.0		False
group_4459	105	0.0853	0.9333		False
group_4170	105	0.0853	1.0		False
group_4145	105	0.0853	1.0		False
phzF	105	0.0853	1.0		False
group_495	105	0.0853	1.0		False
group_5662	104	0.0845	1.0		False
group_4399	104	0.0845	1.0		False
group_3780	104	0.0845	1.0		False
group_3766	104	0.0845	0.7596		False
group_1850	104	0.0845	1.0		False
group_1316	104	0.0845	1.0		False
group_1263	104	0.0845	0.9904		False
group_894	104	0.0845	1.0		False
group_502	104	0.0845	1.0		False
group_5843	103	0.0837	0.9709		False
group_5333	103	0.0837	0.835		False
group_4620	103	0.0837	0.9903		False
group_4483	103	0.0837	1.0		False
group_4199	103	0.0837	1.0		False
group_4149	103	0.0837	1.0		False
group_3588	103	0.0837	0.9903		False
group_3585	103	0.0837	1.0		False
group_5294	102	0.0829	1.0		False
group_1330	102	0.0829	0.7059		False
group_1127	102	0.0829	0.951		False
group_1110	102	0.0829	1.0		False
group_917	102	0.0829	1.0		False
group_796	102	0.0829	0.9804		False
group_572	102	0.0829	0.951		False
group_5430	101	0.082	0.8614		False
group_5158	101	0.082	1.0		False
group_3311	101	0.082	0.9406		False
group_2307	101	0.082	1.0		False
group_2280	101	0.082	1.0		False
group_472	101	0.082	0.9109		False
group_201	101	0.082	1.0		False
group_183	101	0.082	1.0		False
group_3626	100	0.0812	0.99		False
group_127	100	0.0812	1.0		False
group_6	100	0.0812	1.0		False
group_5637	99	0.0804	0.5051		False
group_5606	99	0.0804	1.0		False
group_4547	99	0.0804	1.0		False
group_601	99	0.0804	1.0		False
group_117	99	0.0804	1.0		False
group_5605	98	0.0796	1.0		False
group_4684	98	0.0796	0.4898		False
group_3923	98	0.0796	1.0		False
group_3531	98	0.0796	0.9694		False
group_2672	98	0.0796	1.0		False
group_289	98	0.0796	0.9592		False
group_5601	97	0.0788	1.0		False
group_3459	97	0.0788	0.7526		False
recG	97	0.0788	0.732		False
sdpR~~~arsR	97	0.0788	0.9897		False
group_1140	97	0.0788	0.9794		False
arsC	97	0.0788	0.9588		False
group_997	97	0.0788	1.0		False
group_543	97	0.0788	1.0		False
group_5289	96	0.078	1.0		False
group_4627	96	0.078	1.0		False
group_3581	96	0.078	1.0		False
group_1098	96	0.078	1.0		False
group_999	96	0.078	1.0		False
group_763	96	0.078	0.875		False
group_311	96	0.078	1.0		False
group_290	96	0.078	1.0		False
group_191	96	0.078	0.9896		False
group_5401	95	0.0772	1.0		False
group_4107	95	0.0772	0.9895		False
group_3376	95	0.0772	1.0		False
group_841	95	0.0772	0.9789		False
group_699	95	0.0772	0.9895		False
group_691	95	0.0772	1.0		False
group_5510	94	0.0764	1.0		False
group_5431	94	0.0764	1.0		False
group_4954	94	0.0764	1.0		False
group_4801	94	0.0764	0.9681		False
group_4351	94	0.0764	1.0		False
group_2701	94	0.0764	1.0		False
group_2417	94	0.0764	1.0		False
group_443	94	0.0764	0.9894		False
group_253	94	0.0764	1.0		False
group_4863	93	0.0755	1.0		False
group_4287	93	0.0755	1.0		False
group_3998	93	0.0755	0.957		False
group_3979	93	0.0755	1.0		False
group_3617	93	0.0755	0.9462		False
group_1118	93	0.0755	1.0		False
group_938	93	0.0755	1.0		False
group_890	93	0.0755	1.0		False
group_4527	92	0.0747	1.0		False
group_4186	92	0.0747	0.9783		False
group_4071	92	0.0747	0.6304		False
group_3669	92	0.0747	1.0		False
group_539	92	0.0747	1.0		False
group_457	92	0.0747	1.0		False
group_4711	91	0.0739	1.0		False
group_3700	91	0.0739	1.0		False
group_3674	91	0.0739	1.0		False
aadD1	91	0.0739	1.0		False
group_872	91	0.0739	1.0		False
group_721	91	0.0739	1.0		False
group_719	91	0.0739	1.0		False
group_266	91	0.0739	0.967		False
group_4580	90	0.0731	1.0		False
group_4423	90	0.0731	1.0		False
seq	90	0.0731	1.0		False
group_3093	90	0.0731	0.9889		False
group_1144	90	0.0731	0.9889		False
dfrK~~~dfrG	90	0.0731	1.0		False
group_587	90	0.0731	1.0		False
group_402	90	0.0731	1.0		False
group_3795	89	0.0723	1.0		False
group_3584	89	0.0723	0.7978		False
group_2751	89	0.0723	1.0		False
group_2032	89	0.0723	0.9551		False
group_1422	89	0.0723	1.0		False
group_1029	89	0.0723	1.0		False
group_840	89	0.0723	1.0		False
group_5446	88	0.0715	1.0		False
ete	88	0.0715	0.9091		False
group_5192	88	0.0715	1.0		False
group_4135	88	0.0715	0.9432		False
group_3955	88	0.0715	0.9773		False
group_595	88	0.0715	0.9773		False
group_5633	87	0.0707	1.0		False
sek	87	0.0707	1.0		False
group_4743	87	0.0707	1.0		False
group_4624	87	0.0707	1.0		False
group_1640	87	0.0707	1.0		False
group_284	87	0.0707	1.0		False
group_10	87	0.0707	1.0		False
group_7432	86	0.0699	0.814		False
group_3847	86	0.0699	1.0		False
group_3694	86	0.0699	1.0		False
group_2977	86	0.0699	1.0		False
group_2904	86	0.0699	1.0		False
group_2667	86	0.0699	1.0		False
group_2521	86	0.0699	1.0		False
group_2027	86	0.0699	1.0		False
group_1141	86	0.0699	0.9884		False
group_775	86	0.0699	1.0		False
group_577	86	0.0699	0.8953		False
group_249	86	0.0699	0.9651		False
group_5791	85	0.069	1.0		False
group_4488	85	0.069	1.0		False
group_4432	85	0.069	1.0		False
group_2661	85	0.069	1.0		False
group_375	85	0.069	1.0		False
group_359	85	0.069	1.0		False
group_264	85	0.069	0.9529		False
group_76	85	0.069	1.0		False
group_3951	84	0.0682	1.0		False
group_3697	84	0.0682	1.0		False
group_2033	84	0.0682	1.0		False
group_985	84	0.0682	0.869		False
group_430	84	0.0682	1.0		False
group_49	84	0.0682	1.0		False
group_5377	83	0.0674	1.0		False
group_4511	83	0.0674	1.0		False
group_3692	83	0.0674	1.0		False
group_3343	83	0.0674	1.0		False
group_3038	83	0.0674	1.0		False
group_2514	83	0.0674	0.9759		False
group_954	83	0.0674	0.7952		False
group_744	83	0.0674	1.0		False
group_514	83	0.0674	1.0		False
group_416	83	0.0674	1.0		False
group_5393	82	0.0666	1.0		False
group_5202	82	0.0666	1.0		False
group_4081	82	0.0666	0.9878		False
group_3208	82	0.0666	0.6585		False
group_2679	82	0.0666	1.0		False
group_1880	82	0.0666	1.0		False
group_1171	82	0.0666	0.9878		False
group_1125	82	0.0666	1.0		False
group_1002	82	0.0666	1.0		False
group_851	82	0.0666	1.0		False
group_593	82	0.0666	0.9878		False
group_5425	81	0.0658	0.9877		False
group_4933	81	0.0658	0.8519		False
group_4069	81	0.0658	1.0		False
group_3527	81	0.0658	1.0		False
group_2681	81	0.0658	1.0		False
group_1534	81	0.0658	1.0		False
group_440	81	0.0658	1.0		False
group_390	81	0.0658	1.0		False
group_4802	80	0.065	1.0		False
group_2946	80	0.065	1.0		False
group_2735	80	0.065	1.0		False
group_2536	80	0.065	1.0		False
group_2172	80	0.065	1.0		False
group_1998	80	0.065	1.0		False
group_1955	80	0.065	1.0		False
group_1871	80	0.065	1.0		False
group_1632	80	0.065	1.0		False
group_1438	80	0.065	1.0		False
group_1193	80	0.065	1.0		False
group_1170	80	0.065	0.6625		False
group_1129	80	0.065	1.0		False
group_1044	80	0.065	1.0		False
mobV	80	0.065	0.9875		False
group_919	80	0.065	1.0		False
group_135	80	0.065	1.0		False
group_3	80	0.065	1.0		False
see~~~sep	79	0.0642	1.0		False
group_4681	79	0.0642	0.9367		False
group_4658	79	0.0642	1.0		False
group_3336	79	0.0642	1.0		False
group_2287	79	0.0642	1.0		False
group_1963	79	0.0642	0.9747		False
group_1962	79	0.0642	1.0		False
group_1938	79	0.0642	1.0		False
group_1861	79	0.0642	1.0		False
group_1802	79	0.0642	1.0		False
group_1656	79	0.0642	1.0		False
group_1587	79	0.0642	1.0		False
group_1378	79	0.0642	1.0		False
group_1157	79	0.0642	1.0		False
group_1003	79	0.0642	1.0		False
group_912	79	0.0642	0.9873		False
group_896	79	0.0642	0.962		False
group_563	79	0.0642	0.9873		False
vraA	79	0.0642	1.0		False
group_216	79	0.0642	1.0		False
group_5608	78	0.0634	0.4872		False
group_4667	78	0.0634	1.0		False
group_4292	78	0.0634	1.0		False
group_3520	78	0.0634	0.9231		False
lgrE	78	0.0634	0.9744		False
group_3209	78	0.0634	1.0		False
group_3124	78	0.0634	0.9872		False
group_2996	78	0.0634	0.6923		False
group_2990	78	0.0634	0.9872		False
group_2754	78	0.0634	1.0		False
group_2277	78	0.0634	1.0		False
group_2228	78	0.0634	1.0		False
group_2102	78	0.0634	1.0		False
group_2085	78	0.0634	1.0		False
group_2042	78	0.0634	1.0		False
group_2034	78	0.0634	1.0		False
group_1996	78	0.0634	1.0		False
group_1854	78	0.0634	1.0		False
group_1851	78	0.0634	1.0		False
group_1811	78	0.0634	1.0		False
group_1174	78	0.0634	1.0		False
group_417	78	0.0634	1.0		False
group_339	78	0.0634	0.9872		False
group_5433	77	0.0626	0.974		False
group_5219	77	0.0626	1.0		False
group_4677	77	0.0626	1.0		False
group_4187	77	0.0626	1.0		False
etd	77	0.0626	1.0		False
group_1237	77	0.0626	0.974		False
group_1216	77	0.0626	0.987		False
group_1146	77	0.0626	1.0		False
group_769	77	0.0626	1.0		False
group_554	77	0.0626	1.0		False
group_523	77	0.0626	1.0		False
yopX	77	0.0626	1.0		False
group_77	77	0.0626	0.961		False
group_4939	76	0.0617	1.0		False
group_4330	76	0.0617	0.9868		False
group_4132	76	0.0617	1.0		False
cntM	76	0.0617	1.0		False
group_2819	76	0.0617	1.0		False
group_2455	76	0.0617	0.9868		False
cntD	76	0.0617	1.0		False
cntF	76	0.0617	1.0		False
group_1353	76	0.0617	1.0		False
cntB	76	0.0617	1.0		False
cntA	76	0.0617	1.0		False
cntL	76	0.0617	1.0		False
group_911	76	0.0617	0.9737		False
group_663	76	0.0617	0.9868		False
group_489	76	0.0617	1.0		False
group_438	76	0.0617	0.7368		False
group_5206	75	0.0609	1.0		False
group_5176	75	0.0609	1.0		False
group_4919	75	0.0609	1.0		False
group_4320	75	0.0609	0.9867		False
group_2119	75	0.0609	1.0		False
group_1328	75	0.0609	0.9867		False
group_1324	75	0.0609	1.0		False
group_1061	75	0.0609	0.9733		False
group_614	75	0.0609	1.0		False
group_5218	74	0.0601	0.973		False
group_4719	74	0.0601	1.0		False
group_3749	74	0.0601	0.8514		False
msrA	74	0.0601	1.0		False
group_1574	74	0.0601	1.0		False
group_1215	74	0.0601	1.0		False
group_876	74	0.0601	1.0		False
group_811	74	0.0601	0.9459		False
group_773	74	0.0601	1.0		False
group_655	74	0.0601	0.6757		False
seb	74	0.0601	1.0		False
group_5826	73	0.0593	0.7945		False
group_5814	73	0.0593	0.9863		False
group_5092	73	0.0593	0.9178		False
group_4671	73	0.0593	0.9726		False
group_4152	73	0.0593	1.0		False
group_2778	73	0.0593	0.9863		False
group_2755	73	0.0593	0.9863		False
group_2475	73	0.0593	1.0		False
group_1897	73	0.0593	1.0		False
rimK	73	0.0593	1.0		False
group_226	73	0.0593	1.0		False
group_220	73	0.0593	1.0		False
sel28	73	0.0593	1.0		False
group_5821	72	0.0585	0.9722		False
group_5403	72	0.0585	0.9861		False
group_5203	72	0.0585	1.0		False
group_4701	72	0.0585	1.0		False
group_3643	72	0.0585	0.9167		False
group_3510	72	0.0585	0.9861		False
group_1945	72	0.0585	1.0		False
group_1885	72	0.0585	1.0		False
group_1273	72	0.0585	1.0		False
group_621	72	0.0585	1.0		False
group_599	72	0.0585	0.9861		False
group_64	72	0.0585	1.0		False
sel27	71	0.0577	1.0		False
group_4566	71	0.0577	1.0		False
group_3868	71	0.0577	1.0		False
group_2798	71	0.0577	1.0		False
group_2765	71	0.0577	0.9155		False
group_2603	71	0.0577	1.0		False
group_1364	71	0.0577	1.0		False
tetS~~~tetM	71	0.0577	1.0		False
group_737	71	0.0577	1.0		False
group_380	71	0.0577	0.9859		False
group_321	71	0.0577	1.0		False
group_280	71	0.0577	1.0		False
group_5392	70	0.0569	1.0		False
group_5205	70	0.0569	0.9857		False
group_5199	70	0.0569	1.0		False
group_4085	70	0.0569	1.0		False
group_3966	70	0.0569	1.0		False
ant6Ia	70	0.0569	1.0		False
group_3827	70	0.0569	1.0		False
group_3778	70	0.0569	1.0		False
group_3569	70	0.0569	0.8143		False
group_2950	70	0.0569	0.9429		False
group_812	70	0.0569	1.0		False
group_5439	69	0.0561	1.0		False
group_4815	69	0.0561	0.9565		False
group_4646	69	0.0561	1.0		False
group_4217	69	0.0561	0.9565		False
group_3952	69	0.0561	0.9855		False
abiK	69	0.0561	0.942		False
tetK	69	0.0561	0.9565		False
group_3420	69	0.0561	1.0		False
group_3375	69	0.0561	0.9275		False
group_1593	69	0.0561	1.0		False
group_1040	69	0.0561	1.0		False
group_279	69	0.0561	1.0		False
group_4609	68	0.0552	1.0		False
group_4121	68	0.0552	1.0		False
group_3665	68	0.0552	0.9559		False
group_3621	68	0.0552	1.0		False
group_3409	68	0.0552	0.9706		False
group_3379	68	0.0552	0.75		False
group_3045	68	0.0552	1.0		False
group_1207	68	0.0552	1.0		False
group_946	68	0.0552	0.9853		False
seh	68	0.0552	1.0		False
group_481	68	0.0552	0.9265		False
group_406	68	0.0552	1.0		False
group_338	68	0.0552	0.9853		False
group_182	68	0.0552	1.0		False
group_7393	67	0.0544	1.0		False
group_4282	67	0.0544	0.9851		False
group_3781	67	0.0544	0.9851		False
group_3620	67	0.0544	1.0		False
group_3515	67	0.0544	0.9851		False
group_295	67	0.0544	1.0		False
group_238	67	0.0544	1.0		False
group_63	67	0.0544	1.0		False
group_7427	66	0.0536	0.9091		False
group_5546	66	0.0536	0.9848		False
group_5481	66	0.0536	1.0		False
group_4797	66	0.0536	1.0		False
group_4776	66	0.0536	1.0		False
group_2947	66	0.0536	1.0		False
group_1566	66	0.0536	1.0		False
group_657	66	0.0536	1.0		False
group_558	66	0.0536	1.0		False
group_555	66	0.0536	1.0		False
group_476	66	0.0536	1.0		False
group_267	66	0.0536	1.0		False
group_33	66	0.0536	0.9697		False
group_5460	65	0.0528	1.0		False
group_5313	65	0.0528	0.9692		False
group_5055	65	0.0528	1.0		False
group_4712	65	0.0528	1.0		False
group_4198	65	0.0528	1.0		False
group_4146	65	0.0528	1.0		False
group_3967	65	0.0528	1.0		False
group_3081	65	0.0528	0.9846		False
group_1941	65	0.0528	0.9846		False
group_1831	65	0.0528	1.0		False
group_1232	65	0.0528	0.8615		False
group_1196	65	0.0528	0.6923		False
group_1008	65	0.0528	0.9846		False
group_984	65	0.0528	0.9538		False
group_885	65	0.0528	1.0		False
group_843	65	0.0528	0.9231		False
group_671	65	0.0528	0.9692		False
group_579	65	0.0528	0.9846		False
group_40	65	0.0528	1.0		False
repL	64	0.052	0.9844		False
group_5587	64	0.052	0.3125		False
group_4993	64	0.052	1.0		False
group_4569	64	0.052	1.0		False
group_4557	64	0.052	1.0		False
group_4075	64	0.052	1.0		False
group_3999	64	0.052	1.0		False
group_3896	64	0.052	0.5156		False
group_3842	64	0.052	0.9688		False
group_3446	64	0.052	0.9688		False
group_2388	64	0.052	1.0		False
group_1695	64	0.052	1.0		False
group_1565	64	0.052	1.0		False
group_1465	64	0.052	1.0		False
group_1070	64	0.052	0.9844		False
group_605	64	0.052	1.0		False
rinA	64	0.052	1.0		False
group_3975	63	0.0512	1.0		False
group_3671	63	0.0512	1.0		False
group_3639	63	0.0512	1.0		False
group_3253	63	0.0512	0.9841		False
group_2480	63	0.0512	1.0		False
group_2363	63	0.0512	0.5873		False
group_1546	63	0.0512	1.0		False
group_468	63	0.0512	0.9683		False
group_346	63	0.0512	1.0		False
group_217	63	0.0512	1.0		False
group_120	63	0.0512	1.0		False
group_7563	62	0.0504	1.0		False
group_4791	62	0.0504	1.0		False
group_4563	62	0.0504	1.0		False
group_4550	62	0.0504	1.0		False
group_4094	62	0.0504	1.0		False
group_4027	62	0.0504	0.871		False
group_3591	62	0.0504	0.9516		False
group_3580	62	0.0504	1.0		False
group_3288	62	0.0504	1.0		False
group_3053	62	0.0504	0.9516		False
group_2828	62	0.0504	0.9194		False
group_2450	62	0.0504	1.0		False
group_2445	62	0.0504	1.0		False
group_2420	62	0.0504	0.9516		False
group_2369	62	0.0504	1.0		False
group_2350	62	0.0504	1.0		False
group_2318	62	0.0504	1.0		False
group_2156	62	0.0504	1.0		False
group_2036	62	0.0504	1.0		False
group_1922	62	0.0504	0.9839		False
group_1856	62	0.0504	1.0		False
group_883	62	0.0504	0.9839		False
group_631	62	0.0504	1.0		False
group_526	62	0.0504	1.0		False
group_287	62	0.0504	0.9839		False
group_5131	61	0.0496	1.0		False
group_4558	61	0.0496	1.0		False
group_4105	61	0.0496	1.0		False
group_3993	61	0.0496	1.0		False
group_3764	61	0.0496	1.0		False
group_3731	61	0.0496	1.0		False
group_3607	61	0.0496	1.0		False
group_2666	61	0.0496	1.0		False
group_1268	61	0.0496	1.0		False
lukF~~~lukFPV~~~lukD	61	0.0496	0.9836		False
group_7414	60	0.0487	1.0		False
group_4573	60	0.0487	1.0		False
group_4358	60	0.0487	1.0		False
group_2637	60	0.0487	1.0		False
group_1511	60	0.0487	1.0		False
group_1119	60	0.0487	1.0		False
group_759	60	0.0487	0.7833		False
group_644	60	0.0487	0.9833		False
group_553	60	0.0487	1.0		False
group_387	60	0.0487	1.0		False
group_7388	59	0.0479	0.9661		False
group_5399	59	0.0479	1.0		False
group_5105	59	0.0479	1.0		False
group_4126	59	0.0479	1.0		False
group_3718	59	0.0479	1.0		False
group_3382	59	0.0479	1.0		False
mco	59	0.0479	0.9831		False
group_2822	59	0.0479	1.0		False
group_2064	59	0.0479	1.0		False
group_1986	59	0.0479	1.0		False
group_1977	59	0.0479	1.0		False
group_1898	59	0.0479	1.0		False
group_1448	59	0.0479	1.0		False
group_1181	59	0.0479	0.9661		False
group_924	59	0.0479	0.9831		False
group_847	59	0.0479	1.0		False
group_819	59	0.0479	1.0		False
group_685	59	0.0479	0.9322		False
group_678	59	0.0479	1.0		False
group_26	59	0.0479	1.0		False
group_5260	58	0.0471	1.0		False
group_4373	58	0.0471	1.0		False
group_4195	58	0.0471	1.0		False
group_4038	58	0.0471	0.9828		False
group_3082	58	0.0471	1.0		False
group_1985	58	0.0471	1.0		False
group_884	58	0.0471	0.9655		False
group_863	58	0.0471	1.0		False
group_535	58	0.0471	1.0		False
group_373	58	0.0471	1.0		False
group_341	58	0.0471	1.0		False
group_5454	57	0.0463	1.0		False
group_5427	57	0.0463	1.0		False
group_5004	57	0.0463	1.0		False
group_4167	57	0.0463	1.0		False
group_3073	57	0.0463	1.0		False
group_2811	57	0.0463	0.8772		False
group_2505	57	0.0463	1.0		False
group_2431	57	0.0463	1.0		False
bshB2	57	0.0463	1.0		False
group_1104	57	0.0463	0.9123		False
group_989	57	0.0463	1.0		False
group_909	57	0.0463	0.9825		False
group_870	57	0.0463	1.0		False
ileS	57	0.0463	1.0		False
group_367	57	0.0463	1.0		False
group_326	57	0.0463	1.0		False
recT	57	0.0463	1.0		False
group_108	57	0.0463	1.0		False
group_32	57	0.0463	1.0		False
group_5537	56	0.0455	1.0		False
eta	56	0.0455	1.0		False
ant9Ia	56	0.0455	0.75		False
group_1836	56	0.0455	1.0		False
group_1484	56	0.0455	1.0		False
group_1467	56	0.0455	1.0		False
group_977	56	0.0455	0.9643		False
group_966	56	0.0455	1.0		False
group_798	56	0.0455	1.0		False
group_635	56	0.0455	1.0		False
group_385	56	0.0455	0.9286		False
group_334	56	0.0455	0.9821		False
group_115	56	0.0455	1.0		False
group_5410	55	0.0447	1.0		False
group_5242	55	0.0447	1.0		False
group_5170	55	0.0447	1.0		False
group_4846	55	0.0447	0.9818		False
group_4683	55	0.0447	1.0		False
group_4514	55	0.0447	1.0		False
group_4456	55	0.0447	1.0		False
group_4206	55	0.0447	1.0		False
group_3908	55	0.0447	1.0		False
group_2613	55	0.0447	1.0		False
bleO	55	0.0447	1.0		False
mphC	55	0.0447	1.0		False
group_1156	55	0.0447	0.6182		False
group_949	55	0.0447	0.9091		False
group_915	55	0.0447	1.0		False
group_789	55	0.0447	1.0		False
group_586	55	0.0447	1.0		False
group_542	55	0.0447	1.0		False
group_4576	54	0.0439	1.0		False
group_3395	54	0.0439	0.9815		False
group_3040	54	0.0439	1.0		False
group_1876	54	0.0439	1.0		False
group_1440	54	0.0439	1.0		False
group_1204	54	0.0439	1.0		False
group_1184	54	0.0439	0.9815		False
group_1177	54	0.0439	0.6852		False
group_418	54	0.0439	1.0		False
group_4309	53	0.0431	0.8868		False
group_3844	53	0.0431	1.0		False
group_2835	53	0.0431	1.0		False
group_2518	53	0.0431	1.0		False
group_2387	53	0.0431	1.0		False
group_2234	53	0.0431	1.0		False
group_1454	53	0.0431	1.0		False
group_1205	53	0.0431	1.0		False
group_893	53	0.0431	1.0		False
group_770	53	0.0431	1.0		False
group_8	53	0.0431	1.0		False
group_5844	52	0.0422	1.0		False
group_4922	52	0.0422	1.0		False
group_4335	52	0.0422	1.0		False
group_3189	52	0.0422	0.7692		False
group_3051	52	0.0422	0.9808		False
group_2348	52	0.0422	1.0		False
group_2345	52	0.0422	1.0		False
group_1326	52	0.0422	1.0		False
group_1147	52	0.0422	1.0		False
sdrE	52	0.0422	0.9808	hostile_repeat_protein	False
group_648	52	0.0422	1.0		False
group_625	52	0.0422	1.0		False
group_313	52	0.0422	0.9038		False
group_188	52	0.0422	1.0		False
group_4588	51	0.0414	0.902		False
group_4300	51	0.0414	1.0		False
group_3714	51	0.0414	0.9412		False
group_3649	51	0.0414	1.0		False
group_3090	51	0.0414	0.8431		False
group_2940	51	0.0414	1.0		False
group_2015	51	0.0414	1.0		False
group_1269	51	0.0414	1.0		False
group_1235	51	0.0414	1.0		False
group_1185	51	0.0414	1.0		False
group_1162	51	0.0414	1.0		False
lysE	51	0.0414	0.8824		False
group_1159	51	0.0414	1.0		False
group_1122	51	0.0414	1.0		False
lytN	51	0.0414	0.9608		False
group_252	51	0.0414	1.0		False
group_7564	50	0.0406	1.0		False
group_5174	50	0.0406	1.0		False
group_4359	50	0.0406	1.0		False
group_3981	50	0.0406	1.0		False
group_3684	50	0.0406	1.0		False
group_3627	50	0.0406	1.0		False
group_3428	50	0.0406	0.86		False
group_3204	50	0.0406	1.0		False
group_2671	50	0.0406	0.98		False
group_1142	50	0.0406	1.0		False
group_1126	50	0.0406	1.0		False
group_755	50	0.0406	1.0		False
group_7454	49	0.0398	0.898		False
group_7452	49	0.0398	0.9592		False
group_5685	49	0.0398	1.0		False
group_5683	49	0.0398	1.0		False
group_5380	49	0.0398	1.0		False
group_3712	49	0.0398	0.9796		False
group_3106	49	0.0398	0.9592		False
group_1421	49	0.0398	1.0		False
group_1001	49	0.0398	0.8367		False
group_994	49	0.0398	1.0		False
group_735	49	0.0398	1.0		False
dfrS1	48	0.039	1.0		False
group_5832	48	0.039	1.0		False
group_5625	48	0.039	0.9583		False
group_5549	48	0.039	1.0		False
group_4699	48	0.039	1.0		False
group_4229	48	0.039	1.0		False
group_4140	48	0.039	1.0		False
group_3487	48	0.039	1.0		False
group_2988	48	0.039	0.9792		False
sei	48	0.039	1.0		False
group_1376	48	0.039	1.0		False
group_813	48	0.039	1.0		False
group_596	48	0.039	1.0		False
group_4532	47	0.0382	1.0		False
group_3378	47	0.0382	0.9787		False
group_3216	47	0.0382	1.0		False
group_3123	47	0.0382	0.4681		False
group_2989	47	0.0382	1.0		False
copG	47	0.0382	1.0		False
group_2123	47	0.0382	1.0		False
group_1470	47	0.0382	1.0		False
group_562	47	0.0382	0.9362		False
herA	47	0.0382	0.7234		False
group_7136	46	0.0374	1.0		False
group_5681	46	0.0374	1.0		False
group_5671	46	0.0374	1.0		False
group_4817	46	0.0374	1.0		False
group_4687	46	0.0374	1.0		False
group_4120	46	0.0374	1.0		False
group_3835	46	0.0374	1.0		False
group_3720	46	0.0374	1.0		False
group_2440	46	0.0374	1.0		False
group_1959	46	0.0374	1.0		False
group_1271	46	0.0374	1.0		False
group_875	46	0.0374	1.0		False
group_5330	45	0.0366	0.8889		False
group_4153	45	0.0366	1.0		False
group_3803	45	0.0366	0.6444		False
group_3646	45	0.0366	0.9556		False
group_3419	45	0.0366	0.9778		False
group_3097	45	0.0366	1.0		False
group_2365	45	0.0366	0.9556		False
ccrC	45	0.0366	0.9778		False
group_1050	45	0.0366	1.0		False
group_786	45	0.0366	1.0		False
group_784	45	0.0366	1.0		False
group_637	45	0.0366	1.0		False
group_3467	44	0.0357	0.6136		False
group_3183	44	0.0357	1.0		False
group_2706	44	0.0357	1.0		False
group_2663	44	0.0357	1.0		False
group_1259	44	0.0357	0.9545		False
group_1164	44	0.0357	1.0		False
group_1131	44	0.0357	1.0		False
group_1078	44	0.0357	1.0		False
group_680	44	0.0357	1.0		False
group_384	44	0.0357	1.0		False
group_5743	43	0.0349	1.0		False
group_5545	43	0.0349	1.0		False
group_5407	43	0.0349	1.0		False
group_5345	43	0.0349	1.0		False
group_5258	43	0.0349	1.0		False
fusB	43	0.0349	1.0		False
group_3903	43	0.0349	1.0		False
group_3615	43	0.0349	1.0		False
group_3486	43	0.0349	1.0		False
group_3122	43	0.0349	0.814		False
group_2999	43	0.0349	1.0		False
group_2775	43	0.0349	0.9535		False
group_2682	43	0.0349	1.0		False
group_1191	43	0.0349	1.0		False
group_461	43	0.0349	0.9535		False
group_372	43	0.0349	1.0		False
group_59	43	0.0349	1.0		False
group_7556	42	0.0341	1.0		False
group_5415	42	0.0341	0.9762		False
group_5120	42	0.0341	1.0		False
group_5041	42	0.0341	1.0		False
group_4525	42	0.0341	1.0		False
group_4111	42	0.0341	1.0		False
group_3971	42	0.0341	1.0		False
group_3922	42	0.0341	0.9762		False
merT	42	0.0341	1.0		False
group_3007	42	0.0341	0.9762		False
group_2623	42	0.0341	0.9286		False
merB	42	0.0341	1.0		False
merA	42	0.0341	1.0		False
group_1095	42	0.0341	1.0		False
group_1094	42	0.0341	0.9762		False
group_1081	42	0.0341	0.9762		False
group_821	42	0.0341	0.9762		False
group_551	42	0.0341	1.0		False
betR	42	0.0341	0.5714		False
group_288	42	0.0341	1.0		False
group_278	42	0.0341	1.0		False
group_7553	41	0.0333	0.9512		False
group_7444	41	0.0333	1.0		False
group_7142	41	0.0333	1.0		False
group_5394	41	0.0333	1.0		False
group_5217	41	0.0333	1.0		False
group_4072	41	0.0333	1.0		False
group_3711	41	0.0333	1.0		False
group_3661	41	0.0333	0.9512		False
group_3586	41	0.0333	1.0		False
group_3056	41	0.0333	1.0		False
group_2791	41	0.0333	1.0		False
group_2687	41	0.0333	1.0		False
group_2393	41	0.0333	1.0		False
group_2366	41	0.0333	1.0		False
group_1933	41	0.0333	1.0		False
group_1502	41	0.0333	1.0		False
group_1195	41	0.0333	1.0		False
group_1083	41	0.0333	1.0		False
group_1082	41	0.0333	1.0		False
group_1071	41	0.0333	0.9512		False
group_1047	41	0.0333	1.0		False
group_1046	41	0.0333	1.0		False
group_1004	41	0.0333	0.9756		False
group_982	41	0.0333	1.0		False
group_910	41	0.0333	1.0		False
group_867	41	0.0333	0.9024		False
group_825	41	0.0333	1.0		False
group_701	41	0.0333	1.0		False
group_435	41	0.0333	1.0		False
group_433	41	0.0333	1.0		False
group_403	41	0.0333	1.0		False
group_273	41	0.0333	1.0		False
group_235	41	0.0333	1.0		False
group_5477	40	0.0325	1.0		False
group_4496	40	0.0325	1.0		False
group_3950	40	0.0325	1.0		False
group_3941	40	0.0325	0.15		False
group_3808	40	0.0325	1.0		False
group_3725	40	0.0325	1.0		False
group_2774	40	0.0325	0.975		False
group_2674	40	0.0325	1.0		False
group_2392	40	0.0325	1.0		False
group_2349	40	0.0325	1.0		False
group_1991	40	0.0325	1.0		False
group_1839	40	0.0325	1.0		False
group_1096	40	0.0325	0.95		False
group_787	40	0.0325	1.0		False
group_508	40	0.0325	0.55		False
group_444	40	0.0325	1.0		False
group_171	40	0.0325	1.0		False
vraH	40	0.0325	1.0		False
group_2	40	0.0325	1.0		False
group_5627	39	0.0317	1.0		False
group_4775	39	0.0317	0.6667		False
group_4605	39	0.0317	1.0		False
group_4505	39	0.0317	0.6667		False
group_4495	39	0.0317	1.0		False
group_4493	39	0.0317	1.0		False
group_4117	39	0.0317	1.0		False
group_4016	39	0.0317	1.0		False
group_3965	39	0.0317	1.0		False
group_3883	39	0.0317	1.0		False
group_3745	39	0.0317	0.9744		False
group_3721	39	0.0317	1.0		False
group_3707	39	0.0317	1.0		False
group_3706	39	0.0317	1.0		False
group_3080	39	0.0317	1.0		False
group_2776	39	0.0317	1.0		False
group_2673	39	0.0317	1.0		False
group_2656	39	0.0317	1.0		False
group_2563	39	0.0317	1.0		False
group_2538	39	0.0317	1.0		False
sej	39	0.0317	1.0		False
group_2504	39	0.0317	1.0		False
group_2487	39	0.0317	1.0		False
group_2303	39	0.0317	1.0		False
ser	39	0.0317	0.9744		False
group_2169	39	0.0317	1.0		False
ytxH	39	0.0317	0.9487		False
group_1706	39	0.0317	1.0		False
group_1621	39	0.0317	1.0		False
group_1605	39	0.0317	1.0		False
group_1149	39	0.0317	1.0		False
copB	39	0.0317	0.9744		False
group_583	39	0.0317	0.7692		False
group_366	39	0.0317	1.0		False
group_317	39	0.0317	1.0		False
group_190	39	0.0317	1.0		False
group_5731	38	0.0309	0.9737		False
group_5666	38	0.0309	1.0		False
group_5409	38	0.0309	0.9474		False
group_5338	38	0.0309	1.0		False
group_5287	38	0.0309	1.0		False
group_5257	38	0.0309	1.0		False
group_5145	38	0.0309	0.9737		False
group_4660	38	0.0309	1.0		False
group_4190	38	0.0309	1.0		False
group_3411	38	0.0309	0.9211		False
group_3324	38	0.0309	0.8684		False
group_2529	38	0.0309	1.0		False
group_2308	38	0.0309	1.0		False
group_2212	38	0.0309	1.0		False
group_2035	38	0.0309	1.0		False
group_1623	38	0.0309	1.0		False
group_955	38	0.0309	0.8947		False
group_837	38	0.0309	1.0		False
group_836	38	0.0309	0.9737		False
group_428	38	0.0309	1.0		False
group_247	38	0.0309	1.0		False
group_58	38	0.0309	1.0		False
group_5412	37	0.0301	1.0		False
group_4077	37	0.0301	0.9459		False
group_4009	37	0.0301	1.0		False
group_3502	37	0.0301	1.0		False
group_3415	37	0.0301	0.9459		False
group_3164	37	0.0301	0.5676		False
group_2734	37	0.0301	0.973		False
group_2108	37	0.0301	1.0		False
group_2060	37	0.0301	1.0		False
ccrA~~~recA	37	0.0301	1.0		False
group_1208	37	0.0301	1.0		False
group_1152	37	0.0301	1.0		False
group_1120	37	0.0301	0.973		False
group_1116	37	0.0301	1.0		False
mupA	37	0.0301	0.9459		False
group_493	37	0.0301	1.0		False
group_485	37	0.0301	1.0		False
group_5457	36	0.0292	1.0		False
group_5449	36	0.0292	1.0		False
group_5402	36	0.0292	0.9722		False
group_5367	36	0.0292	1.0		False
group_5366	36	0.0292	1.0		False
group_4816	36	0.0292	1.0		False
group_4008	36	0.0292	1.0		False
group_3828	36	0.0292	1.0		False
group_3693	36	0.0292	1.0		False
group_3645	36	0.0292	0.9444		False
pfkB	36	0.0292	0.7778		False
group_3165	36	0.0292	0.9444		False
group_2799	36	0.0292	1.0		False
group_1642	36	0.0292	1.0		False
group_1634	36	0.0292	1.0		False
group_1101	36	0.0292	0.9444		False
group_1075	36	0.0292	1.0		False
group_1037	36	0.0292	1.0		False
group_1016	36	0.0292	1.0		False
group_903	36	0.0292	1.0		False
group_898	36	0.0292	1.0		False
group_790	36	0.0292	1.0		False
group_774	36	0.0292	0.9722		False
group_487	36	0.0292	1.0		False
group_396	36	0.0292	1.0		False
group_395	36	0.0292	1.0		False
group_75	36	0.0292	1.0		False
group_61	36	0.0292	0.9167		False
group_28	36	0.0292	0.8611		False
group_6796	35	0.0284	1.0		False
group_5416	35	0.0284	1.0		False
group_5386	35	0.0284	1.0		False
group_5331	35	0.0284	1.0		False
group_5311	35	0.0284	0.9429		False
group_5077	35	0.0284	0.9429		False
group_4608	35	0.0284	1.0		False
group_4436	35	0.0284	1.0		False
group_4131	35	0.0284	1.0		False
group_4073	35	0.0284	1.0		False
group_4070	35	0.0284	1.0		False
hisH	35	0.0284	1.0		False
group_3511	35	0.0284	1.0		False
group_3477	35	0.0284	1.0		False
group_2823	35	0.0284	0.9143		False
dprA	35	0.0284	1.0		False
group_2659	35	0.0284	1.0		False
group_2473	35	0.0284	0.9714		False
group_2227	35	0.0284	1.0		False
group_1797	35	0.0284	1.0		False
group_1785	35	0.0284	1.0		False
group_1744	35	0.0284	1.0		False
group_1685	35	0.0284	1.0		False
sem	35	0.0284	1.0		False
group_1257	35	0.0284	0.9429		False
group_1027	35	0.0284	1.0		False
cstA	35	0.0284	1.0		False
cstR	35	0.0284	1.0		False
group_717	35	0.0284	1.0		False
group_548	35	0.0284	0.9429		False
group_7580	34	0.0276	1.0		False
group_7453	34	0.0276	1.0		False
group_5833	34	0.0276	1.0		False
group_5423	34	0.0276	1.0		False
group_4614	34	0.0276	1.0		False
group_4535	34	0.0276	0.9412		False
group_4299	34	0.0276	1.0		False
group_4233	34	0.0276	1.0		False
group_4232	34	0.0276	0.9706		False
group_3929	34	0.0276	1.0		False
group_3864	34	0.0276	1.0		False
group_3551	34	0.0276	1.0		False
group_3396	34	0.0276	1.0		False
group_3107	34	0.0276	1.0		False
group_2849	34	0.0276	0.9412		False
group_2540	34	0.0276	0.9706		False
group_2150	34	0.0276	1.0		False
group_1444	34	0.0276	1.0		False
group_1303	34	0.0276	1.0		False
group_1176	34	0.0276	1.0		False
group_1103	34	0.0276	1.0		False
group_1048	34	0.0276	1.0		False
group_963	34	0.0276	1.0		False
group_783	34	0.0276	1.0		False
group_491	34	0.0276	1.0		False
group_409	34	0.0276	0.9706		False
group_261	34	0.0276	1.0		False
yydG~~~yydH	34	0.0276	0.0588		False
group_4	34	0.0276	1.0		False
group_7568	33	0.0268	0.9697		False
group_5586	33	0.0268	1.0		False
group_5359	33	0.0268	0.9697		False
group_5186	33	0.0268	0.9697		False
group_4921	33	0.0268	1.0		False
group_4183	33	0.0268	1.0		False
group_3995	33	0.0268	1.0		False
group_3845	33	0.0268	1.0		False
group_3454	33	0.0268	1.0		False
group_3325	33	0.0268	1.0		False
group_3044	33	0.0268	1.0		False
group_2936	33	0.0268	0.9394		False
group_2731	33	0.0268	0.9091		False
group_1872	33	0.0268	1.0		False
group_1832	33	0.0268	1.0		False
group_1543	33	0.0268	1.0		False
group_1529	33	0.0268	1.0		False
group_1476	33	0.0268	1.0		False
group_1006	33	0.0268	0.9394		False
group_927	33	0.0268	1.0		False
group_923	33	0.0268	0.9697		False
group_695	33	0.0268	1.0		False
group_575	33	0.0268	0.8485		False
tnp	33	0.0268	1.0		False
group_7527	32	0.026	1.0		False
group_5418	32	0.026	1.0		False
group_4332	32	0.026	1.0		False
group_4165	32	0.026	1.0		False
group_4142	32	0.026	1.0		False
group_4053	32	0.026	1.0		False
group_3573	32	0.026	1.0		False
group_3287	32	0.026	1.0		False
group_3135	32	0.026	1.0		False
group_3047	32	0.026	1.0		False
group_2913	32	0.026	0.9062		False
group_2912	32	0.026	1.0		False
group_2910	32	0.026	0.9688		False
group_2829	32	0.026	1.0		False
group_2704	32	0.026	0.9688		False
jmjC	32	0.026	1.0		False
group_2703	32	0.026	0.5938		False
group_2670	32	0.026	1.0		False
group_2559	32	0.026	1.0		False
group_2037	32	0.026	1.0		False
group_1965	32	0.026	1.0		False
group_1946	32	0.026	1.0		False
group_1906	32	0.026	1.0		False
group_1884	32	0.026	1.0		False
fexA	32	0.026	1.0		False
group_1748	32	0.026	1.0		False
group_1747	32	0.026	1.0		False
group_1746	32	0.026	1.0		False
group_1486	32	0.026	1.0		False
group_1133	32	0.026	1.0		False
ses	32	0.026	1.0		False
group_1077	32	0.026	1.0		False
group_1017	32	0.026	1.0		False
group_808	32	0.026	0.5938		False
group_805	32	0.026	0.5938		False
group_782	32	0.026	1.0		False
group_730	32	0.026	1.0		False
group_544	32	0.026	1.0		False
group_504	32	0.026	1.0		False
group_7547	31	0.0252	1.0		False
group_7100	31	0.0252	1.0		False
group_6636	31	0.0252	1.0		False
group_5818	31	0.0252	1.0		False
group_5375	31	0.0252	1.0		False
group_5283	31	0.0252	1.0		False
group_5255	31	0.0252	1.0		False
group_4315	31	0.0252	0.9677		False
group_4026	31	0.0252	0.9355		False
group_4020	31	0.0252	0.9677		False
group_3840	31	0.0252	1.0		False
group_3787	31	0.0252	0.871		False
gltR	31	0.0252	1.0		False
group_3505	31	0.0252	1.0		False
group_2985	31	0.0252	1.0		False
group_2800	31	0.0252	1.0		False
group_2375	31	0.0252	1.0		False
group_2292	31	0.0252	1.0		False
group_2258	31	0.0252	1.0		False
group_2016	31	0.0252	1.0		False
group_1594	31	0.0252	1.0		False
group_1526	31	0.0252	1.0		False
group_1130	31	0.0252	1.0		False
group_948	31	0.0252	1.0		False
group_702	31	0.0252	0.9677		False
group_500	31	0.0252	0.9355		False
group_484	31	0.0252	1.0		False
group_170	31	0.0252	1.0		False
group_161	31	0.0252	1.0		False
group_116	31	0.0252	1.0		False
group_105	31	0.0252	0.9677		False
group_102	31	0.0252	1.0		False
group_7584	30	0.0244	1.0		False
group_7484	30	0.0244	1.0		False
group_7182	30	0.0244	0.9		False
group_7180	30	0.0244	1.0		False
group_7138	30	0.0244	1.0		False
group_5571	30	0.0244	1.0		False
group_5443	30	0.0244	1.0		False
group_5280	30	0.0244	1.0		False
group_4536	30	0.0244	1.0		False
group_4534	30	0.0244	1.0		False
group_4182	30	0.0244	1.0		False
group_3885	30	0.0244	1.0		False
group_3829	30	0.0244	0.9333		False
group_3724	30	0.0244	1.0		False
group_2539	30	0.0244	0.9		False
group_2180	30	0.0244	1.0		False
group_1739	30	0.0244	1.0		False
group_1654	30	0.0244	1.0		False
group_1523	30	0.0244	1.0		False
group_1512	30	0.0244	1.0		False
group_1334	30	0.0244	1.0		False
group_1285	30	0.0244	1.0		False
group_1281	30	0.0244	1.0		False
group_1186	30	0.0244	1.0		False
group_1153	30	0.0244	0.9		False
group_1105	30	0.0244	1.0		False
group_1045	30	0.0244	0.9667		False
group_945	30	0.0244	1.0		False
group_941	30	0.0244	1.0		False
group_937	30	0.0244	1.0		False
group_866	30	0.0244	1.0		False
group_720	30	0.0244	1.0		False
group_516	30	0.0244	1.0		False
group_462	30	0.0244	1.0		False
group_248	30	0.0244	1.0		False
sed	30	0.0244	1.0		False
group_7141	29	0.0236	1.0		False
group_7140	29	0.0236	1.0		False
group_7139	29	0.0236	1.0		False
group_4997	29	0.0236	1.0		False
group_4996	29	0.0236	1.0		False
group_4499	29	0.0236	1.0		False
group_4284	29	0.0236	1.0		False
group_4196	29	0.0236	1.0		False
group_4184	29	0.0236	1.0		False
group_3871	29	0.0236	0.9655		False
group_3858	29	0.0236	1.0		False
group_3824	29	0.0236	1.0		False
yydF	29	0.0236	1.0		False
group_3369	29	0.0236	0.9655		False
group_2957	29	0.0236	0.9655		False
group_2689	29	0.0236	1.0		False
group_2640	29	0.0236	1.0		False
group_2513	29	0.0236	1.0		False
group_2361	29	0.0236	0.6552		False
group_2217	29	0.0236	1.0		False
group_1984	29	0.0236	1.0		False
group_1737	29	0.0236	1.0		False
group_1635	29	0.0236	1.0		False
group_1240	29	0.0236	1.0		False
group_1066	29	0.0236	1.0		False
group_1063	29	0.0236	1.0		False
group_1062	29	0.0236	1.0		False
group_1034	29	0.0236	1.0		False
group_1033	29	0.0236	1.0		False
group_1018	29	0.0236	0.9655		False
group_961	29	0.0236	1.0		False
group_817	29	0.0236	0.9655		False
group_584	29	0.0236	1.0		False
group_494	29	0.0236	1.0		False
group_307	29	0.0236	1.0		False
sel31	29	0.0236	1.0		False
group_7611	28	0.0227	1.0		False
group_7384	28	0.0227	1.0		False
group_7179	28	0.0227	1.0		False
group_5428	28	0.0227	1.0		False
group_5264	28	0.0227	1.0		False
group_4485	28	0.0227	1.0		False
group_3945	28	0.0227	1.0		False
group_3940	28	0.0227	1.0		False
group_3727	28	0.0227	0.9643		False
group_3554	28	0.0227	1.0		False
group_3186	28	0.0227	1.0		False
group_3132	28	0.0227	1.0		False
group_2954	28	0.0227	1.0		False
group_2898	28	0.0227	1.0		False
group_2688	28	0.0227	1.0		False
group_2677	28	0.0227	1.0		False
group_2618	28	0.0227	1.0		False
group_2270	28	0.0227	1.0		False
group_2100	28	0.0227	1.0		False
group_1627	28	0.0227	1.0		False
group_1616	28	0.0227	1.0		False
group_1536	28	0.0227	1.0		False
group_1401	28	0.0227	1.0		False
group_1294	28	0.0227	0.9286		False
group_1206	28	0.0227	1.0		False
group_780	28	0.0227	0.9286		False
group_726	28	0.0227	1.0		False
group_652	28	0.0227	1.0		False
group_640	28	0.0227	1.0		False
group_404	28	0.0227	1.0		False
group_111	28	0.0227	1.0		False
group_5653	27	0.0219	1.0		False
group_5154	27	0.0219	1.0		False
group_4616	27	0.0219	1.0		False
group_3757	27	0.0219	1.0		False
group_3631	27	0.0219	1.0		False
ermB	27	0.0219	1.0		False
group_3212	27	0.0219	1.0		False
group_3110	27	0.0219	1.0		False
group_2860	27	0.0219	0.2963		False
group_2533	27	0.0219	1.0		False
group_2469	27	0.0219	0.7407		False
group_2083	27	0.0219	1.0		False
tetL	27	0.0219	1.0		False
group_1926	27	0.0219	1.0		False
group_1687	27	0.0219	1.0		False
group_1413	27	0.0219	1.0		False
group_756	27	0.0219	1.0		False
group_681	27	0.0219	1.0		False
group_598	27	0.0219	1.0		False
group_155	27	0.0219	1.0		False
group_5012	26	0.0211	0.9231		False
group_4385	26	0.0211	1.0		False
group_4258	26	0.0211	1.0		False
group_4174	26	0.0211	1.0		False
group_4172	26	0.0211	1.0		False
group_3385	26	0.0211	1.0		False
group_3362	26	0.0211	0.9615		False
group_3268	26	0.0211	1.0		False
group_3168	26	0.0211	1.0		False
group_3109	26	0.0211	1.0		False
group_3085	26	0.0211	1.0		False
group_2700	26	0.0211	0.9615		False
group_2693	26	0.0211	1.0		False
group_2516	26	0.0211	0.9231		False
group_2465	26	0.0211	0.9615		False
group_2434	26	0.0211	1.0		False
group_2404	26	0.0211	1.0		False
group_2383	26	0.0211	1.0		False
group_2315	26	0.0211	1.0		False
group_2235	26	0.0211	1.0		False
group_2205	26	0.0211	1.0		False
group_2159	26	0.0211	1.0		False
group_2104	26	0.0211	0.9615		False
group_2069	26	0.0211	1.0		False
group_2001	26	0.0211	1.0		False
group_1845	26	0.0211	1.0		False
ftsK	26	0.0211	1.0		False
thsA	26	0.0211	1.0		False
group_1765	26	0.0211	1.0		False
group_1720	26	0.0211	1.0		False
tnsE	26	0.0211	1.0		False
tnsD	26	0.0211	1.0		False
seg	26	0.0211	1.0		False
group_1408	26	0.0211	1.0		False
group_1407	26	0.0211	1.0		False
group_1202	26	0.0211	1.0		False
group_119	26	0.0211	1.0		False
ardA	26	0.0211	1.0		False
group_7578	25	0.0203	1.0		False
group_7493	25	0.0203	0.84		False
group_7439	25	0.0203	1.0		False
group_7395	25	0.0203	1.0		False
group_7010	25	0.0203	1.0		False
group_7008	25	0.0203	1.0		False
group_6798	25	0.0203	1.0		False
group_4444	25	0.0203	1.0		False
group_4390	25	0.0203	1.0		False
group_4342	25	0.0203	1.0		False
group_4103	25	0.0203	1.0		False
group_4012	25	0.0203	1.0		False
group_3728	25	0.0203	0.96		False
group_3634	25	0.0203	0.92		False
group_3583	25	0.0203	1.0		False
group_3457	25	0.0203	1.0		False
group_2517	25	0.0203	1.0		False
group_2495	25	0.0203	1.0		False
group_2351	25	0.0203	1.0		False
group_2023	25	0.0203	1.0		False
group_2006	25	0.0203	1.0		False
group_1618	25	0.0203	1.0		False
group_1617	25	0.0203	1.0		False
group_1488	25	0.0203	1.0		False
group_1242	25	0.0203	1.0		False
group_1233	25	0.0203	1.0		False
group_1161	25	0.0203	1.0		False
group_980	25	0.0203	0.76		False
group_829	25	0.0203	1.0		False
group_706	25	0.0203	0.88		False
group_369	25	0.0203	1.0		False
group_7664	24	0.0195	1.0		False
group_7579	24	0.0195	1.0		False
group_7421	24	0.0195	0.9583		False
group_7398	24	0.0195	0.6667		False
group_7170	24	0.0195	1.0		False
group_6771	24	0.0195	1.0		False
group_5547	24	0.0195	1.0		False
group_5519	24	0.0195	1.0		False
group_5363	24	0.0195	1.0		False
group_4718	24	0.0195	0.9583		False
group_4715	24	0.0195	1.0		False
group_4621	24	0.0195	1.0		False
group_4440	24	0.0195	0.8333		False
group_4405	24	0.0195	1.0		False
group_4318	24	0.0195	1.0		False
group_4246	24	0.0195	1.0		False
group_4160	24	0.0195	1.0		False
group_3927	24	0.0195	0.7083		False
group_3897	24	0.0195	1.0		False
group_3708	24	0.0195	1.0		False
group_3542	24	0.0195	1.0		False
group_3471	24	0.0195	0.9583		False
group_3468	24	0.0195	1.0		False
group_3462	24	0.0195	1.0		False
group_3373	24	0.0195	0.875		False
group_3221	24	0.0195	0.7083		False
araC	24	0.0195	1.0		False
group_3026	24	0.0195	0.75		False
kdpD	24	0.0195	0.9583		False
group_2937	24	0.0195	0.9583		False
group_2915	24	0.0195	1.0		False
group_2690	24	0.0195	1.0		False
group_2624	24	0.0195	1.0		False
group_2555	24	0.0195	1.0		False
group_2491	24	0.0195	1.0		False
group_2472	24	0.0195	1.0		False
group_2382	24	0.0195	1.0		False
abiV	24	0.0195	1.0		False
group_2249	24	0.0195	1.0		False
set	24	0.0195	0.7917		False
group_2154	24	0.0195	0.9583		False
group_2067	24	0.0195	0.9167		False
group_2038	24	0.0195	1.0		False
group_2025	24	0.0195	1.0		False
group_1997	24	0.0195	1.0		False
group_1935	24	0.0195	1.0		False
kdpE	24	0.0195	1.0		False
group_1789	24	0.0195	1.0		False
group_1684	24	0.0195	1.0		False
group_1669	24	0.0195	1.0		False
group_1650	24	0.0195	1.0		False
group_1620	24	0.0195	1.0		False
group_1570	24	0.0195	1.0		False
group_1525	24	0.0195	1.0		False
group_1513	24	0.0195	1.0		False
group_1443	24	0.0195	1.0		False
group_1426	24	0.0195	1.0		False
group_1225	24	0.0195	1.0		False
group_1155	24	0.0195	1.0		False
group_1115	24	0.0195	1.0		False
group_776	24	0.0195	1.0		False
group_757	24	0.0195	1.0		False
group_742	24	0.0195	1.0		False
group_574	24	0.0195	1.0		False
group_560	24	0.0195	1.0		False
group_257	24	0.0195	1.0		False
group_231	24	0.0195	1.0		False
group_178	24	0.0195	1.0		False
group_162	24	0.0195	1.0		False
group_136	24	0.0195	1.0		False
group_39	24	0.0195	1.0		False
mobC	23	0.0187	1.0		False
qac~~~qacC	23	0.0187	1.0		False
group_7588	23	0.0187	0.9565		False
group_7502	23	0.0187	0.9565		False
group_7490	23	0.0187	1.0		False
group_7459	23	0.0187	1.0		False
group_7181	23	0.0187	1.0		False
group_7137	23	0.0187	1.0		False
group_6803	23	0.0187	1.0		False
group_6802	23	0.0187	1.0		False
group_6801	23	0.0187	1.0		False
group_6800	23	0.0187	0.9565		False
group_6799	23	0.0187	1.0		False
group_6797	23	0.0187	1.0		False
group_6795	23	0.0187	1.0		False
group_5869	23	0.0187	1.0		False
group_5634	23	0.0187	0.9565		False
group_5441	23	0.0187	1.0		False
group_5420	23	0.0187	1.0		False
group_5286	23	0.0187	1.0		False
group_4579	23	0.0187	1.0		False
group_4269	23	0.0187	1.0		False
group_4207	23	0.0187	0.9565		False
group_4155	23	0.0187	1.0		False
group_4114	23	0.0187	1.0		False
group_4080	23	0.0187	1.0		False
group_4003	23	0.0187	0.913		False
group_3972	23	0.0187	1.0		False
group_3801	23	0.0187	1.0		False
group_3774	23	0.0187	1.0		False
group_3769	23	0.0187	0.9565		False
group_3658	23	0.0187	1.0		False
group_3367	23	0.0187	1.0		False
group_3350	23	0.0187	1.0		False
group_3313	23	0.0187	1.0		False
group_3292	23	0.0187	1.0		False
group_3251	23	0.0187	1.0		False
group_3237	23	0.0187	0.913		False
group_3224	23	0.0187	1.0		False
group_3170	23	0.0187	0.913		False
group_3169	23	0.0187	0.9565		False
group_2952	23	0.0187	0.913		False
group_2900	23	0.0187	0.8696		False
group_2771	23	0.0187	0.8261		False
group_2768	23	0.0187	1.0		False
group_2669	23	0.0187	1.0		False
group_2442	23	0.0187	0.9565		False
group_2340	23	0.0187	1.0		False
group_2332	23	0.0187	1.0		False
group_2313	23	0.0187	0.8696		False
group_2222	23	0.0187	1.0		False
group_2215	23	0.0187	1.0		False
group_2061	23	0.0187	1.0		False
group_1918	23	0.0187	1.0		False
cadC	23	0.0187	1.0		False
group_1823	23	0.0187	1.0		False
group_1764	23	0.0187	1.0		False
group_1700	23	0.0187	1.0		False
group_1659	23	0.0187	1.0		False
group_1657	23	0.0187	1.0		False
group_1638	23	0.0187	1.0		False
group_1578	23	0.0187	1.0		False
group_1254	23	0.0187	1.0		False
group_1228	23	0.0187	1.0		False
group_1213	23	0.0187	1.0		False
group_1210	23	0.0187	1.0		False
group_1158	23	0.0187	1.0		False
group_1113	23	0.0187	1.0		False
group_1097	23	0.0187	1.0		False
group_902	23	0.0187	1.0		False
group_835	23	0.0187	1.0		False
group_669	23	0.0187	1.0		False
group_464	23	0.0187	1.0		False
group_447	23	0.0187	1.0		False
group_336	23	0.0187	1.0		False
group_274	23	0.0187	0.9565		False
group_7504	22	0.0179	0.9545		False
group_7460	22	0.0179	0.9545		False
group_7199	22	0.0179	1.0		False
traA	22	0.0179	1.0		False
traC	22	0.0179	1.0		False
trsE	22	0.0179	1.0		False
traD	22	0.0179	1.0		False
group_5865	22	0.0179	1.0		False
group_5610	22	0.0179	1.0		False
group_5603	22	0.0179	0.7727		False
group_5579	22	0.0179	1.0		False
group_5522	22	0.0179	1.0		False
group_5424	22	0.0179	0.9545		False
group_5365	22	0.0179	1.0		False
group_5302	22	0.0179	1.0		False
group_5301	22	0.0179	1.0		False
group_5300	22	0.0179	1.0		False
group_5299	22	0.0179	1.0		False
group_5165	22	0.0179	1.0		False
group_5114	22	0.0179	0.9091		False
group_4673	22	0.0179	0.9545		False
group_4431	22	0.0179	1.0		False
group_4416	22	0.0179	1.0		False
group_4148	22	0.0179	1.0		False
group_4024	22	0.0179	1.0		False
group_3836	22	0.0179	1.0		False
group_3834	22	0.0179	1.0		False
group_3743	22	0.0179	0.9545		False
group_3685	22	0.0179	1.0		False
group_3642	22	0.0179	1.0		False
group_3594	22	0.0179	1.0		False
group_3526	22	0.0179	0.1364		False
group_3432	22	0.0179	0.9545		False
group_3340	22	0.0179	1.0		False
group_3190	22	0.0179	1.0		False
group_3035	22	0.0179	0.9091		False
group_3022	22	0.0179	1.0		False
group_2908	22	0.0179	1.0		False
group_2889	22	0.0179	0.9091		False
group_2851	22	0.0179	1.0		False
etb	22	0.0179	1.0		False
group_2632	22	0.0179	1.0		False
group_2547	22	0.0179	0.9545		False
group_2515	22	0.0179	0.8636		False
group_2300	22	0.0179	1.0		False
lanM	22	0.0179	1.0		False
group_2248	22	0.0179	1.0		False
group_2206	22	0.0179	1.0		False
group_2142	22	0.0179	1.0		False
group_2031	22	0.0179	1.0		False
group_1914	22	0.0179	1.0		False
group_1912	22	0.0179	1.0		False
group_1909	22	0.0179	1.0		False
group_1903	22	0.0179	1.0		False
group_1658	22	0.0179	1.0		False
group_1646	22	0.0179	1.0		False
group_1608	22	0.0179	1.0		False
group_1577	22	0.0179	1.0		False
group_1524	22	0.0179	1.0		False
stsI	22	0.0179	1.0		False
group_1410	22	0.0179	1.0		False
group_1287	22	0.0179	1.0		False
group_676	22	0.0179	1.0		False
group_622	22	0.0179	1.0		False
group_474	22	0.0179	1.0		False
group_411	22	0.0179	1.0		False
group_329	22	0.0179	1.0		False
parR	22	0.0179	1.0		False
group_168	22	0.0179	1.0		False
group_144	22	0.0179	1.0		False
group_81	22	0.0179	1.0		False
group_80	22	0.0179	1.0		False
rmuC	22	0.0179	1.0		False
group_7450	21	0.0171	0.9524		False
group_7438	21	0.0171	0.9524		False
group_7200	21	0.0171	1.0		False
group_5684	21	0.0171	1.0		False
group_5584	21	0.0171	1.0		False
group_5567	21	0.0171	1.0		False
group_5395	21	0.0171	0.6667		False
group_5274	21	0.0171	1.0		False
group_5204	21	0.0171	1.0		False
group_5094	21	0.0171	1.0		False
group_5090	21	0.0171	1.0		False
group_4541	21	0.0171	0.9524		False
group_4166	21	0.0171	1.0		False
group_3973	21	0.0171	1.0		False
group_3759	21	0.0171	1.0		False
group_3663	21	0.0171	1.0		False
group_3597	21	0.0171	1.0		False
group_3528	21	0.0171	1.0		False
group_3416	21	0.0171	1.0		False
group_3346	21	0.0171	1.0		False
group_3231	21	0.0171	0.1905		False
group_3205	21	0.0171	1.0		False
group_3180	21	0.0171	1.0		False
group_2882	21	0.0171	1.0		False
group_2654	21	0.0171	1.0		False
group_2347	21	0.0171	1.0		False
group_2336	21	0.0171	1.0		False
group_1894	21	0.0171	0.7619		False
group_1825	21	0.0171	1.0		False
group_1648	21	0.0171	1.0		False
group_1590	21	0.0171	1.0		False
group_1442	21	0.0171	1.0		False
group_1111	21	0.0171	1.0		False
group_972	21	0.0171	1.0		False
group_930	21	0.0171	1.0		False
group_826	21	0.0171	1.0		False
group_779	21	0.0171	1.0		False
group_677	21	0.0171	1.0		False
group_546	21	0.0171	0.9048		False
group_322	21	0.0171	1.0		False
group_154	21	0.0171	1.0		False
group_7631	20	0.0162	1.0		False
group_7462	20	0.0162	1.0		False
group_7254	20	0.0162	1.0		False
group_7252	20	0.0162	1.0		False
group_7244	20	0.0162	1.0		False
group_5733	20	0.0162	1.0		False
group_5553	20	0.0162	0.7		False
group_5269	20	0.0162	1.0		False
group_5089	20	0.0162	1.0		False
group_4782	20	0.0162	1.0		False
group_4710	20	0.0162	1.0		False
group_4622	20	0.0162	0.85		False
group_4274	20	0.0162	1.0		False
group_4154	20	0.0162	1.0		False
group_4127	20	0.0162	1.0		False
group_3990	20	0.0162	0.95		False
group_3962	20	0.0162	1.0		False
group_3861	20	0.0162	1.0		False
group_3782	20	0.0162	1.0		False
group_3723	20	0.0162	1.0		False
group_3644	20	0.0162	1.0		False
group_3632	20	0.0162	1.0		False
group_3482	20	0.0162	1.0		False
group_3377	20	0.0162	1.0		False
group_3339	20	0.0162	1.0		False
group_3141	20	0.0162	0.9		False
group_3112	20	0.0162	1.0		False
group_3033	20	0.0162	1.0		False
group_3001	20	0.0162	0.6		False
group_2934	20	0.0162	1.0		False
group_2928	20	0.0162	0.9		False
group_2664	20	0.0162	1.0		False
group_2400	20	0.0162	1.0		False
group_2186	20	0.0162	1.0		False
group_2122	20	0.0162	1.0		False
group_2105	20	0.0162	1.0		False
group_1916	20	0.0162	1.0		False
group_1672	20	0.0162	1.0		False
group_1607	20	0.0162	1.0		False
group_1592	20	0.0162	1.0		False
group_1547	20	0.0162	1.0		False
merR	20	0.0162	0.95		False
group_1192	20	0.0162	1.0		False
group_666	20	0.0162	1.0		False
group_618	20	0.0162	1.0		False
group_532	20	0.0162	1.0		False
group_212	20	0.0162	1.0		False
group_104	20	0.0162	1.0		False
group_100	20	0.0162	1.0		False
group_7589	19	0.0154	0.8947		False
group_7449	19	0.0154	1.0		False
group_7243	19	0.0154	1.0		False
group_5580	19	0.0154	1.0		False
group_4924	19	0.0154	1.0		False
group_4504	19	0.0154	1.0		False
group_4452	19	0.0154	1.0		False
group_4130	19	0.0154	1.0		False
group_4079	19	0.0154	1.0		False
group_4043	19	0.0154	1.0		False
group_3817	19	0.0154	1.0		False
group_3628	19	0.0154	1.0		False
group_3443	19	0.0154	1.0		False
group_2953	19	0.0154	1.0		False
group_2783	19	0.0154	1.0		False
group_2572	19	0.0154	1.0		False
group_2552	19	0.0154	1.0		False
group_2346	19	0.0154	1.0		False
nusB	19	0.0154	1.0		False
group_2188	19	0.0154	1.0		False
group_2175	19	0.0154	1.0		False
group_1821	19	0.0154	1.0		False
group_1688	19	0.0154	1.0		False
secB	19	0.0154	1.0		False
group_1198	19	0.0154	1.0		False
ftsH	19	0.0154	1.0		False
group_834	19	0.0154	1.0		False
group_592	19	0.0154	1.0		False
group_588	19	0.0154	1.0		False
group_194	19	0.0154	1.0		False
group_7662	18	0.0146	0.6667		False
group_7658	18	0.0146	1.0		False
group_7643	18	0.0146	0.7778		False
group_7548	18	0.0146	0.7778		False
group_7542	18	0.0146	1.0		False
group_7456	18	0.0146	0.9444		False
group_7437	18	0.0146	0.9444		False
group_7383	18	0.0146	1.0		False
group_7162	18	0.0146	1.0		False
group_6744	18	0.0146	1.0		False
group_5870	18	0.0146	1.0		False
group_5868	18	0.0146	1.0		False
traF	18	0.0146	1.0		False
trsK	18	0.0146	1.0		False
group_5867	18	0.0146	1.0		False
group_5866	18	0.0146	1.0		False
trsL	18	0.0146	1.0		False
trsH	18	0.0146	1.0		False
group_5678	18	0.0146	1.0		False
group_5626	18	0.0146	1.0		False
group_5196	18	0.0146	0.8889		False
group_5013	18	0.0146	1.0		False
group_4811	18	0.0146	1.0		False
group_4717	18	0.0146	1.0		False
group_4604	18	0.0146	1.0		False
group_4460	18	0.0146	1.0		False
group_4112	18	0.0146	1.0		False
group_4099	18	0.0146	0.9444		False
group_3980	18	0.0146	1.0		False
group_3811	18	0.0146	1.0		False
group_3756	18	0.0146	0.9444		False
group_3677	18	0.0146	1.0		False
group_3562	18	0.0146	1.0		False
group_3480	18	0.0146	1.0		False
group_2824	18	0.0146	0.3333		False
group_2817	18	0.0146	1.0		False
group_2797	18	0.0146	0.2222		False
group_2725	18	0.0146	0.9444		False
group_2484	18	0.0146	1.0		False
group_2302	18	0.0146	1.0		False
group_2126	18	0.0146	1.0		False
group_1936	18	0.0146	1.0		False
group_1927	18	0.0146	1.0		False
group_1807	18	0.0146	1.0		False
group_1795	18	0.0146	1.0		False
group_1021	18	0.0146	1.0		False
group_934	18	0.0146	1.0		False
group_824	18	0.0146	1.0		False
ermC	18	0.0146	1.0		False
group_441	18	0.0146	1.0		False
group_7612	17	0.0138	0.8235		False
group_7486	17	0.0138	1.0		False
group_7377	17	0.0138	0.7647		False
group_7007	17	0.0138	1.0		False
group_6055	17	0.0138	1.0		False
group_5474	17	0.0138	1.0		False
group_5404	17	0.0138	1.0		False
group_5391	17	0.0138	1.0		False
group_5379	17	0.0138	0.8235		False
group_5201	17	0.0138	1.0		False
group_5059	17	0.0138	1.0		False
group_4978	17	0.0138	1.0		False
group_3830	17	0.0138	0.8235		False
group_3815	17	0.0138	1.0		False
group_3814	17	0.0138	0.9412		False
group_3804	17	0.0138	1.0		False
group_3792	17	0.0138	1.0		False
group_3750	17	0.0138	1.0		False
group_3679	17	0.0138	1.0		False
group_3618	17	0.0138	1.0		False
lanC	17	0.0138	0.9412		False
group_3488	17	0.0138	1.0		False
group_3355	17	0.0138	0.1176		False
group_3060	17	0.0138	1.0		False
group_2777	17	0.0138	1.0		False
group_2629	17	0.0138	1.0		False
group_2522	17	0.0138	1.0		False
group_2426	17	0.0138	1.0		False
group_2285	17	0.0138	1.0		False
group_1510	17	0.0138	1.0		False
group_1505	17	0.0138	1.0		False
group_1445	17	0.0138	1.0		False
group_1218	17	0.0138	1.0		False
group_1148	17	0.0138	1.0		False
group_920	17	0.0138	1.0		False
group_650	17	0.0138	1.0		False
group_381	17	0.0138	0.8824		False
group_297	17	0.0138	0.7647		False
group_29	17	0.0138	1.0		False
group_7644	16	0.013	0.875		False
group_7640	16	0.013	0.4375		False
group_7635	16	0.013	1.0		False
group_7629	16	0.013	1.0		False
group_7628	16	0.013	1.0		False
group_7627	16	0.013	1.0		False
group_7625	16	0.013	1.0		False
group_7609	16	0.013	1.0		False
group_7487	16	0.013	1.0		False
group_7485	16	0.013	1.0		False
group_7476	16	0.013	1.0		False
group_7442	16	0.013	0.875		False
group_7428	16	0.013	1.0		False
group_7382	16	0.013	1.0		False
group_7135	16	0.013	1.0		False
group_7124	16	0.013	0.9375		False
group_6011	16	0.013	1.0		False
group_6010	16	0.013	1.0		False
group_5691	16	0.013	1.0		False
group_5632	16	0.013	1.0		False
group_5350	16	0.013	0.9375		False
group_5349	16	0.013	1.0		False
group_5346	16	0.013	1.0		False
group_5296	16	0.013	1.0		False
qacR	16	0.013	1.0		False
group_4923	16	0.013	1.0		False
group_4877	16	0.013	1.0		False
group_4443	16	0.013	1.0		False
group_4410	16	0.013	1.0		False
group_4178	16	0.013	1.0		False
group_4087	16	0.013	1.0		False
group_4076	16	0.013	1.0		False
group_4000	16	0.013	1.0		False
group_3978	16	0.013	1.0		False
group_3798	16	0.013	1.0		False
group_3747	16	0.013	1.0		False
group_3717	16	0.013	0.6875		False
group_3657	16	0.013	1.0		False
group_3633	16	0.013	1.0		False
group_3574	16	0.013	1.0		False
group_3543	16	0.013	1.0		False
group_3215	16	0.013	1.0		False
group_3042	16	0.013	0.9375		False
group_3027	16	0.013	0.9375		False
group_2980	16	0.013	0.875		False
group_2884	16	0.013	0.625		False
group_2718	16	0.013	0.9375		False
group_2655	16	0.013	1.0		False
group_2478	16	0.013	0.75		False
group_2130	16	0.013	1.0		False
group_2029	16	0.013	1.0		False
group_2028	16	0.013	1.0		False
group_1736	16	0.013	1.0		False
group_1691	16	0.013	1.0		False
qacA	16	0.013	1.0		False
group_1639	16	0.013	1.0		False
group_1409	16	0.013	1.0		False
group_1320	16	0.013	1.0		False
group_1307	16	0.013	1.0		False
group_1188	16	0.013	1.0		False
group_1151	16	0.013	1.0		False
group_975	16	0.013	1.0		False
group_932	16	0.013	1.0		False
group_921	16	0.013	1.0		False
group_874	16	0.013	0.8125		False
group_800	16	0.013	0.9375		False
irrE	16	0.013	1.0		False
group_517	16	0.013	1.0		False
group_166	16	0.013	1.0		False
group_145	16	0.013	1.0		False
group_101	16	0.013	1.0		False
group_7592	15	0.0122	1.0		False
group_7586	15	0.0122	1.0		False
group_7571	15	0.0122	0.8667		False
group_7550	15	0.0122	1.0		False
group_7458	15	0.0122	1.0		False
group_7248	15	0.0122	0.9333		False
group_7134	15	0.0122	1.0		False
group_7133	15	0.0122	0.8		False
group_5992	15	0.0122	1.0		False
group_5732	15	0.0122	1.0		False
group_5533	15	0.0122	1.0		False
group_5532	15	0.0122	0.9333		False
group_5130	15	0.0122	1.0		False
group_4957	15	0.0122	1.0		False
group_4618	15	0.0122	1.0		False
group_3765	15	0.0122	0.9333		False
group_3675	15	0.0122	1.0		False
group_3549	15	0.0122	1.0		False
group_3548	15	0.0122	1.0		False
group_3300	15	0.0122	0.8667		False
group_3263	15	0.0122	1.0		False
group_3198	15	0.0122	1.0		False
group_2922	15	0.0122	1.0		False
group_2781	15	0.0122	1.0		False
group_2658	15	0.0122	1.0		False
group_2550	15	0.0122	1.0		False
group_2537	15	0.0122	0.9333		False
group_2443	15	0.0122	1.0		False
group_2405	15	0.0122	1.0		False
group_1857	15	0.0122	1.0		False
group_1682	15	0.0122	1.0		False
group_1545	15	0.0122	1.0		False
group_1535	15	0.0122	1.0		False
group_1362	15	0.0122	1.0		False
group_1247	15	0.0122	0.9333		False
group_1230	15	0.0122	1.0		False
group_1229	15	0.0122	1.0		False
group_897	15	0.0122	1.0		False
group_729	15	0.0122	0.8667		False
group_522	15	0.0122	1.0		False
group_163	15	0.0122	1.0		False
group_19	15	0.0122	1.0		False
group_7655	14	0.0114	1.0		False
group_7649	14	0.0114	1.0		False
group_7590	14	0.0114	1.0		False
group_7557	14	0.0114	1.0		False
group_7477	14	0.0114	1.0		False
group_7407	14	0.0114	0.1429		False
group_7387	14	0.0114	1.0		False
group_7367	14	0.0114	1.0		False
group_7348	14	0.0114	1.0		False
capL	14	0.0114	0.9286		False
group_6000	14	0.0114	1.0		False
group_5999	14	0.0114	1.0		False
group_5998	14	0.0114	0.9286		False
group_5997	14	0.0114	1.0		False
group_5996	14	0.0114	1.0		False
group_5995	14	0.0114	1.0		False
group_5994	14	0.0114	1.0		False
group_5993	14	0.0114	1.0		False
group_5991	14	0.0114	0.9286		False
traO	14	0.0114	1.0		False
group_5293	14	0.0114	1.0		False
group_5163	14	0.0114	1.0		False
group_5152	14	0.0114	1.0		False
group_5096	14	0.0114	1.0		False
group_4602	14	0.0114	0.4286		False
group_4244	14	0.0114	1.0		False
group_3541	14	0.0114	0.9286		False
group_3210	14	0.0114	1.0		False
group_2596	14	0.0114	1.0		False
group_2557	14	0.0114	1.0		False
group_2117	14	0.0114	1.0		False
group_1846	14	0.0114	1.0		False
group_1663	14	0.0114	1.0		False
group_1508	14	0.0114	1.0		False
group_1446	14	0.0114	1.0		False
group_1293	14	0.0114	0.9286		False
group_1243	14	0.0114	1.0		False
group_1227	14	0.0114	1.0		False
group_1187	14	0.0114	1.0		False
group_1166	14	0.0114	1.0		False
group_1109	14	0.0114	0.7857		False
group_907	14	0.0114	1.0		False
group_845	14	0.0114	0.8571		False
group_749	14	0.0114	0.7143		False
group_568	14	0.0114	1.0		False
group_557	14	0.0114	1.0		False
group_233	14	0.0114	1.0		False
lacR	13	0.0106	1.0		False
group_7638	13	0.0106	1.0		False
group_7624	13	0.0106	0.6154		False
group_7566	13	0.0106	1.0		False
group_7464	13	0.0106	1.0		False
virD4	13	0.0106	0.9231		False
group_7413	13	0.0106	1.0		False
group_7237	13	0.0106	1.0		False
group_7229	13	0.0106	1.0		False
group_7211	13	0.0106	1.0		False
group_7177	13	0.0106	1.0		False
group_7014	13	0.0106	1.0		False
group_7013	13	0.0106	1.0		False
group_7009	13	0.0106	1.0		False
group_6538	13	0.0106	1.0		False
group_5353	13	0.0106	1.0		False
group_5147	13	0.0106	1.0		False
group_4656	13	0.0106	1.0		False
group_4110	13	0.0106	1.0		False
group_4095	13	0.0106	1.0		False
group_4063	13	0.0106	1.0		False
fusC	13	0.0106	1.0		False
group_3752	13	0.0106	0.9231		False
tcaA	13	0.0106	1.0		False
group_2630	13	0.0106	1.0		False
group_2510	13	0.0106	1.0		False
group_2488	13	0.0106	1.0		False
group_2466	13	0.0106	1.0		False
group_2161	13	0.0106	1.0		False
group_2109	13	0.0106	1.0		False
group_2024	13	0.0106	1.0		False
group_1890	13	0.0106	1.0		False
group_1843	13	0.0106	1.0		False
group_1749	13	0.0106	1.0		False
group_1731	13	0.0106	1.0		False
group_1514	13	0.0106	1.0		False
group_1504	13	0.0106	1.0		False
group_1489	13	0.0106	1.0		False
group_1483	13	0.0106	1.0		False
group_1468	13	0.0106	1.0		False
group_1466	13	0.0106	1.0		False
group_1381	13	0.0106	1.0		False
group_1343	13	0.0106	1.0		False
group_1091	13	0.0106	1.0		False
group_639	13	0.0106	1.0		False
group_519	13	0.0106	1.0		False
group_518	13	0.0106	1.0		False
group_203	13	0.0106	1.0		False
group_7669	12	0.0097	1.0		False
group_7653	12	0.0097	1.0		False
group_7646	12	0.0097	0.9167		False
yeeB	12	0.0097	1.0		False
group_7616	12	0.0097	1.0		False
group_7600	12	0.0097	1.0		False
group_7543	12	0.0097	0.9167		False
group_7536	12	0.0097	1.0		False
group_7530	12	0.0097	1.0		False
group_7529	12	0.0097	1.0		False
group_7526	12	0.0097	1.0		False
group_7522	12	0.0097	1.0		False
group_7424	12	0.0097	1.0		False
group_7402	12	0.0097	1.0		False
group_7401	12	0.0097	1.0		False
group_7379	12	0.0097	1.0		False
group_7366	12	0.0097	1.0		False
group_7236	12	0.0097	1.0		False
group_7163	12	0.0097	1.0		False
group_7125	12	0.0097	1.0		False
group_6976	12	0.0097	1.0		False
group_6953	12	0.0097	1.0		False
group_6539	12	0.0097	1.0		False
group_6113	12	0.0097	1.0		False
group_6067	12	0.0097	1.0		False
group_6066	12	0.0097	1.0		False
group_6065	12	0.0097	1.0		False
group_6064	12	0.0097	1.0		False
group_6023	12	0.0097	1.0		False
group_6007	12	0.0097	1.0		False
group_6006	12	0.0097	1.0		False
group_5417	12	0.0097	1.0		False
group_5303	12	0.0097	1.0		False
group_5211	12	0.0097	1.0		False
group_5032	12	0.0097	1.0		False
group_4714	12	0.0097	1.0		False
group_4344	12	0.0097	1.0		False
group_4277	12	0.0097	1.0		False
group_4271	12	0.0097	1.0		False
group_4267	12	0.0097	1.0		False
group_4164	12	0.0097	1.0		False
group_4157	12	0.0097	1.0		False
group_4133	12	0.0097	1.0		False
group_4100	12	0.0097	0.9167		False
group_4006	12	0.0097	1.0		False
group_3888	12	0.0097	1.0		False
group_3882	12	0.0097	1.0		False
group_3776	12	0.0097	1.0		False
group_3655	12	0.0097	1.0		False
group_3392	12	0.0097	1.0		False
group_3117	12	0.0097	1.0		False
group_3087	12	0.0097	1.0		False
lnuB	12	0.0097	1.0		False
spw	12	0.0097	1.0		False
group_2461	12	0.0097	1.0		False
group_2385	12	0.0097	1.0		False
group_2341	12	0.0097	1.0		False
group_2282	12	0.0097	1.0		False
group_2242	12	0.0097	1.0		False
group_2157	12	0.0097	1.0		False
group_2087	12	0.0097	1.0		False
group_1942	12	0.0097	1.0		False
group_1878	12	0.0097	1.0		False
group_1817	12	0.0097	1.0		False
lsaE	12	0.0097	1.0		False
group_1760	12	0.0097	1.0		False
group_1759	12	0.0097	1.0		False
group_1757	12	0.0097	1.0		False
group_1755	12	0.0097	1.0		False
group_1753	12	0.0097	1.0		False
group_1751	12	0.0097	1.0		False
group_1692	12	0.0097	1.0		False
group_1661	12	0.0097	1.0		False
group_1485	12	0.0097	1.0		False
uspA	12	0.0097	1.0		False
group_1414	12	0.0097	1.0		False
group_1371	12	0.0097	1.0		False
group_1370	12	0.0097	1.0		False
group_1369	12	0.0097	1.0		False
group_1368	12	0.0097	1.0		False
group_1367	12	0.0097	1.0		False
group_1366	12	0.0097	1.0		False
group_1354	12	0.0097	1.0		False
group_1262	12	0.0097	0.75		False
group_1065	12	0.0097	1.0		False
group_1049	12	0.0097	1.0		False
group_853	12	0.0097	1.0		False
group_768	12	0.0097	1.0		False
group_521	12	0.0097	1.0		False
group_314	12	0.0097	1.0		False
group_133	12	0.0097	0.9167		False
group_78	12	0.0097	1.0		False
group_7665	11	0.0089	1.0		False
lukM~~~lukE	11	0.0089	1.0		False
group_7617	11	0.0089	1.0		False
group_7583	11	0.0089	1.0		False
group_7541	11	0.0089	0.7273		False
group_7537	11	0.0089	0.8182		False
group_7535	11	0.0089	1.0		False
group_7515	11	0.0089	1.0		False
group_7451	11	0.0089	1.0		False
group_7448	11	0.0089	1.0		False
group_7445	11	0.0089	1.0		False
group_7435	11	0.0089	0.8182		False
group_7422	11	0.0089	1.0		False
group_7409	11	0.0089	0.8182		False
group_7394	11	0.0089	1.0		False
group_7369	11	0.0089	1.0		False
group_7208	11	0.0089	1.0		False
group_7196	11	0.0089	1.0		False
group_7187	11	0.0089	1.0		False
group_7123	11	0.0089	1.0		False
group_7122	11	0.0089	1.0		False
group_7121	11	0.0089	1.0		False
group_7119	11	0.0089	1.0		False
group_6111	11	0.0089	1.0		False
group_6110	11	0.0089	1.0		False
group_6097	11	0.0089	1.0		False
group_6040	11	0.0089	1.0		False
group_6039	11	0.0089	1.0		False
group_6005	11	0.0089	1.0		False
group_5988	11	0.0089	1.0		False
group_5985	11	0.0089	1.0		False
group_5923	11	0.0089	1.0		False
group_4528	11	0.0089	1.0		False
group_3856	11	0.0089	1.0		False
group_3635	11	0.0089	1.0		False
group_3481	11	0.0089	1.0		False
group_3412	11	0.0089	1.0		False
group_3162	11	0.0089	1.0		False
group_2750	11	0.0089	1.0		False
group_2668	11	0.0089	0.8182		False
group_2549	11	0.0089	1.0		False
group_2490	11	0.0089	1.0		False
group_2374	11	0.0089	1.0		False
group_2022	11	0.0089	1.0		False
group_1992	11	0.0089	1.0		False
group_1784	11	0.0089	1.0		False
group_1758	11	0.0089	1.0		False
group_1641	11	0.0089	1.0		False
group_1402	11	0.0089	1.0		False
group_1209	11	0.0089	1.0		False
group_1183	11	0.0089	1.0		False
group_877	11	0.0089	1.0		False
group_686	11	0.0089	1.0		False
group_549	11	0.0089	1.0		False
group_383	11	0.0089	1.0		False
group_7645	10	0.0081	1.0		False
group_7626	10	0.0081	1.0		False
group_7575	10	0.0081	1.0		False
group_7558	10	0.0081	1.0		False
group_7532	10	0.0081	1.0		False
group_7510	10	0.0081	1.0		False
group_7506	10	0.0081	1.0		False
group_7497	10	0.0081	1.0		False
group_7479	10	0.0081	1.0		False
group_7426	10	0.0081	1.0		False
group_7412	10	0.0081	1.0		False
group_7406	10	0.0081	1.0		False
group_7374	10	0.0081	0.9		False
group_7368	10	0.0081	1.0		False
group_7363	10	0.0081	0.8		False
group_7360	10	0.0081	1.0		False
group_7359	10	0.0081	1.0		False
group_7352	10	0.0081	0.9		False
group_7251	10	0.0081	1.0		False
group_7198	10	0.0081	1.0		False
group_7185	10	0.0081	1.0		False
group_6635	10	0.0081	1.0		False
group_6534	10	0.0081	1.0		False
group_6368	10	0.0081	1.0		False
group_6156	10	0.0081	1.0		False
group_6089	10	0.0081	1.0		False
group_6088	10	0.0081	1.0		False
group_6087	10	0.0081	0.9		False
group_6086	10	0.0081	1.0		False
group_6085	10	0.0081	1.0		False
group_6084	10	0.0081	1.0		False
group_6083	10	0.0081	1.0		False
group_6082	10	0.0081	1.0		False
group_6081	10	0.0081	1.0		False
group_6080	10	0.0081	1.0		False
group_6079	10	0.0081	1.0		False
group_6078	10	0.0081	1.0		False
group_6077	10	0.0081	1.0		False
group_6076	10	0.0081	1.0		False
group_6075	10	0.0081	1.0		False
traM	10	0.0081	1.0		False
group_6074	10	0.0081	1.0		False
group_6073	10	0.0081	1.0		False
group_6072	10	0.0081	1.0		False
group_6071	10	0.0081	1.0		False
group_6070	10	0.0081	1.0		False
group_6027	10	0.0081	1.0		False
group_6016	10	0.0081	0.6		False
group_5987	10	0.0081	1.0		False
group_5771	10	0.0081	1.0		False
group_5436	10	0.0081	1.0		False
group_4872	10	0.0081	0.8		False
group_4578	10	0.0081	1.0		False
group_4406	10	0.0081	1.0		False
group_4294	10	0.0081	1.0		False
group_4137	10	0.0081	1.0		False
group_3917	10	0.0081	1.0		False
group_3914	10	0.0081	1.0		False
group_3630	10	0.0081	1.0		False
group_2897	10	0.0081	1.0		False
group_2705	10	0.0081	1.0		False
thsB	10	0.0081	1.0		False
group_2651	10	0.0081	1.0		False
group_2650	10	0.0081	1.0		False
group_2546	10	0.0081	1.0		False
group_2456	10	0.0081	1.0		False
group_2414	10	0.0081	1.0		False
group_2413	10	0.0081	1.0		False
group_2298	10	0.0081	1.0		False
group_2030	10	0.0081	1.0		False
group_2000	10	0.0081	1.0		False
group_1949	10	0.0081	1.0		False
group_1838	10	0.0081	1.0		False
group_1822	10	0.0081	1.0		False
group_1812	10	0.0081	1.0		False
group_1717	10	0.0081	1.0		False
group_1689	10	0.0081	1.0		False
group_1503	10	0.0081	1.0		False
group_1487	10	0.0081	1.0		False
group_1455	10	0.0081	1.0		False
group_1333	10	0.0081	1.0		False
group_939	10	0.0081	1.0		False
group_869	10	0.0081	1.0		False
group_795	10	0.0081	1.0		False
group_662	10	0.0081	1.0		False
group_638	10	0.0081	1.0		False
group_121	10	0.0081	1.0		False
group_51	10	0.0081	1.0		False
group_7652	9	0.0073	1.0		False
group_7651	9	0.0073	1.0		False
group_7647	9	0.0073	1.0		False
group_7636	9	0.0073	0.8889		False
group_7623	9	0.0073	1.0		False
group_7618	9	0.0073	1.0		False
group_7608	9	0.0073	1.0		False
group_7606	9	0.0073	1.0		False
group_7594	9	0.0073	1.0		False
group_7574	9	0.0073	1.0		False
group_7562	9	0.0073	1.0		False
group_7489	9	0.0073	1.0		False
group_7468	9	0.0073	0.3333		False
group_7425	9	0.0073	1.0		False
group_7411	9	0.0073	0.7778		False
group_7404	9	0.0073	1.0		False
group_7386	9	0.0073	1.0		False
group_7357	9	0.0073	1.0		False
group_7344	9	0.0073	1.0		False
group_7209	9	0.0073	1.0		False
group_7194	9	0.0073	1.0		False
group_7160	9	0.0073	1.0		False
group_6983	9	0.0073	1.0		False
group_6838	9	0.0073	1.0		False
group_6450	9	0.0073	1.0		False
group_6449	9	0.0073	1.0		False
group_6163	9	0.0073	1.0		False
group_6091	9	0.0073	1.0		False
group_6090	9	0.0073	1.0		False
group_6029	9	0.0073	1.0		False
group_6028	9	0.0073	1.0		False
group_6018	9	0.0073	1.0		False
group_6003	9	0.0073	1.0		False
group_5812	9	0.0073	1.0		False
group_5461	9	0.0073	1.0		False
group_5361	9	0.0073	1.0		False
group_5332	9	0.0073	1.0		False
group_5297	9	0.0073	0.8889		False
group_4958	9	0.0073	0.7778		False
group_4931	9	0.0073	0.6667		False
group_4262	9	0.0073	1.0		False
group_4230	9	0.0073	1.0		False
group_3984	9	0.0073	1.0		False
group_3701	9	0.0073	1.0		False
group_3686	9	0.0073	0.8889		False
group_3656	9	0.0073	1.0		False
group_3609	9	0.0073	1.0		False
group_3558	9	0.0073	1.0		False
group_3158	9	0.0073	1.0		False
group_3032	9	0.0073	0.8889		False
group_2949	9	0.0073	1.0		False
agrC	9	0.0073	1.0		False
group_2684	9	0.0073	1.0		False
group_2683	9	0.0073	1.0		False
group_2678	9	0.0073	1.0		False
group_2477	9	0.0073	0.8889		False
group_2458	9	0.0073	1.0		False
group_2370	9	0.0073	1.0		False
group_2305	9	0.0073	1.0		False
hrtB	9	0.0073	1.0		False
group_2284	9	0.0073	1.0		False
group_2256	9	0.0073	1.0		False
group_2253	9	0.0073	1.0		False
group_2167	9	0.0073	1.0		False
group_2165	9	0.0073	1.0		False
group_2129	9	0.0073	1.0		False
group_2089	9	0.0073	1.0		False
hrtA	9	0.0073	1.0		False
essB	9	0.0073	1.0		False
group_1968	9	0.0073	0.7778		False
group_1889	9	0.0073	0.8889		False
group_1869	9	0.0073	1.0		False
mecI	9	0.0073	1.0		False
group_1790	9	0.0073	1.0		False
group_1768	9	0.0073	1.0		False
group_1767	9	0.0073	1.0		False
group_1754	9	0.0073	1.0		False
group_1752	9	0.0073	1.0		False
group_1750	9	0.0073	1.0		False
group_1738	9	0.0073	1.0		False
group_1678	9	0.0073	1.0		False
group_1645	9	0.0073	1.0		False
group_1629	9	0.0073	1.0		False
group_1589	9	0.0073	1.0		False
group_1569	9	0.0073	1.0		False
group_1568	9	0.0073	1.0		False
group_1541	9	0.0073	1.0		False
group_1515	9	0.0073	1.0		False
group_1478	9	0.0073	1.0		False
group_1363	9	0.0073	1.0		False
group_1291	9	0.0073	1.0		False
group_1182	9	0.0073	1.0		False
group_1175	9	0.0073	1.0		False
group_892	9	0.0073	1.0		False
group_839	9	0.0073	1.0		False
group_651	9	0.0073	1.0		False
group_547	9	0.0073	1.0		False
group_501	9	0.0073	1.0		False
group_95	9	0.0073	0.8889		False
group_7	9	0.0073	1.0		False
group_7666	8	0.0065	1.0		False
group_7642	8	0.0065	1.0		False
group_7639	8	0.0065	1.0		False
group_7621	8	0.0065	1.0		False
group_7599	8	0.0065	1.0		False
sdrF	8	0.0065	1.0		False
group_7554	8	0.0065	1.0		False
group_7545	8	0.0065	1.0		False
group_7534	8	0.0065	1.0		False
group_7505	8	0.0065	1.0		False
group_7491	8	0.0065	1.0		False
group_7465	8	0.0065	1.0		False
group_7436	8	0.0065	1.0		False
group_7423	8	0.0065	0.125		False
group_7420	8	0.0065	1.0		False
group_7410	8	0.0065	1.0		False
group_7405	8	0.0065	0.625		False
group_7389	8	0.0065	1.0		False
group_7376	8	0.0065	1.0		False
group_7371	8	0.0065	1.0		False
group_7351	8	0.0065	1.0		False
group_7349	8	0.0065	0.875		False
group_7345	8	0.0065	1.0		False
group_7334	8	0.0065	1.0		False
group_7303	8	0.0065	1.0		False
group_7250	8	0.0065	1.0		False
group_7228	8	0.0065	1.0		False
group_7225	8	0.0065	1.0		False
group_7222	8	0.0065	1.0		False
group_7190	8	0.0065	1.0		False
group_7176	8	0.0065	1.0		False
group_7175	8	0.0065	1.0		False
group_7172	8	0.0065	1.0		False
group_7161	8	0.0065	1.0		False
group_7132	8	0.0065	1.0		False
group_6686	8	0.0065	1.0		False
group_6685	8	0.0065	1.0		False
group_6587	8	0.0065	1.0		False
group_6458	8	0.0065	1.0		False
group_6375	8	0.0065	1.0		False
tauD	8	0.0065	1.0		False
group_6374	8	0.0065	0.625		False
group_6373	8	0.0065	1.0		False
group_6372	8	0.0065	1.0		False
group_6371	8	0.0065	1.0		False
group_6370	8	0.0065	1.0		False
group_6369	8	0.0065	0.5		False
group_6367	8	0.0065	1.0		False
group_6366	8	0.0065	1.0		False
group_6168	8	0.0065	1.0		False
group_6153	8	0.0065	1.0		False
group_6146	8	0.0065	1.0		False
group_6059	8	0.0065	1.0		False
group_6045	8	0.0065	1.0		False
group_6044	8	0.0065	1.0		False
group_6043	8	0.0065	1.0		False
group_6042	8	0.0065	1.0		False
group_6041	8	0.0065	1.0		False
group_6032	8	0.0065	1.0		False
group_6004	8	0.0065	1.0		False
group_5848	8	0.0065	1.0		False
group_5442	8	0.0065	1.0		False
group_5315	8	0.0065	1.0		False
group_4868	8	0.0065	1.0		False
group_4428	8	0.0065	1.0		False
group_4231	8	0.0065	1.0		False
group_4185	8	0.0065	1.0		False
group_4159	8	0.0065	1.0		False
group_3789	8	0.0065	1.0		False
group_3732	8	0.0065	1.0		False
group_3653	8	0.0065	1.0		False
group_3650	8	0.0065	1.0		False
group_3605	8	0.0065	0.5		False
group_3575	8	0.0065	1.0		False
group_3509	8	0.0065	1.0		False
group_3463	8	0.0065	1.0		False
group_3014	8	0.0065	1.0		False
group_2794	8	0.0065	1.0		False
group_2588	8	0.0065	1.0		False
group_2545	8	0.0065	0.75		False
group_2446	8	0.0065	1.0		False
group_2317	8	0.0065	1.0		False
group_2216	8	0.0065	1.0		False
group_2145	8	0.0065	1.0		False
group_2075	8	0.0065	1.0		False
group_1874	8	0.0065	1.0		False
group_1612	8	0.0065	1.0		False
group_1609	8	0.0065	1.0		False
group_1580	8	0.0065	1.0		False
group_1497	8	0.0065	1.0		False
comE	8	0.0065	1.0		False
group_1415	8	0.0065	1.0		False
group_1372	8	0.0065	1.0		False
group_1361	8	0.0065	1.0		False
icaD	8	0.0065	1.0		False
group_1299	8	0.0065	1.0		False
group_1121	8	0.0065	1.0		False
arsR	8	0.0065	1.0		False
arsB	8	0.0065	0.875		False
group_943	8	0.0065	1.0		False
group_814	8	0.0065	1.0		False
group_802	8	0.0065	1.0		False
group_752	8	0.0065	1.0		False
group_656	8	0.0065	1.0		False
group_649	8	0.0065	1.0		False
group_585	8	0.0065	1.0		False
group_7663	7	0.0057	1.0		False
group_7632	7	0.0057	1.0		False
group_7607	7	0.0057	1.0		False
group_7593	7	0.0057	1.0		False
group_7587	7	0.0057	1.0		False
group_7572	7	0.0057	1.0		False
group_7552	7	0.0057	0.8571		False
group_7544	7	0.0057	1.0		False
group_7533	7	0.0057	0.2857		False
group_7531	7	0.0057	0.8571		False
group_7512	7	0.0057	1.0		False
group_7501	7	0.0057	1.0		False
group_7495	7	0.0057	1.0		False
group_7472	7	0.0057	1.0		False
group_7461	7	0.0057	1.0		False
group_7441	7	0.0057	0.8571		False
group_7390	7	0.0057	1.0		False
group_7362	7	0.0057	1.0		False
group_7331	7	0.0057	1.0		False
group_7304	7	0.0057	1.0		False
group_7281	7	0.0057	1.0		False
group_7280	7	0.0057	1.0		False
group_7217	7	0.0057	1.0		False
group_7197	7	0.0057	1.0		False
group_6852	7	0.0057	1.0		False
group_6832	7	0.0057	1.0		False
group_6717	7	0.0057	1.0		False
group_6716	7	0.0057	1.0		False
group_6652	7	0.0057	1.0		False
str	7	0.0057	1.0		False
group_6634	7	0.0057	1.0		False
group_6633	7	0.0057	1.0		False
lnuA	7	0.0057	1.0		False
group_6492	7	0.0057	1.0		False
group_6225	7	0.0057	1.0		False
group_6224	7	0.0057	1.0		False
group_6155	7	0.0057	1.0		False
group_6109	7	0.0057	1.0		False
group_6107	7	0.0057	1.0		False
group_6106	7	0.0057	1.0		False
group_6105	7	0.0057	1.0		False
group_6104	7	0.0057	1.0		False
group_6103	7	0.0057	1.0		False
group_6102	7	0.0057	1.0		False
group_6101	7	0.0057	1.0		False
group_6100	7	0.0057	1.0		False
group_6099	7	0.0057	1.0		False
group_6098	7	0.0057	1.0		False
group_6063	7	0.0057	1.0		False
group_6033	7	0.0057	1.0		False
group_6014	7	0.0057	1.0		False
group_5878	7	0.0057	1.0		False
group_5817	7	0.0057	1.0		False
group_5758	7	0.0057	1.0		False
group_5701	7	0.0057	1.0		False
group_5513	7	0.0057	1.0		False
group_5452	7	0.0057	1.0		False
group_5451	7	0.0057	1.0		False
group_5437	7	0.0057	1.0		False
group_5432	7	0.0057	1.0		False
group_5419	7	0.0057	1.0		False
group_5373	7	0.0057	1.0		False
group_5194	7	0.0057	1.0		False
group_5172	7	0.0057	1.0		False
group_5171	7	0.0057	1.0		False
group_5126	7	0.0057	1.0		False
group_5073	7	0.0057	1.0		False
group_5033	7	0.0057	1.0		False
group_4994	7	0.0057	1.0		False
group_4854	7	0.0057	1.0		False
group_4615	7	0.0057	1.0		False
group_4479	7	0.0057	1.0		False
group_4471	7	0.0057	1.0		False
group_4365	7	0.0057	1.0		False
group_4326	7	0.0057	1.0		False
group_4325	7	0.0057	1.0		False
group_4234	7	0.0057	1.0		False
group_4189	7	0.0057	1.0		False
group_4177	7	0.0057	1.0		False
group_4175	7	0.0057	1.0		False
group_4168	7	0.0057	1.0		False
group_4158	7	0.0057	1.0		False
group_4141	7	0.0057	1.0		False
group_4015	7	0.0057	1.0		False
group_3982	7	0.0057	1.0		False
group_3948	7	0.0057	1.0		False
group_3837	7	0.0057	1.0		False
group_3796	7	0.0057	1.0		False
group_3784	7	0.0057	1.0		False
group_3775	7	0.0057	1.0		False
group_3767	7	0.0057	1.0		False
group_3762	7	0.0057	1.0		False
group_3748	7	0.0057	1.0		False
group_3744	7	0.0057	1.0		False
group_3704	7	0.0057	1.0		False
group_3703	7	0.0057	1.0		False
group_3702	7	0.0057	1.0		False
group_3682	7	0.0057	1.0		False
group_3681	7	0.0057	1.0		False
group_3666	7	0.0057	1.0		False
group_3662	7	0.0057	1.0		False
group_3637	7	0.0057	1.0		False
group_3636	7	0.0057	1.0		False
group_3625	7	0.0057	1.0		False
group_3612	7	0.0057	1.0		False
group_3611	7	0.0057	1.0		False
group_3600	7	0.0057	1.0		False
group_3595	7	0.0057	1.0		False
group_3582	7	0.0057	1.0		False
group_3576	7	0.0057	1.0		False
yonK	7	0.0057	1.0		False
group_3553	7	0.0057	1.0		False
group_3533	7	0.0057	1.0		False
group_3507	7	0.0057	1.0		False
group_3506	7	0.0057	1.0		False
group_3464	7	0.0057	1.0		False
group_3441	7	0.0057	1.0		False
group_3433	7	0.0057	1.0		False
group_3402	7	0.0057	1.0		False
group_3363	7	0.0057	0.8571		False
group_3353	7	0.0057	1.0		False
group_3349	7	0.0057	1.0		False
group_3304	7	0.0057	0.5714		False
group_3174	7	0.0057	1.0		False
group_3167	7	0.0057	0.8571		False
group_3091	7	0.0057	1.0		False
group_3050	7	0.0057	1.0		False
group_3030	7	0.0057	1.0		False
group_3015	7	0.0057	1.0		False
group_2987	7	0.0057	1.0		False
group_2984	7	0.0057	1.0		False
group_2983	7	0.0057	1.0		False
group_2982	7	0.0057	1.0		False
group_2965	7	0.0057	1.0		False
group_2902	7	0.0057	1.0		False
group_2899	7	0.0057	0.8571		False
group_2827	7	0.0057	1.0		False
group_2790	7	0.0057	1.0		False
group_2789	7	0.0057	1.0		False
group_2785	7	0.0057	1.0		False
group_2770	7	0.0057	1.0		False
group_2708	7	0.0057	1.0		False
group_2707	7	0.0057	1.0		False
group_2698	7	0.0057	1.0		False
group_2686	7	0.0057	1.0		False
group_2685	7	0.0057	1.0		False
group_2680	7	0.0057	1.0		False
group_2660	7	0.0057	1.0		False
group_2639	7	0.0057	1.0		False
group_2638	7	0.0057	1.0		False
group_2627	7	0.0057	1.0		False
group_2626	7	0.0057	1.0		False
group_2556	7	0.0057	1.0		False
group_2532	7	0.0057	1.0		False
group_2530	7	0.0057	1.0		False
group_2524	7	0.0057	1.0		False
group_2523	7	0.0057	1.0		False
group_2502	7	0.0057	1.0		False
group_2470	7	0.0057	1.0		False
group_2464	7	0.0057	1.0		False
group_2452	7	0.0057	0.8571		False
group_2449	7	0.0057	1.0		False
group_2448	7	0.0057	1.0		False
group_2419	7	0.0057	0.8571		False
group_2416	7	0.0057	1.0		False
group_2391	7	0.0057	1.0		False
group_2384	7	0.0057	1.0		False
group_2376	7	0.0057	1.0		False
group_2367	7	0.0057	1.0		False
group_2360	7	0.0057	1.0		False
yomM	7	0.0057	1.0		False
group_2334	7	0.0057	1.0		False
group_2304	7	0.0057	1.0		False
group_2299	7	0.0057	1.0		False
group_2295	7	0.0057	1.0		False
group_2293	7	0.0057	1.0		False
group_2275	7	0.0057	1.0		False
group_2257	7	0.0057	1.0		False
group_2255	7	0.0057	1.0		False
group_2238	7	0.0057	1.0		False
group_2236	7	0.0057	1.0		False
group_2190	7	0.0057	1.0		False
group_2189	7	0.0057	1.0		False
group_2187	7	0.0057	1.0		False
group_2185	7	0.0057	1.0		False
group_2176	7	0.0057	1.0		False
group_2138	7	0.0057	1.0		False
group_2137	7	0.0057	1.0		False
group_2090	7	0.0057	1.0		False
group_2084	7	0.0057	1.0		False
group_2076	7	0.0057	1.0		False
group_2071	7	0.0057	1.0		False
group_2056	7	0.0057	1.0		False
group_2020	7	0.0057	1.0		False
group_1981	7	0.0057	1.0		False
group_1940	7	0.0057	1.0		False
group_1915	7	0.0057	1.0		False
group_1907	7	0.0057	1.0		False
group_1877	7	0.0057	1.0		False
group_1866	7	0.0057	1.0		False
group_1859	7	0.0057	1.0		False
group_1858	7	0.0057	1.0		False
group_1847	7	0.0057	1.0		False
group_1842	7	0.0057	0.8571		False
group_1834	7	0.0057	1.0		False
group_1818	7	0.0057	1.0		False
group_1816	7	0.0057	1.0		False
group_1804	7	0.0057	1.0		False
group_1774	7	0.0057	1.0		False
group_1766	7	0.0057	1.0		False
group_1763	7	0.0057	1.0		False
group_1756	7	0.0057	1.0		False
group_1728	7	0.0057	1.0		False
group_1702	7	0.0057	1.0		False
group_1690	7	0.0057	1.0		False
group_1673	7	0.0057	1.0		False
group_1644	7	0.0057	1.0		False
group_1636	7	0.0057	1.0		False
group_1630	7	0.0057	1.0		False
group_1628	7	0.0057	1.0		False
group_1626	7	0.0057	1.0		False
group_1611	7	0.0057	1.0		False
group_1610	7	0.0057	1.0		False
group_1600	7	0.0057	1.0		False
group_1551	7	0.0057	1.0		False
group_1538	7	0.0057	1.0		False
group_1491	7	0.0057	1.0		False
nrdI	7	0.0057	1.0		False
group_1439	7	0.0057	1.0		False
group_1416	7	0.0057	1.0		False
group_1356	7	0.0057	1.0		False
group_1349	7	0.0057	1.0		False
group_1340	7	0.0057	1.0		False
group_1339	7	0.0057	1.0		False
group_1338	7	0.0057	1.0		False
group_1296	7	0.0057	1.0		False
group_1295	7	0.0057	1.0		False
group_1238	7	0.0057	1.0		False
arsD	7	0.0057	1.0		False
group_1212	7	0.0057	1.0		False
group_1169	7	0.0057	1.0		False
group_1057	7	0.0057	1.0		False
group_1056	7	0.0057	1.0		False
group_998	7	0.0057	1.0		False
group_991	7	0.0057	1.0		False
group_905	7	0.0057	1.0		False
group_831	7	0.0057	1.0		False
group_823	7	0.0057	1.0		False
group_703	7	0.0057	1.0		False
group_694	7	0.0057	1.0		False
group_692	7	0.0057	1.0		False
group_674	7	0.0057	1.0		False
group_606	7	0.0057	1.0		False
group_496	7	0.0057	1.0		False
group_431	7	0.0057	1.0		False
group_420	7	0.0057	1.0		False
group_371	7	0.0057	1.0		False
group_318	7	0.0057	1.0		False
group_256	7	0.0057	1.0		False
group_240	7	0.0057	1.0		False
group_236	7	0.0057	1.0		False
group_151	7	0.0057	1.0		False
group_126	7	0.0057	1.0		False
yozE	7	0.0057	1.0		False
group_7637	6	0.0049	1.0		False
group_7622	6	0.0049	1.0		False
group_7620	6	0.0049	1.0		False
group_7603	6	0.0049	1.0		False
group_7582	6	0.0049	1.0		False
group_7559	6	0.0049	1.0		False
group_7516	6	0.0049	1.0		False
group_7511	6	0.0049	1.0		False
group_7508	6	0.0049	1.0		False
group_7492	6	0.0049	1.0		False
group_7419	6	0.0049	1.0		False
group_7396	6	0.0049	1.0		False
lrpA	6	0.0049	0.8333		False
group_7392	6	0.0049	1.0		False
group_7373	6	0.0049	1.0		False
group_7365	6	0.0049	1.0		False
group_7364	6	0.0049	1.0		False
group_7356	6	0.0049	1.0		False
group_7353	6	0.0049	1.0		False
group_7350	6	0.0049	1.0		False
group_7347	6	0.0049	1.0		False
group_7330	6	0.0049	1.0		False
group_7310	6	0.0049	1.0		False
group_7299	6	0.0049	1.0		False
group_7288	6	0.0049	1.0		False
group_7249	6	0.0049	1.0		False
group_7218	6	0.0049	1.0		False
group_7216	6	0.0049	1.0		False
group_7215	6	0.0049	1.0		False
group_7192	6	0.0049	1.0		False
group_7173	6	0.0049	1.0		False
group_7056	6	0.0049	1.0		False
group_6834	6	0.0049	1.0		False
group_6833	6	0.0049	1.0		False
group_6831	6	0.0049	1.0		False
group_6829	6	0.0049	1.0		False
group_6772	6	0.0049	1.0		False
group_6654	6	0.0049	1.0		False
group_6653	6	0.0049	1.0		False
group_6590	6	0.0049	1.0		False
group_6491	6	0.0049	1.0		False
group_6490	6	0.0049	1.0		False
group_6489	6	0.0049	1.0		False
group_6488	6	0.0049	1.0		False
group_6487	6	0.0049	1.0		False
group_6486	6	0.0049	1.0		False
group_6485	6	0.0049	1.0		False
group_6484	6	0.0049	1.0		False
group_6482	6	0.0049	1.0		False
group_6481	6	0.0049	1.0		False
group_6480	6	0.0049	1.0		False
group_6479	6	0.0049	1.0		False
group_6478	6	0.0049	1.0		False
group_6477	6	0.0049	1.0		False
group_6475	6	0.0049	1.0		False
group_6474	6	0.0049	1.0		False
group_6473	6	0.0049	1.0		False
group_6472	6	0.0049	1.0		False
group_6471	6	0.0049	1.0		False
group_6470	6	0.0049	1.0		False
group_6469	6	0.0049	1.0		False
group_6467	6	0.0049	1.0		False
group_6466	6	0.0049	1.0		False
group_6463	6	0.0049	1.0		False
group_6462	6	0.0049	1.0		False
group_6461	6	0.0049	1.0		False
group_6460	6	0.0049	1.0		False
group_6226	6	0.0049	1.0		False
group_6195	6	0.0049	1.0		False
group_6152	6	0.0049	1.0		False
group_6037	6	0.0049	1.0		False
group_6036	6	0.0049	1.0		False
group_6035	6	0.0049	0.6667		False
group_6034	6	0.0049	1.0		False
group_6031	6	0.0049	1.0		False
group_5656	6	0.0049	0.6667		False
group_5558	6	0.0049	1.0		False
group_5316	6	0.0049	1.0		False
group_4623	6	0.0049	1.0		False
group_4553	6	0.0049	1.0		False
group_4449	6	0.0049	0.8333		False
group_4039	6	0.0049	1.0		False
group_3964	6	0.0049	1.0		False
group_3957	6	0.0049	1.0		False
group_3779	6	0.0049	1.0		False
group_3758	6	0.0049	1.0		False
group_3741	6	0.0049	1.0		False
group_3719	6	0.0049	1.0		False
group_3589	6	0.0049	1.0		False
group_3578	6	0.0049	1.0		False
group_3521	6	0.0049	1.0		False
group_3483	6	0.0049	1.0		False
group_3333	6	0.0049	1.0		False
group_3154	6	0.0049	1.0		False
group_3054	6	0.0049	1.0		False
ilvB1	6	0.0049	1.0		False
group_2976	6	0.0049	1.0		False
group_2861	6	0.0049	1.0		False
group_2850	6	0.0049	1.0		False
group_2760	6	0.0049	0.1667		False
group_2676	6	0.0049	0.8333		False
group_2657	6	0.0049	1.0		False
group_2592	6	0.0049	1.0		False
group_2577	6	0.0049	1.0		False
group_2567	6	0.0049	1.0		False
group_2485	6	0.0049	1.0		False
group_2421	6	0.0049	1.0		False
group_2415	6	0.0049	1.0		False
group_2356	6	0.0049	1.0		False
group_2330	6	0.0049	1.0		False
group_2309	6	0.0049	1.0		False
group_2294	6	0.0049	1.0		False
group_2103	6	0.0049	1.0		False
group_2077	6	0.0049	1.0		False
group_2074	6	0.0049	1.0		False
group_1983	6	0.0049	1.0		False
group_1964	6	0.0049	1.0		False
group_1901	6	0.0049	1.0		False
group_1892	6	0.0049	1.0		False
group_1852	6	0.0049	1.0		False
group_1848	6	0.0049	1.0		False
group_1815	6	0.0049	1.0		False
group_1810	6	0.0049	1.0		False
group_1791	6	0.0049	1.0		False
group_1670	6	0.0049	1.0		False
ermA	6	0.0049	1.0		False
group_1564	6	0.0049	1.0		False
group_1507	6	0.0049	1.0		False
group_1477	6	0.0049	1.0		False
group_1412	6	0.0049	1.0		False
group_1114	6	0.0049	1.0		False
group_1073	6	0.0049	1.0		False
group_1051	6	0.0049	1.0		False
trsG	6	0.0049	1.0		False
group_1041	6	0.0049	1.0		False
group_1015	6	0.0049	1.0		False
group_993	6	0.0049	1.0		False
group_992	6	0.0049	1.0		False
group_944	6	0.0049	0.8333		False
group_888	6	0.0049	1.0		False
group_879	6	0.0049	1.0		False
group_807	6	0.0049	1.0		False
group_781	6	0.0049	1.0		False
group_629	6	0.0049	1.0		False
group_607	6	0.0049	1.0		False
group_597	6	0.0049	1.0		False
group_564	6	0.0049	1.0		False
dfrE	6	0.0049	1.0		False
group_241	6	0.0049	1.0		False
group_7633	5	0.0041	1.0		False
group_7630	5	0.0041	1.0		False
group_7615	5	0.0041	1.0		False
group_7605	5	0.0041	1.0		False
group_7602	5	0.0041	1.0		False
group_7595	5	0.0041	1.0		False
group_7573	5	0.0041	1.0		False
group_7549	5	0.0041	1.0		False
group_7538	5	0.0041	0.8		False
group_7518	5	0.0041	1.0		False
group_7482	5	0.0041	1.0		False
group_7463	5	0.0041	1.0		False
group_7429	5	0.0041	1.0		False
group_7416	5	0.0041	0.8		False
group_7397	5	0.0041	1.0		False
group_7361	5	0.0041	1.0		False
group_7354	5	0.0041	1.0		False
group_7346	5	0.0041	1.0		False
group_7339	5	0.0041	1.0		False
group_7329	5	0.0041	1.0		False
group_7278	5	0.0041	1.0		False
group_7202	5	0.0041	1.0		False
group_7193	5	0.0041	1.0		False
group_7183	5	0.0041	1.0		False
group_7174	5	0.0041	1.0		False
group_7118	5	0.0041	1.0		False
group_7116	5	0.0041	1.0		False
group_7057	5	0.0041	1.0		False
group_7012	5	0.0041	1.0		False
group_6919	5	0.0041	1.0		False
group_6781	5	0.0041	1.0		False
group_6780	5	0.0041	1.0		False
group_6746	5	0.0041	1.0		False
group_6740	5	0.0041	1.0		False
group_6739	5	0.0041	0.4		False
group_6738	5	0.0041	1.0		False
group_6736	5	0.0041	0.8		False
group_6735	5	0.0041	1.0		False
group_6734	5	0.0041	1.0		False
group_6733	5	0.0041	1.0		False
group_6732	5	0.0041	1.0		False
group_6731	5	0.0041	1.0		False
group_6730	5	0.0041	1.0		False
group_6729	5	0.0041	0.2		False
group_6728	5	0.0041	1.0		False
group_6727	5	0.0041	0.8		False
group_6726	5	0.0041	1.0		False
group_6725	5	0.0041	1.0		False
group_6724	5	0.0041	1.0		False
group_6667	5	0.0041	1.0		False
group_6648	5	0.0041	1.0		False
group_6618	5	0.0041	1.0		False
group_6578	5	0.0041	1.0		False
group_6577	5	0.0041	1.0		False
group_6576	5	0.0041	1.0		False
group_6575	5	0.0041	1.0		False
group_6573	5	0.0041	1.0		False
group_6572	5	0.0041	1.0		False
group_6571	5	0.0041	1.0		False
group_6569	5	0.0041	1.0		False
group_6568	5	0.0041	1.0		False
detI	5	0.0041	1.0		False
detM	5	0.0041	1.0		False
group_6566	5	0.0041	1.0		False
group_6565	5	0.0041	1.0		False
group_6564	5	0.0041	1.0		False
group_6563	5	0.0041	1.0		False
group_6562	5	0.0041	1.0		False
detS	5	0.0041	1.0		False
group_6561	5	0.0041	1.0		False
group_6560	5	0.0041	1.0		False
group_6559	5	0.0041	1.0		False
group_6476	5	0.0041	1.0		False
group_6457	5	0.0041	1.0		False
catA	5	0.0041	1.0		False
group_6189	5	0.0041	1.0		False
group_6170	5	0.0041	1.0		False
group_6150	5	0.0041	1.0		False
group_6149	5	0.0041	1.0		False
group_6148	5	0.0041	1.0		False
group_6147	5	0.0041	1.0		False
group_6094	5	0.0041	1.0		False
group_6056	5	0.0041	1.0		False
group_5851	5	0.0041	1.0		False
group_5849	5	0.0041	1.0		False
group_5591	5	0.0041	1.0		False
group_5590	5	0.0041	1.0		False
group_5434	5	0.0041	1.0		False
group_5065	5	0.0041	1.0		False
group_4606	5	0.0041	1.0		False
group_4489	5	0.0041	1.0		False
group_4476	5	0.0041	1.0		False
group_4442	5	0.0041	0.8		False
group_4064	5	0.0041	1.0		False
group_4014	5	0.0041	1.0		False
group_3934	5	0.0041	1.0		False
group_3832	5	0.0041	1.0		False
group_3783	5	0.0041	1.0		False
group_3768	5	0.0041	1.0		False
group_3742	5	0.0041	0.8		False
group_3735	5	0.0041	1.0		False
group_3730	5	0.0041	1.0		False
group_3599	5	0.0041	1.0		False
group_3400	5	0.0041	1.0		False
hisF	5	0.0041	1.0		False
icaA	5	0.0041	0.6		False
group_2932	5	0.0041	1.0		False
ydeO	5	0.0041	1.0		False
group_2694	5	0.0041	1.0		False
group_2644	5	0.0041	1.0		False
group_2606	5	0.0041	1.0		False
group_2543	5	0.0041	1.0		False
group_2512	5	0.0041	1.0		False
group_2511	5	0.0041	1.0		False
group_2263	5	0.0041	1.0		False
group_2233	5	0.0041	1.0		False
group_2158	5	0.0041	1.0		False
group_2059	5	0.0041	1.0		False
group_1867	5	0.0041	1.0		False
group_1813	5	0.0041	1.0		False
group_1801	5	0.0041	1.0		False
group_1794	5	0.0041	1.0		False
group_1792	5	0.0041	1.0		False
group_1686	5	0.0041	1.0		False
aac6Ie	5	0.0041	1.0		False
psiE	5	0.0041	1.0		False
group_1572	5	0.0041	1.0		False
group_1548	5	0.0041	1.0		False
group_1528	5	0.0041	1.0		False
group_1471	5	0.0041	1.0		False
prsA	5	0.0041	1.0		False
group_1358	5	0.0041	1.0		False
group_1345	5	0.0041	1.0		False
group_1280	5	0.0041	1.0		False
group_1276	5	0.0041	1.0		False
group_1244	5	0.0041	1.0		False
group_1239	5	0.0041	1.0		False
group_1102	5	0.0041	1.0		False
group_881	5	0.0041	1.0		False
group_864	5	0.0041	1.0		False
group_714	5	0.0041	1.0		False
group_697	5	0.0041	1.0		False
group_624	5	0.0041	1.0		False
group_594	5	0.0041	1.0		False
group_463	5	0.0041	1.0		False
group_265	5	0.0041	1.0		False
group_60	5	0.0041	1.0		False
group_25	5	0.0041	0.8		False
group_7659	4	0.0032	1.0		False
group_7654	4	0.0032	1.0		False
group_7650	4	0.0032	1.0		False
group_7648	4	0.0032	0.75		False
group_7634	4	0.0032	1.0		False
group_7614	4	0.0032	1.0		False
group_7613	4	0.0032	1.0		False
group_7610	4	0.0032	1.0		False
group_7585	4	0.0032	1.0		False
group_7577	4	0.0032	1.0		False
group_7570	4	0.0032	1.0		False
group_7567	4	0.0032	0.75		False
group_7540	4	0.0032	1.0		False
group_7539	4	0.0032	1.0		False
group_7509	4	0.0032	1.0		False
group_7496	4	0.0032	1.0		False
group_7483	4	0.0032	1.0		False
group_7474	4	0.0032	1.0		False
group_7473	4	0.0032	0.75		False
group_7443	4	0.0032	0.75		False
group_7418	4	0.0032	1.0		False
group_7400	4	0.0032	1.0		False
group_7380	4	0.0032	1.0		False
group_7370	4	0.0032	1.0		False
group_7358	4	0.0032	1.0		False
group_7340	4	0.0032	1.0		False
group_7337	4	0.0032	1.0		False
group_7328	4	0.0032	1.0		False
group_7327	4	0.0032	1.0		False
group_7326	4	0.0032	1.0		False
group_7305	4	0.0032	1.0		False
group_7255	4	0.0032	1.0		False
group_7239	4	0.0032	1.0		False
group_7231	4	0.0032	1.0		False
group_7227	4	0.0032	1.0		False
group_7214	4	0.0032	1.0		False
group_7213	4	0.0032	1.0		False
group_7203	4	0.0032	1.0		False
group_7201	4	0.0032	1.0		False
group_7126	4	0.0032	1.0		False
group_7079	4	0.0032	1.0		False
group_7055	4	0.0032	1.0		False
group_7017	4	0.0032	1.0		False
group_7003	4	0.0032	1.0		False
group_6974	4	0.0032	1.0		False
group_6924	4	0.0032	1.0		False
group_6923	4	0.0032	1.0		False
group_6823	4	0.0032	1.0		False
group_6822	4	0.0032	1.0		False
group_6814	4	0.0032	1.0		False
group_6764	4	0.0032	1.0		False
group_6754	4	0.0032	1.0		False
group_6753	4	0.0032	1.0		False
group_6752	4	0.0032	1.0		False
group_6751	4	0.0032	1.0		False
group_6750	4	0.0032	1.0		False
group_6749	4	0.0032	1.0		False
group_6748	4	0.0032	1.0		False
group_6747	4	0.0032	1.0		False
group_6737	4	0.0032	1.0		False
group_6687	4	0.0032	1.0		False
group_6670	4	0.0032	1.0		False
group_6661	4	0.0032	1.0		False
group_6660	4	0.0032	1.0		False
group_6647	4	0.0032	1.0		False
group_6630	4	0.0032	1.0		False
group_6558	4	0.0032	1.0		False
group_6557	4	0.0032	1.0		False
group_6556	4	0.0032	1.0		False
group_6555	4	0.0032	1.0		False
group_6554	4	0.0032	1.0		False
group_6553	4	0.0032	1.0		False
group_6552	4	0.0032	1.0		False
group_6551	4	0.0032	1.0		False
group_6550	4	0.0032	1.0		False
group_6549	4	0.0032	1.0		False
group_6548	4	0.0032	1.0		False
group_6547	4	0.0032	1.0		False
group_6546	4	0.0032	1.0		False
group_6545	4	0.0032	1.0		False
group_6529	4	0.0032	1.0		False
group_6504	4	0.0032	1.0		False
group_6483	4	0.0032	1.0		False
group_6468	4	0.0032	1.0		False
group_6452	4	0.0032	1.0		False
group_6447	4	0.0032	1.0		False
group_6439	4	0.0032	1.0		False
group_6432	4	0.0032	1.0		False
group_6431	4	0.0032	1.0		False
drrB	4	0.0032	1.0		False
qacG	4	0.0032	1.0		False
group_6353	4	0.0032	1.0		False
group_6190	4	0.0032	1.0		False
group_6159	4	0.0032	1.0		False
group_6154	4	0.0032	1.0		False
parA	4	0.0032	1.0		False
group_6137	4	0.0032	1.0		False
group_6112	4	0.0032	1.0		False
group_6095	4	0.0032	1.0		False
group_6093	4	0.0032	1.0		False
group_6058	4	0.0032	1.0		False
group_6057	4	0.0032	1.0		False
group_6049	4	0.0032	1.0		False
group_6048	4	0.0032	1.0		False
group_6021	4	0.0032	1.0		False
group_6017	4	0.0032	1.0		False
group_5983	4	0.0032	1.0		False
group_5981	4	0.0032	1.0		False
group_5980	4	0.0032	1.0		False
group_5979	4	0.0032	1.0		False
group_5978	4	0.0032	1.0		False
group_5974	4	0.0032	1.0		False
group_5973	4	0.0032	1.0		False
group_5972	4	0.0032	1.0		False
group_5971	4	0.0032	1.0		False
group_5969	4	0.0032	1.0		False
group_5968	4	0.0032	1.0		False
group_5966	4	0.0032	1.0		False
group_5965	4	0.0032	1.0		False
group_5964	4	0.0032	1.0		False
group_5962	4	0.0032	1.0		False
group_5961	4	0.0032	1.0		False
group_5960	4	0.0032	1.0		False
group_5959	4	0.0032	1.0		False
group_5958	4	0.0032	1.0		False
group_5957	4	0.0032	0.75		False
group_5955	4	0.0032	1.0		False
group_5954	4	0.0032	1.0		False
group_5953	4	0.0032	1.0		False
group_5952	4	0.0032	1.0		False
group_5951	4	0.0032	1.0		False
group_5950	4	0.0032	1.0		False
group_5949	4	0.0032	1.0		False
group_5948	4	0.0032	1.0		False
group_5947	4	0.0032	1.0		False
group_5946	4	0.0032	1.0		False
group_5944	4	0.0032	1.0		False
group_5943	4	0.0032	1.0		False
group_5857	4	0.0032	1.0		False
group_5850	4	0.0032	1.0		False
group_5713	4	0.0032	1.0		False
group_5445	4	0.0032	1.0		False
group_5179	4	0.0032	1.0		False
group_5150	4	0.0032	1.0		False
group_5054	4	0.0032	1.0		False
group_4968	4	0.0032	1.0		False
group_4657	4	0.0032	1.0		False
group_4610	4	0.0032	1.0		False
group_4592	4	0.0032	1.0		False
group_4446	4	0.0032	1.0		False
group_4433	4	0.0032	1.0		False
group_4360	4	0.0032	1.0		False
group_4295	4	0.0032	1.0		False
group_4191	4	0.0032	1.0		False
group_4176	4	0.0032	1.0		False
group_4138	4	0.0032	1.0		False
group_4113	4	0.0032	1.0		False
yoaZ	4	0.0032	1.0		False
group_3956	4	0.0032	1.0		False
group_3925	4	0.0032	1.0		False
group_3898	4	0.0032	1.0		False
group_3806	4	0.0032	1.0		False
group_3786	4	0.0032	0.75		False
group_3739	4	0.0032	1.0		False
group_3698	4	0.0032	1.0		False
group_3659	4	0.0032	1.0		False
group_3619	4	0.0032	1.0		False
group_3608	4	0.0032	1.0		False
group_3424	4	0.0032	1.0		False
group_3421	4	0.0032	1.0		False
group_3356	4	0.0032	1.0		False
group_3296	4	0.0032	1.0		False
group_3272	4	0.0032	1.0		False
group_3262	4	0.0032	1.0		False
group_3194	4	0.0032	0.75		False
group_3145	4	0.0032	1.0		False
group_3094	4	0.0032	1.0		False
group_3020	4	0.0032	1.0		False
group_2880	4	0.0032	1.0		False
tirS	4	0.0032	1.0		False
group_2804	4	0.0032	1.0		False
group_2779	4	0.0032	1.0		False
group_2710	4	0.0032	1.0		False
group_2709	4	0.0032	1.0		False
group_2691	4	0.0032	1.0		False
yafY	4	0.0032	1.0		False
group_2653	4	0.0032	1.0		False
group_2646	4	0.0032	1.0		False
group_2645	4	0.0032	1.0		False
group_2600	4	0.0032	1.0		False
group_2597	4	0.0032	1.0		False
group_2560	4	0.0032	1.0		False
group_2507	4	0.0032	1.0		False
group_2459	4	0.0032	1.0		False
group_2412	4	0.0032	1.0		False
group_2379	4	0.0032	1.0		False
group_2372	4	0.0032	1.0		False
group_2311	4	0.0032	1.0		False
padR	4	0.0032	1.0		False
group_2281	4	0.0032	1.0		False
group_2273	4	0.0032	1.0		False
group_2211	4	0.0032	1.0		False
group_2160	4	0.0032	1.0		False
group_2141	4	0.0032	1.0		False
group_2116	4	0.0032	1.0		False
group_2098	4	0.0032	1.0		False
group_2005	4	0.0032	1.0		False
group_1908	4	0.0032	1.0		False
group_1904	4	0.0032	1.0		False
group_1902	4	0.0032	1.0		False
group_1899	4	0.0032	1.0		False
group_1896	4	0.0032	1.0		False
group_1870	4	0.0032	1.0		False
group_1864	4	0.0032	1.0		False
group_1829	4	0.0032	1.0		False
group_1820	4	0.0032	1.0		False
group_1805	4	0.0032	1.0		False
group_1770	4	0.0032	1.0		False
group_1734	4	0.0032	1.0		False
group_1703	4	0.0032	1.0		False
group_1676	4	0.0032	1.0		False
group_1655	4	0.0032	1.0		False
group_1647	4	0.0032	1.0		False
group_1625	4	0.0032	1.0		False
group_1619	4	0.0032	1.0		False
group_1606	4	0.0032	1.0		False
group_1604	4	0.0032	1.0		False
group_1603	4	0.0032	1.0		False
group_1591	4	0.0032	1.0		False
group_1588	4	0.0032	1.0		False
group_1567	4	0.0032	1.0		False
group_1544	4	0.0032	1.0		False
group_1520	4	0.0032	1.0		False
group_1479	4	0.0032	1.0		False
group_1459	4	0.0032	1.0		False
group_1449	4	0.0032	1.0		False
group_1433	4	0.0032	1.0		False
group_1400	4	0.0032	1.0		False
group_1360	4	0.0032	1.0		False
group_1342	4	0.0032	1.0		False
group_1251	4	0.0032	1.0		False
group_1220	4	0.0032	1.0		False
group_1167	4	0.0032	1.0		False
group_1137	4	0.0032	1.0		False
group_1124	4	0.0032	1.0		False
group_1099	4	0.0032	0.75		False
group_1005	4	0.0032	1.0		False
group_974	4	0.0032	1.0		False
group_940	4	0.0032	1.0		False
group_830	4	0.0032	1.0		False
group_827	4	0.0032	1.0		False
group_777	4	0.0032	1.0		False
group_764	4	0.0032	1.0		False
group_733	4	0.0032	1.0		False
group_705	4	0.0032	1.0		False
group_641	4	0.0032	1.0		False
group_623	4	0.0032	1.0		False
group_509	4	0.0032	1.0		False
group_488	4	0.0032	1.0		False
group_460	4	0.0032	0.75		False
group_392	4	0.0032	0.75		False
group_103	4	0.0032	1.0		False
group_21	4	0.0032	1.0		False
group_7668	3	0.0024	0.6667		False
group_7661	3	0.0024	1.0		False
group_7660	3	0.0024	1.0		False
group_7641	3	0.0024	1.0		False
group_7619	3	0.0024	1.0		False
group_7598	3	0.0024	1.0		False
group_7591	3	0.0024	1.0		False
group_7581	3	0.0024	1.0		False
group_7569	3	0.0024	1.0		False
group_7560	3	0.0024	1.0		False
group_7525	3	0.0024	1.0		False
group_7521	3	0.0024	1.0		False
group_7519	3	0.0024	1.0		False
group_7517	3	0.0024	1.0		False
group_7514	3	0.0024	1.0		False
group_7513	3	0.0024	0.6667		False
group_7503	3	0.0024	1.0		False
group_7498	3	0.0024	1.0		False
group_7494	3	0.0024	1.0		False
group_7480	3	0.0024	1.0		False
group_7478	3	0.0024	0.6667		False
group_7475	3	0.0024	1.0		False
group_7469	3	0.0024	1.0		False
group_7467	3	0.0024	0.6667		False
group_7466	3	0.0024	1.0		False
group_7447	3	0.0024	1.0		False
group_7446	3	0.0024	1.0		False
group_7440	3	0.0024	0.6667		False
group_7431	3	0.0024	0.6667		False
zitB	3	0.0024	1.0		False
group_7403	3	0.0024	1.0		False
group_7385	3	0.0024	1.0		False
group_7375	3	0.0024	1.0		False
group_7372	3	0.0024	1.0		False
group_7343	3	0.0024	1.0		False
group_7342	3	0.0024	1.0		False
group_7338	3	0.0024	1.0		False
group_7336	3	0.0024	1.0		False
group_7335	3	0.0024	1.0		False
group_7325	3	0.0024	1.0		False
group_7324	3	0.0024	1.0		False
group_7323	3	0.0024	1.0		False
group_7322	3	0.0024	1.0		False
group_7321	3	0.0024	1.0		False
group_7320	3	0.0024	1.0		False
group_7319	3	0.0024	1.0		False
group_7318	3	0.0024	1.0		False
group_7317	3	0.0024	1.0		False
group_7316	3	0.0024	1.0		False
group_7309	3	0.0024	1.0		False
group_7308	3	0.0024	1.0		False
group_7300	3	0.0024	1.0		False
group_7297	3	0.0024	1.0		False
group_7296	3	0.0024	1.0		False
group_7292	3	0.0024	1.0		False
group_7291	3	0.0024	1.0		False
group_7289	3	0.0024	1.0		False
group_7287	3	0.0024	1.0		False
group_7283	3	0.0024	1.0		False
group_7279	3	0.0024	1.0		False
group_7277	3	0.0024	1.0		False
group_7253	3	0.0024	1.0		False
group_7242	3	0.0024	1.0		False
group_7241	3	0.0024	1.0		False
group_7238	3	0.0024	1.0		False
group_7230	3	0.0024	1.0		False
group_7220	3	0.0024	1.0		False
group_7212	3	0.0024	1.0		False
group_7191	3	0.0024	1.0		False
group_7184	3	0.0024	1.0		False
group_7165	3	0.0024	1.0		False
group_7164	3	0.0024	1.0		False
group_7154	3	0.0024	1.0		False
group_7149	3	0.0024	1.0		False
group_7128	3	0.0024	1.0		False
group_7127	3	0.0024	1.0		False
group_7103	3	0.0024	1.0		False
group_7077	3	0.0024	1.0		False
group_7076	3	0.0024	1.0		False
group_7028	3	0.0024	1.0		False
group_7015	3	0.0024	1.0		False
group_6984	3	0.0024	1.0		False
group_6978	3	0.0024	1.0		False
group_6973	3	0.0024	1.0		False
group_6918	3	0.0024	1.0		False
group_6916	3	0.0024	1.0		False
group_6862	3	0.0024	1.0		False
group_6861	3	0.0024	1.0		False
group_6830	3	0.0024	1.0		False
group_6807	3	0.0024	1.0		False
group_6770	3	0.0024	1.0		False
group_6755	3	0.0024	1.0		False
group_6696	3	0.0024	1.0		False
group_6695	3	0.0024	1.0		False
group_6694	3	0.0024	1.0		False
group_6683	3	0.0024	1.0		False
group_6673	3	0.0024	1.0		False
group_6671	3	0.0024	1.0		False
group_6666	3	0.0024	1.0		False
group_6642	3	0.0024	1.0		False
hlyD	3	0.0024	1.0		False
group_6589	3	0.0024	1.0		False
group_6588	3	0.0024	1.0		False
group_6586	3	0.0024	1.0		False
group_6585	3	0.0024	1.0		False
group_6584	3	0.0024	1.0		False
group_6583	3	0.0024	1.0		False
group_6582	3	0.0024	1.0		False
sel30	3	0.0024	1.0		False
group_6581	3	0.0024	1.0		False
group_6580	3	0.0024	1.0		False
group_6570	3	0.0024	1.0		False
group_6567	3	0.0024	1.0		False
group_6537	3	0.0024	1.0		False
group_6531	3	0.0024	1.0		False
group_6530	3	0.0024	1.0		False
ytbD	3	0.0024	1.0		False
group_6520	3	0.0024	1.0		False
group_6498	3	0.0024	1.0		False
group_6497	3	0.0024	1.0		False
group_6496	3	0.0024	1.0		False
group_6495	3	0.0024	1.0		False
group_6494	3	0.0024	1.0		False
group_6493	3	0.0024	1.0		False
group_6448	3	0.0024	1.0		False
group_6444	3	0.0024	1.0		False
group_6430	3	0.0024	1.0		False
group_6429	3	0.0024	1.0		False
group_6384	3	0.0024	1.0		False
group_6211	3	0.0024	1.0		False
group_6192	3	0.0024	1.0		False
group_6191	3	0.0024	1.0		False
group_6169	3	0.0024	1.0		False
group_6164	3	0.0024	1.0		False
group_6162	3	0.0024	1.0		False
group_6151	3	0.0024	1.0		False
group_6143	3	0.0024	1.0		False
fosY~~~fosD	3	0.0024	1.0		False
group_6054	3	0.0024	1.0		False
group_6053	3	0.0024	1.0		False
group_6052	3	0.0024	1.0		False
group_6051	3	0.0024	1.0		False
group_6050	3	0.0024	1.0		False
group_6047	3	0.0024	1.0		False
group_6046	3	0.0024	1.0		False
narB	3	0.0024	1.0		False
narA	3	0.0024	1.0		False
group_6038	3	0.0024	1.0		False
group_6025	3	0.0024	1.0		False
group_6024	3	0.0024	1.0		False
vgaA	3	0.0024	1.0		False
group_6009	3	0.0024	1.0		False
group_6008	3	0.0024	1.0		False
group_5984	3	0.0024	1.0		False
group_5963	3	0.0024	1.0		False
group_5910	3	0.0024	1.0		False
group_5774	3	0.0024	1.0		False
group_5654	3	0.0024	0.3333		False
group_5438	3	0.0024	1.0		False
group_5421	3	0.0024	1.0		False
group_5381	3	0.0024	1.0		False
group_5166	3	0.0024	1.0		False
group_4861	3	0.0024	1.0		False
group_4670	3	0.0024	1.0		False
group_4587	3	0.0024	1.0		False
group_4179	3	0.0024	1.0		False
group_4115	3	0.0024	1.0		False
group_4096	3	0.0024	1.0		False
group_3968	3	0.0024	1.0		False
group_3943	3	0.0024	1.0		False
group_3887	3	0.0024	1.0		False
group_3878	3	0.0024	1.0		False
group_3855	3	0.0024	1.0		False
group_3813	3	0.0024	0.6667		False
group_3729	3	0.0024	1.0		False
group_3683	3	0.0024	1.0		False
group_3664	3	0.0024	1.0		False
group_3529	3	0.0024	1.0		False
group_3368	3	0.0024	1.0		False
group_3359	3	0.0024	1.0		False
group_3318	3	0.0024	1.0		False
group_3310	3	0.0024	1.0		False
group_3308	3	0.0024	0.6667		False
group_3255	3	0.0024	1.0		False
group_3249	3	0.0024	1.0		False
group_3247	3	0.0024	1.0		False
group_3016	3	0.0024	1.0		False
group_2963	3	0.0024	1.0		False
group_2892	3	0.0024	1.0		False
group_2863	3	0.0024	1.0		False
group_2845	3	0.0024	1.0		False
group_2840	3	0.0024	1.0		False
group_2830	3	0.0024	1.0		False
group_2805	3	0.0024	1.0		False
group_2767	3	0.0024	1.0		False
group_2766	3	0.0024	1.0		False
group_2763	3	0.0024	1.0		False
group_2727	3	0.0024	1.0		False
group_2717	3	0.0024	0.6667		False
group_2675	3	0.0024	1.0		False
group_2662	3	0.0024	1.0		False
group_2649	3	0.0024	1.0		False
group_2647	3	0.0024	1.0		False
group_2620	3	0.0024	0.6667		False
group_2619	3	0.0024	0.6667		False
group_2617	3	0.0024	1.0		False
group_2594	3	0.0024	1.0		False
group_2570	3	0.0024	1.0		False
group_2566	3	0.0024	1.0		False
group_2551	3	0.0024	1.0		False
group_2481	3	0.0024	1.0		False
group_2424	3	0.0024	0.6667		False
group_2423	3	0.0024	1.0		False
yfmJ	3	0.0024	1.0		False
group_2329	3	0.0024	1.0		False
group_2245	3	0.0024	1.0		False
group_2170	3	0.0024	1.0		False
group_2055	3	0.0024	1.0		False
group_2040	3	0.0024	1.0		False
group_1944	3	0.0024	1.0		False
group_1919	3	0.0024	1.0		False
group_1891	3	0.0024	1.0		False
group_1833	3	0.0024	1.0		False
group_1830	3	0.0024	1.0		False
group_1827	3	0.0024	1.0		False
group_1826	3	0.0024	1.0		False
group_1809	3	0.0024	1.0		False
group_1806	3	0.0024	1.0		False
group_1799	3	0.0024	1.0		False
group_1786	3	0.0024	1.0		False
group_1779	3	0.0024	1.0		False
group_1778	3	0.0024	1.0		False
group_1769	3	0.0024	1.0		False
group_1733	3	0.0024	1.0		False
group_1730	3	0.0024	1.0		False
group_1707	3	0.0024	1.0		False
group_1701	3	0.0024	1.0		False
group_1698	3	0.0024	1.0		False
group_1697	3	0.0024	1.0		False
group_1696	3	0.0024	1.0		False
group_1694	3	0.0024	1.0		False
group_1681	3	0.0024	1.0		False
group_1680	3	0.0024	1.0		False
group_1677	3	0.0024	1.0		False
group_1667	3	0.0024	1.0		False
group_1664	3	0.0024	1.0		False
group_1662	3	0.0024	1.0		False
group_1651	3	0.0024	1.0		False
group_1598	3	0.0024	1.0		False
group_1537	3	0.0024	1.0		False
group_1533	3	0.0024	1.0		False
group_1522	3	0.0024	1.0		False
group_1518	3	0.0024	1.0		False
group_1509	3	0.0024	1.0		False
group_1480	3	0.0024	1.0		False
group_1475	3	0.0024	1.0		False
group_1469	3	0.0024	1.0		False
group_1452	3	0.0024	1.0		False
group_1437	3	0.0024	1.0		False
group_1436	3	0.0024	1.0		False
group_1435	3	0.0024	1.0		False
group_1434	3	0.0024	1.0		False
group_1431	3	0.0024	1.0		False
group_1430	3	0.0024	1.0		False
group_1429	3	0.0024	1.0		False
group_1428	3	0.0024	1.0		False
group_1427	3	0.0024	1.0		False
group_1425	3	0.0024	1.0		False
group_1424	3	0.0024	1.0		False
group_1423	3	0.0024	1.0		False
hptR	3	0.0024	1.0		False
group_1395	3	0.0024	1.0		False
group_1391	3	0.0024	1.0		False
group_1389	3	0.0024	1.0		False
group_1388	3	0.0024	1.0		False
group_1387	3	0.0024	1.0		False
group_1386	3	0.0024	1.0		False
group_1385	3	0.0024	1.0		False
group_1384	3	0.0024	1.0		False
group_1383	3	0.0024	1.0		False
group_1336	3	0.0024	1.0		False
group_1272	3	0.0024	1.0		False
group_1252	3	0.0024	1.0		False
group_1249	3	0.0024	1.0		False
group_1248	3	0.0024	1.0		False
group_1222	3	0.0024	1.0		False
group_1214	3	0.0024	1.0		False
group_1200	3	0.0024	1.0		False
group_1194	3	0.0024	1.0		False
group_1173	3	0.0024	1.0		False
group_1068	3	0.0024	1.0		False
group_1059	3	0.0024	0.6667		False
group_1054	3	0.0024	1.0		False
group_1053	3	0.0024	1.0		False
group_1009	3	0.0024	1.0		False
group_960	3	0.0024	1.0		False
group_871	3	0.0024	1.0		False
group_857	3	0.0024	1.0		False
group_855	3	0.0024	1.0		False
group_818	3	0.0024	1.0		False
group_797	3	0.0024	1.0		False
group_613	3	0.0024	1.0		False
group_582	3	0.0024	1.0		False
group_534	3	0.0024	1.0		False
group_434	3	0.0024	1.0		False
group_407	3	0.0024	1.0		False
group_365	3	0.0024	1.0		False
group_337	3	0.0024	1.0		False
group_300	3	0.0024	0.6667		False
group_204	3	0.0024	1.0		False
group_7667	2	0.0016	0.5		False
group_7657	2	0.0016	1.0		False
group_7656	2	0.0016	1.0		False
group_7604	2	0.0016	1.0		False
group_7597	2	0.0016	1.0		False
group_7596	2	0.0016	1.0		False
group_7576	2	0.0016	0.5		False
group_7565	2	0.0016	1.0		False
group_7561	2	0.0016	1.0		False
group_7555	2	0.0016	1.0		False
group_7551	2	0.0016	1.0		False
group_7546	2	0.0016	1.0		False
group_7528	2	0.0016	1.0		False
group_7524	2	0.0016	1.0		False
group_7520	2	0.0016	1.0		False
group_7507	2	0.0016	1.0		False
group_7500	2	0.0016	1.0		False
group_7499	2	0.0016	1.0		False
group_7488	2	0.0016	1.0		False
group_7481	2	0.0016	1.0		False
group_7471	2	0.0016	1.0		False
group_7470	2	0.0016	1.0		False
group_7457	2	0.0016	0.5		False
group_7455	2	0.0016	1.0		False
group_7430	2	0.0016	1.0		False
group_7417	2	0.0016	1.0		False
group_7415	2	0.0016	1.0		False
group_7408	2	0.0016	0.5		False
group_7399	2	0.0016	1.0		False
group_7381	2	0.0016	1.0		False
group_7378	2	0.0016	1.0		False
group_7355	2	0.0016	1.0		False
group_7341	2	0.0016	1.0		False
group_7333	2	0.0016	1.0		False
group_7332	2	0.0016	1.0		False
group_7315	2	0.0016	1.0		False
group_7314	2	0.0016	1.0		False
group_7313	2	0.0016	1.0		False
group_7312	2	0.0016	1.0		False
group_7311	2	0.0016	1.0		False
group_7307	2	0.0016	1.0		False
group_7306	2	0.0016	1.0		False
group_7302	2	0.0016	1.0		False
group_7301	2	0.0016	1.0		False
group_7298	2	0.0016	1.0		False
group_7295	2	0.0016	1.0		False
group_7294	2	0.0016	1.0		False
group_7293	2	0.0016	1.0		False
group_7290	2	0.0016	1.0		False
group_7286	2	0.0016	1.0		False
group_7285	2	0.0016	1.0		False
group_7284	2	0.0016	1.0		False
group_7276	2	0.0016	1.0		False
group_7275	2	0.0016	1.0		False
group_7274	2	0.0016	1.0		False
group_7273	2	0.0016	1.0		False
group_7272	2	0.0016	1.0		False
group_7271	2	0.0016	1.0		False
group_7270	2	0.0016	1.0		False
group_7269	2	0.0016	1.0		False
group_7268	2	0.0016	1.0		False
group_7267	2	0.0016	1.0		False
group_7266	2	0.0016	1.0		False
group_7265	2	0.0016	1.0		False
group_7264	2	0.0016	1.0		False
group_7263	2	0.0016	1.0		False
group_7262	2	0.0016	1.0		False
group_7261	2	0.0016	1.0		False
group_7260	2	0.0016	1.0		False
group_7259	2	0.0016	1.0		False
group_7258	2	0.0016	1.0		False
group_7257	2	0.0016	1.0		False
group_7247	2	0.0016	1.0		False
group_7246	2	0.0016	1.0		False
group_7245	2	0.0016	1.0		False
see	2	0.0016	1.0		False
group_7235	2	0.0016	1.0		False
group_7226	2	0.0016	1.0		False
group_7223	2	0.0016	1.0		False
group_7221	2	0.0016	1.0		False
group_7219	2	0.0016	1.0		False
group_7210	2	0.0016	1.0		False
group_7207	2	0.0016	1.0		False
group_7206	2	0.0016	1.0		False
group_7205	2	0.0016	1.0		False
group_7204	2	0.0016	1.0		False
group_7195	2	0.0016	1.0		False
group_7188	2	0.0016	1.0		False
group_7186	2	0.0016	1.0		False
group_7178	2	0.0016	1.0		False
group_7171	2	0.0016	1.0		False
group_7169	2	0.0016	1.0		False
group_7168	2	0.0016	1.0		False
group_7167	2	0.0016	1.0		False
group_7166	2	0.0016	1.0		False
group_7159	2	0.0016	1.0		False
group_7157	2	0.0016	1.0		False
group_7156	2	0.0016	1.0		False
group_7155	2	0.0016	1.0		False
group_7153	2	0.0016	1.0		False
group_7152	2	0.0016	1.0		False
group_7151	2	0.0016	1.0		False
group_7147	2	0.0016	1.0		False
group_7146	2	0.0016	1.0		False
group_7145	2	0.0016	1.0		False
group_7144	2	0.0016	1.0		False
group_7143	2	0.0016	1.0		False
group_7130	2	0.0016	1.0		False
group_7129	2	0.0016	1.0		False
group_7114	2	0.0016	1.0		False
group_7104	2	0.0016	1.0		False
group_7084	2	0.0016	1.0		False
group_7052	2	0.0016	1.0		False
group_7043	2	0.0016	1.0		False
group_7031	2	0.0016	1.0		False
group_7030	2	0.0016	1.0		False
group_7025	2	0.0016	1.0		False
group_7022	2	0.0016	1.0		False
group_7018	2	0.0016	1.0		False
group_7005	2	0.0016	1.0		False
group_6980	2	0.0016	1.0		False
group_6975	2	0.0016	1.0		False
group_6971	2	0.0016	1.0		False
group_6970	2	0.0016	1.0		False
group_6969	2	0.0016	1.0		False
group_6968	2	0.0016	1.0		False
group_6966	2	0.0016	1.0		False
group_6965	2	0.0016	1.0		False
group_6964	2	0.0016	1.0		False
group_6963	2	0.0016	1.0		False
group_6962	2	0.0016	1.0		False
group_6961	2	0.0016	1.0		False
group_6960	2	0.0016	1.0		False
group_6959	2	0.0016	1.0		False
group_6958	2	0.0016	1.0		False
group_6957	2	0.0016	1.0		False
group_6956	2	0.0016	1.0		False
group_6955	2	0.0016	1.0		False
group_6954	2	0.0016	1.0		False
group_6951	2	0.0016	1.0		False
group_6948	2	0.0016	1.0		False
group_6946	2	0.0016	1.0		False
group_6928	2	0.0016	1.0		False
group_6927	2	0.0016	1.0		False
group_6880	2	0.0016	1.0		False
group_6879	2	0.0016	1.0		False
group_6877	2	0.0016	1.0		False
group_6876	2	0.0016	1.0		False
group_6866	2	0.0016	1.0		False
group_6865	2	0.0016	1.0		False
group_6863	2	0.0016	1.0		False
group_6860	2	0.0016	1.0		False
group_6858	2	0.0016	1.0		False
group_6851	2	0.0016	1.0		False
group_6850	2	0.0016	1.0		False
group_6849	2	0.0016	1.0		False
group_6848	2	0.0016	1.0		False
group_6847	2	0.0016	1.0		False
group_6845	2	0.0016	1.0		False
group_6839	2	0.0016	1.0		False
group_6827	2	0.0016	1.0		False
group_6826	2	0.0016	1.0		False
group_6825	2	0.0016	1.0		False
group_6815	2	0.0016	1.0		False
group_6813	2	0.0016	1.0		False
group_6812	2	0.0016	1.0		False
group_6811	2	0.0016	1.0		False
group_6810	2	0.0016	1.0		False
group_6791	2	0.0016	1.0		False
group_6760	2	0.0016	1.0		False
group_6757	2	0.0016	1.0		False
group_6756	2	0.0016	1.0		False
group_6741	2	0.0016	1.0		False
group_6723	2	0.0016	1.0		False
group_6722	2	0.0016	1.0		False
group_6721	2	0.0016	1.0		False
group_6720	2	0.0016	1.0		False
group_6718	2	0.0016	1.0		False
group_6714	2	0.0016	1.0		False
group_6712	2	0.0016	1.0		False
group_6711	2	0.0016	1.0		False
group_6708	2	0.0016	1.0		False
group_6707	2	0.0016	1.0		False
group_6706	2	0.0016	1.0		False
group_6705	2	0.0016	1.0		False
group_6704	2	0.0016	1.0		False
group_6702	2	0.0016	1.0		False
group_6701	2	0.0016	1.0		False
group_6699	2	0.0016	1.0		False
group_6698	2	0.0016	1.0		False
group_6693	2	0.0016	1.0		False
group_6691	2	0.0016	1.0		False
group_6688	2	0.0016	1.0		False
group_6682	2	0.0016	1.0		False
group_6681	2	0.0016	1.0		False
group_6679	2	0.0016	1.0		False
alwI	2	0.0016	1.0		False
group_6676	2	0.0016	1.0		False
group_6675	2	0.0016	1.0		False
group_6672	2	0.0016	1.0		False
mptD	2	0.0016	1.0		False
group_6665	2	0.0016	1.0		False
group_6664	2	0.0016	1.0		False
group_6663	2	0.0016	1.0		False
group_6662	2	0.0016	1.0		False
group_6658	2	0.0016	1.0		False
group_6657	2	0.0016	1.0		False
group_6656	2	0.0016	1.0		False
group_6655	2	0.0016	1.0		False
group_6650	2	0.0016	1.0		False
group_6649	2	0.0016	1.0		False
group_6644	2	0.0016	1.0		False
group_6643	2	0.0016	1.0		False
group_6641	2	0.0016	1.0		False
group_6640	2	0.0016	1.0		False
group_6639	2	0.0016	1.0		False
group_6631	2	0.0016	1.0		False
group_6625	2	0.0016	1.0		False
sec3	2	0.0016	1.0		False
group_6591	2	0.0016	1.0		False
group_6574	2	0.0016	1.0		False
group_6540	2	0.0016	1.0		False
group_6527	2	0.0016	1.0		False
group_6524	2	0.0016	1.0		False
group_6517	2	0.0016	1.0		False
group_6511	2	0.0016	1.0		False
group_6506	2	0.0016	1.0		False
group_6500	2	0.0016	1.0		False
group_6465	2	0.0016	1.0		False
group_6464	2	0.0016	1.0		False
group_6459	2	0.0016	1.0		False
group_6455	2	0.0016	1.0		False
group_6446	2	0.0016	1.0		False
group_6443	2	0.0016	1.0		False
group_6440	2	0.0016	1.0		False
group_6438	2	0.0016	1.0		False
group_6437	2	0.0016	1.0		False
group_6436	2	0.0016	1.0		False
group_6435	2	0.0016	1.0		False
group_6428	2	0.0016	1.0		False
group_6426	2	0.0016	1.0		False
group_6425	2	0.0016	1.0		False
group_6424	2	0.0016	1.0		False
group_6423	2	0.0016	1.0		False
group_6414	2	0.0016	1.0		False
group_6404	2	0.0016	1.0		False
group_6395	2	0.0016	1.0		False
group_6394	2	0.0016	1.0		False
group_6390	2	0.0016	1.0		False
group_6385	2	0.0016	1.0		False
group_6380	2	0.0016	1.0		False
group_6377	2	0.0016	1.0		False
group_6363	2	0.0016	1.0		False
group_6362	2	0.0016	1.0		False
group_6361	2	0.0016	1.0		False
group_6360	2	0.0016	1.0		False
group_6354	2	0.0016	1.0		False
group_6218	2	0.0016	1.0		False
group_6209	2	0.0016	1.0		False
group_6206	2	0.0016	1.0		False
group_6204	2	0.0016	1.0		False
group_6196	2	0.0016	1.0		False
group_6171	2	0.0016	1.0		False
group_6165	2	0.0016	1.0		False
group_6160	2	0.0016	1.0		False
group_6120	2	0.0016	1.0		False
group_6092	2	0.0016	1.0		False
group_6069	2	0.0016	1.0		False
group_6068	2	0.0016	1.0		False
group_6060	2	0.0016	1.0		False
group_6022	2	0.0016	1.0		False
group_6020	2	0.0016	1.0		False
group_6019	2	0.0016	1.0		False
group_6015	2	0.0016	1.0		False
group_6012	2	0.0016	1.0		False
group_5989	2	0.0016	1.0		False
group_5982	2	0.0016	1.0		False
group_5977	2	0.0016	1.0		False
group_5975	2	0.0016	1.0		False
group_5956	2	0.0016	1.0		False
group_5942	2	0.0016	1.0		False
group_5940	2	0.0016	1.0		False
group_5932	2	0.0016	1.0		False
group_5930	2	0.0016	1.0		False
group_5928	2	0.0016	1.0		False
group_5924	2	0.0016	1.0		False
group_5916	2	0.0016	1.0		False
group_5914	2	0.0016	1.0		False
group_5913	2	0.0016	1.0		False
group_5908	2	0.0016	1.0		False
group_5901	2	0.0016	1.0		False
group_5895	2	0.0016	1.0		False
group_5885	2	0.0016	1.0		False
group_5882	2	0.0016	1.0		False
group_5876	2	0.0016	1.0		False
group_5875	2	0.0016	1.0		False
group_5873	2	0.0016	1.0		False
group_5861	2	0.0016	1.0		False
group_5860	2	0.0016	1.0		False
group_5859	2	0.0016	1.0		False
group_5854	2	0.0016	1.0		False
group_5852	2	0.0016	1.0		False
group_5458	2	0.0016	1.0		False
group_5314	2	0.0016	1.0		False
group_5261	2	0.0016	1.0		False
group_5195	2	0.0016	1.0		False
group_5161	2	0.0016	1.0		False
yafV	2	0.0016	1.0		False
group_5045	2	0.0016	1.0		False
group_4930	2	0.0016	1.0		False
group_4909	2	0.0016	1.0		False
group_4741	2	0.0016	1.0		False
group_4713	2	0.0016	1.0		False
group_4669	2	0.0016	1.0		False
group_4663	2	0.0016	1.0		False
group_4424	2	0.0016	1.0		False
group_4386	2	0.0016	1.0		False
group_4307	2	0.0016	1.0		False
group_4268	2	0.0016	1.0		False
group_4205	2	0.0016	1.0		False
group_4194	2	0.0016	1.0		False
group_4180	2	0.0016	1.0		False
group_4139	2	0.0016	1.0		False
group_4119	2	0.0016	0.5		False
group_4101	2	0.0016	1.0		False
group_4098	2	0.0016	1.0		False
group_4091	2	0.0016	1.0		False
group_4089	2	0.0016	1.0		False
group_4067	2	0.0016	1.0		False
yhdG	2	0.0016	1.0		False
group_4051	2	0.0016	1.0		False
group_4050	2	0.0016	1.0		False
group_4010	2	0.0016	1.0		False
group_3988	2	0.0016	1.0		False
group_3876	2	0.0016	1.0		False
group_3870	2	0.0016	1.0		False
group_3807	2	0.0016	1.0		False
group_3805	2	0.0016	1.0		False
group_3802	2	0.0016	1.0		False
group_3773	2	0.0016	1.0		False
group_3754	2	0.0016	0.5		False
group_3738	2	0.0016	1.0		False
group_3696	2	0.0016	1.0		False
group_3672	2	0.0016	1.0		False
group_3668	2	0.0016	1.0		False
group_3654	2	0.0016	1.0		False
group_3641	2	0.0016	1.0		False
group_3638	2	0.0016	1.0		False
group_3614	2	0.0016	1.0		False
group_3604	2	0.0016	1.0		False
group_3592	2	0.0016	1.0		False
group_3492	2	0.0016	1.0		False
group_3475	2	0.0016	1.0		False
group_3365	2	0.0016	1.0		False
group_3283	2	0.0016	1.0		False
group_3273	2	0.0016	1.0		False
group_3239	2	0.0016	1.0		False
group_3222	2	0.0016	1.0		False
group_3197	2	0.0016	1.0		False
group_2938	2	0.0016	1.0		False
group_2920	2	0.0016	1.0		False
group_2909	2	0.0016	1.0		False
group_2905	2	0.0016	1.0		False
lexA	2	0.0016	1.0		False
group_2895	2	0.0016	1.0		False
group_2881	2	0.0016	1.0		False
group_2796	2	0.0016	1.0		False
group_2702	2	0.0016	1.0		False
group_2696	2	0.0016	1.0		False
group_2695	2	0.0016	1.0		False
group_2692	2	0.0016	1.0		False
group_2636	2	0.0016	1.0		False
group_2633	2	0.0016	1.0		False
group_2595	2	0.0016	1.0		False
group_2571	2	0.0016	1.0		False
group_2554	2	0.0016	1.0		False
group_2534	2	0.0016	1.0		False
group_2506	2	0.0016	1.0		False
group_2474	2	0.0016	1.0		False
group_2460	2	0.0016	1.0		False
group_2444	2	0.0016	1.0		False
group_2441	2	0.0016	1.0		False
group_2410	2	0.0016	1.0		False
group_2396	2	0.0016	1.0		False
group_2394	2	0.0016	1.0		False
group_2389	2	0.0016	1.0		False
group_2378	2	0.0016	1.0		False
group_2324	2	0.0016	1.0		False
group_2230	2	0.0016	1.0		False
group_2219	2	0.0016	1.0		False
group_2144	2	0.0016	1.0		False
group_2139	2	0.0016	1.0		False
group_2094	2	0.0016	1.0		False
group_2018	2	0.0016	1.0		False
group_1988	2	0.0016	1.0		False
femA	2	0.0016	1.0		False
group_1976	2	0.0016	1.0		False
group_1972	2	0.0016	1.0		False
group_1961	2	0.0016	1.0		False
group_1937	2	0.0016	1.0		False
group_1934	2	0.0016	1.0		False
group_1879	2	0.0016	1.0		False
group_1841	2	0.0016	1.0		False
group_1840	2	0.0016	1.0		False
group_1837	2	0.0016	1.0		False
group_1828	2	0.0016	1.0		False
group_1824	2	0.0016	1.0		False
group_1814	2	0.0016	1.0		False
group_1800	2	0.0016	1.0		False
group_1788	2	0.0016	1.0		False
group_1787	2	0.0016	1.0		False
group_1782	2	0.0016	1.0		False
group_1780	2	0.0016	1.0		False
group_1777	2	0.0016	1.0		False
group_1776	2	0.0016	1.0		False
group_1773	2	0.0016	1.0		False
group_1771	2	0.0016	1.0		False
group_1762	2	0.0016	1.0		False
group_1761	2	0.0016	1.0		False
group_1743	2	0.0016	1.0		False
group_1732	2	0.0016	1.0		False
group_1729	2	0.0016	1.0		False
group_1727	2	0.0016	1.0		False
group_1726	2	0.0016	1.0		False
group_1725	2	0.0016	1.0		False
group_1724	2	0.0016	1.0		False
group_1723	2	0.0016	1.0		False
group_1722	2	0.0016	1.0		False
group_1721	2	0.0016	1.0		False
group_1719	2	0.0016	1.0		False
group_1718	2	0.0016	1.0		False
group_1716	2	0.0016	1.0		False
group_1715	2	0.0016	1.0		False
group_1714	2	0.0016	1.0		False
group_1713	2	0.0016	1.0		False
group_1712	2	0.0016	1.0		False
group_1711	2	0.0016	1.0		False
group_1710	2	0.0016	1.0		False
group_1709	2	0.0016	1.0		False
group_1708	2	0.0016	1.0		False
group_1705	2	0.0016	1.0		False
group_1675	2	0.0016	1.0		False
group_1674	2	0.0016	1.0		False
group_1668	2	0.0016	1.0		False
group_1649	2	0.0016	1.0		False
group_1633	2	0.0016	1.0		False
group_1631	2	0.0016	1.0		False
group_1624	2	0.0016	1.0		False
group_1622	2	0.0016	1.0		False
group_1597	2	0.0016	1.0		False
group_1579	2	0.0016	1.0		False
dfrG	2	0.0016	1.0		False
group_1576	2	0.0016	1.0		False
group_1575	2	0.0016	1.0		False
group_1552	2	0.0016	1.0		False
group_1550	2	0.0016	1.0		False
group_1532	2	0.0016	1.0		False
group_1531	2	0.0016	1.0		False
group_1521	2	0.0016	1.0		False
group_1519	2	0.0016	1.0		False
group_1517	2	0.0016	1.0		False
group_1506	2	0.0016	1.0		False
group_1500	2	0.0016	1.0		False
group_1499	2	0.0016	1.0		False
group_1495	2	0.0016	1.0		False
group_1493	2	0.0016	1.0		False
group_1492	2	0.0016	1.0		False
group_1474	2	0.0016	1.0		False
group_1473	2	0.0016	1.0		False
group_1472	2	0.0016	1.0		False
group_1464	2	0.0016	1.0		False
group_1463	2	0.0016	1.0		False
group_1462	2	0.0016	1.0		False
group_1461	2	0.0016	1.0		False
group_1460	2	0.0016	1.0		False
group_1458	2	0.0016	1.0		False
group_1457	2	0.0016	1.0		False
group_1456	2	0.0016	1.0		False
group_1451	2	0.0016	1.0		False
tarP	2	0.0016	1.0		False
group_1420	2	0.0016	1.0		False
group_1399	2	0.0016	1.0		False
group_1398	2	0.0016	1.0		False
group_1397	2	0.0016	1.0		False
vraX	2	0.0016	1.0		False
group_1390	2	0.0016	1.0		False
group_1382	2	0.0016	1.0		False
group_1375	2	0.0016	1.0		False
group_1359	2	0.0016	1.0		False
group_1351	2	0.0016	1.0		False
group_1347	2	0.0016	1.0		False
group_1337	2	0.0016	1.0		False
group_1332	2	0.0016	1.0		False
group_1306	2	0.0016	1.0		False
group_1290	2	0.0016	1.0		False
group_1211	2	0.0016	0.5		False
group_1201	2	0.0016	1.0		False
group_1154	2	0.0016	1.0		False
group_1138	2	0.0016	1.0		False
group_1023	2	0.0016	1.0		False
group_1011	2	0.0016	1.0		False
group_981	2	0.0016	1.0		False
group_950	2	0.0016	1.0		False
group_935	2	0.0016	1.0		False
group_928	2	0.0016	1.0		False
group_895	2	0.0016	1.0		False
group_858	2	0.0016	1.0		False
group_844	2	0.0016	1.0		False
group_799	2	0.0016	1.0		False
group_632	2	0.0016	1.0		False
group_580	2	0.0016	1.0		False
group_559	2	0.0016	1.0		False
group_520	2	0.0016	1.0		False
group_515	2	0.0016	1.0		False
group_345	2	0.0016	1.0		False
group_138	2	0.0016	1.0		False
group_88	2	0.0016	1.0		False
group_62	2	0.0016	1.0		False
group_7601	1	0.0008	0.0		False
group_7391	1	0.0008	1.0		False
group_7282	1	0.0008	1.0		False
group_7256	1	0.0008	1.0		False
group_7240	1	0.0008	1.0		False
group_7234	1	0.0008	1.0		False
group_7233	1	0.0008	1.0		False
group_7232	1	0.0008	1.0		False
group_7224	1	0.0008	1.0		False
group_7189	1	0.0008	1.0		False
group_7158	1	0.0008	1.0		False
group_7150	1	0.0008	1.0		False
group_7148	1	0.0008	1.0		False
group_7131	1	0.0008	1.0		False
group_7120	1	0.0008	1.0		False
group_7117	1	0.0008	1.0		False
group_7115	1	0.0008	1.0		False
group_7113	1	0.0008	0.0		False
group_7112	1	0.0008	1.0		False
group_7111	1	0.0008	0.0		False
group_7110	1	0.0008	1.0		False
group_7109	1	0.0008	1.0		False
group_7108	1	0.0008	1.0		False
group_7107	1	0.0008	1.0		False
group_7106	1	0.0008	1.0		False
group_7105	1	0.0008	1.0		False
group_7102	1	0.0008	1.0		False
group_7101	1	0.0008	1.0		False
group_7099	1	0.0008	1.0		False
group_7098	1	0.0008	1.0		False
group_7097	1	0.0008	1.0		False
group_7096	1	0.0008	1.0		False
group_7095	1	0.0008	1.0		False
group_7094	1	0.0008	1.0		False
group_7093	1	0.0008	1.0		False
group_7092	1	0.0008	1.0		False
group_7091	1	0.0008	1.0		False
group_7090	1	0.0008	1.0		False
group_7089	1	0.0008	1.0		False
soxA	1	0.0008	1.0		False
group_7088	1	0.0008	1.0		False
group_7087	1	0.0008	1.0		False
group_7086	1	0.0008	1.0		False
group_7085	1	0.0008	1.0		False
group_7083	1	0.0008	1.0		False
group_7082	1	0.0008	1.0		False
group_7081	1	0.0008	1.0		False
group_7080	1	0.0008	1.0		False
group_7078	1	0.0008	1.0		False
group_7075	1	0.0008	1.0		False
group_7074	1	0.0008	1.0		False
group_7073	1	0.0008	1.0		False
group_7072	1	0.0008	1.0		False
group_7071	1	0.0008	1.0		False
group_7070	1	0.0008	1.0		False
group_7069	1	0.0008	1.0		False
group_7068	1	0.0008	1.0		False
group_7067	1	0.0008	1.0		False
group_7066	1	0.0008	1.0		False
group_7065	1	0.0008	1.0		False
group_7064	1	0.0008	1.0		False
group_7063	1	0.0008	1.0		False
group_7062	1	0.0008	1.0		False
group_7061	1	0.0008	1.0		False
group_7060	1	0.0008	1.0		False
group_7059	1	0.0008	1.0		False
group_7058	1	0.0008	1.0		False
group_7054	1	0.0008	1.0		False
group_7053	1	0.0008	1.0		False
group_7051	1	0.0008	1.0		False
group_7050	1	0.0008	1.0		False
group_7049	1	0.0008	1.0		False
group_7048	1	0.0008	1.0		False
group_7047	1	0.0008	1.0		False
group_7046	1	0.0008	1.0		False
group_7045	1	0.0008	1.0		False
group_7044	1	0.0008	1.0		False
group_7042	1	0.0008	1.0		False
group_7041	1	0.0008	1.0		False
group_7040	1	0.0008	1.0		False
group_7039	1	0.0008	1.0		False
group_7038	1	0.0008	1.0		False
group_7037	1	0.0008	1.0		False
group_7036	1	0.0008	1.0		False
group_7035	1	0.0008	1.0		False
ywnB	1	0.0008	1.0		False
group_7034	1	0.0008	1.0		False
group_7033	1	0.0008	1.0		False
group_7032	1	0.0008	1.0		False
group_7029	1	0.0008	1.0		False
group_7027	1	0.0008	1.0		False
group_7026	1	0.0008	1.0		False
group_7024	1	0.0008	1.0		False
group_7023	1	0.0008	1.0		False
group_7021	1	0.0008	1.0		False
group_7020	1	0.0008	1.0		False
group_7019	1	0.0008	1.0		False
group_7016	1	0.0008	1.0		False
group_7011	1	0.0008	1.0		False
group_7006	1	0.0008	1.0		False
group_7004	1	0.0008	1.0		False
group_7002	1	0.0008	1.0		False
group_7001	1	0.0008	1.0		False
group_7000	1	0.0008	1.0		False
group_6999	1	0.0008	1.0		False
group_6998	1	0.0008	1.0		False
group_6997	1	0.0008	1.0		False
group_6996	1	0.0008	1.0		False
group_6995	1	0.0008	1.0		False
group_6994	1	0.0008	1.0		False
group_6993	1	0.0008	1.0		False
group_6992	1	0.0008	1.0		False
group_6991	1	0.0008	1.0		False
group_6990	1	0.0008	1.0		False
group_6989	1	0.0008	1.0		False
group_6988	1	0.0008	1.0		False
group_6987	1	0.0008	1.0		False
group_6986	1	0.0008	1.0		False
group_6985	1	0.0008	1.0		False
group_6982	1	0.0008	1.0		False
group_6981	1	0.0008	1.0		False
group_6979	1	0.0008	1.0		False
group_6977	1	0.0008	1.0		False
group_6972	1	0.0008	1.0		False
group_6967	1	0.0008	1.0		False
group_6952	1	0.0008	1.0		False
group_6950	1	0.0008	1.0		False
group_6949	1	0.0008	1.0		False
group_6947	1	0.0008	1.0		False
group_6945	1	0.0008	1.0		False
group_6944	1	0.0008	1.0		False
group_6943	1	0.0008	1.0		False
group_6942	1	0.0008	1.0		False
group_6941	1	0.0008	1.0		False
group_6940	1	0.0008	1.0		False
group_6939	1	0.0008	1.0		False
group_6938	1	0.0008	1.0		False
group_6937	1	0.0008	1.0		False
group_6936	1	0.0008	1.0		False
group_6935	1	0.0008	1.0		False
group_6934	1	0.0008	1.0		False
group_6933	1	0.0008	1.0		False
group_6932	1	0.0008	1.0		False
group_6931	1	0.0008	1.0		False
group_6930	1	0.0008	1.0		False
group_6929	1	0.0008	1.0		False
group_6926	1	0.0008	1.0		False
group_6925	1	0.0008	1.0		False
group_6922	1	0.0008	1.0		False
group_6921	1	0.0008	1.0		False
group_6920	1	0.0008	1.0		False
group_6917	1	0.0008	1.0		False
group_6915	1	0.0008	1.0		False
group_6914	1	0.0008	1.0		False
group_6913	1	0.0008	1.0		False
group_6912	1	0.0008	1.0		False
group_6911	1	0.0008	1.0		False
group_6910	1	0.0008	1.0		False
group_6909	1	0.0008	1.0		False
group_6908	1	0.0008	1.0		False
group_6907	1	0.0008	1.0		False
group_6906	1	0.0008	1.0		False
group_6905	1	0.0008	1.0		False
group_6904	1	0.0008	1.0		False
group_6903	1	0.0008	1.0		False
group_6902	1	0.0008	1.0		False
group_6901	1	0.0008	1.0		False
group_6900	1	0.0008	1.0		False
group_6899	1	0.0008	1.0		False
group_6898	1	0.0008	1.0		False
group_6897	1	0.0008	1.0		False
group_6896	1	0.0008	1.0		False
group_6895	1	0.0008	1.0		False
group_6894	1	0.0008	1.0		False
group_6893	1	0.0008	1.0		False
group_6892	1	0.0008	1.0		False
group_6891	1	0.0008	1.0		False
group_6890	1	0.0008	1.0		False
group_6889	1	0.0008	1.0		False
group_6888	1	0.0008	1.0		False
group_6887	1	0.0008	1.0		False
group_6886	1	0.0008	1.0		False
group_6885	1	0.0008	1.0		False
group_6884	1	0.0008	1.0		False
group_6883	1	0.0008	1.0		False
group_6882	1	0.0008	1.0		False
group_6881	1	0.0008	1.0		False
group_6878	1	0.0008	1.0		False
group_6875	1	0.0008	1.0		False
group_6874	1	0.0008	1.0		False
group_6873	1	0.0008	1.0		False
group_6872	1	0.0008	1.0		False
group_6871	1	0.0008	1.0		False
group_6870	1	0.0008	1.0		False
group_6869	1	0.0008	1.0		False
group_6868	1	0.0008	1.0		False
group_6867	1	0.0008	1.0		False
group_6864	1	0.0008	1.0		False
group_6859	1	0.0008	1.0		False
group_6857	1	0.0008	1.0		False
group_6856	1	0.0008	1.0		False
group_6855	1	0.0008	1.0		False
group_6854	1	0.0008	1.0		False
group_6853	1	0.0008	1.0		False
group_6846	1	0.0008	1.0		False
group_6844	1	0.0008	1.0		False
group_6843	1	0.0008	1.0		False
group_6842	1	0.0008	1.0		False
group_6841	1	0.0008	1.0		False
group_6840	1	0.0008	1.0		False
group_6837	1	0.0008	1.0		False
group_6836	1	0.0008	1.0		False
group_6835	1	0.0008	1.0		False
group_6828	1	0.0008	1.0		False
group_6824	1	0.0008	1.0		False
group_6821	1	0.0008	1.0		False
group_6820	1	0.0008	1.0		False
group_6819	1	0.0008	1.0		False
group_6818	1	0.0008	1.0		False
group_6817	1	0.0008	1.0		False
group_6816	1	0.0008	1.0		False
group_6809	1	0.0008	1.0		False
group_6808	1	0.0008	1.0		False
group_6806	1	0.0008	1.0		False
group_6805	1	0.0008	1.0		False
group_6804	1	0.0008	1.0		False
group_6794	1	0.0008	1.0		False
group_6793	1	0.0008	1.0		False
group_6792	1	0.0008	1.0		False
group_6790	1	0.0008	1.0		False
group_6789	1	0.0008	1.0		False
group_6788	1	0.0008	1.0		False
group_6787	1	0.0008	1.0		False
group_6786	1	0.0008	1.0		False
group_6785	1	0.0008	1.0		False
group_6784	1	0.0008	1.0		False
group_6783	1	0.0008	1.0		False
group_6782	1	0.0008	1.0		False
group_6779	1	0.0008	1.0		False
group_6778	1	0.0008	1.0		False
group_6777	1	0.0008	1.0		False
group_6776	1	0.0008	1.0		False
group_6775	1	0.0008	1.0		False
group_6774	1	0.0008	1.0		False
group_6773	1	0.0008	1.0		False
group_6769	1	0.0008	1.0		False
group_6768	1	0.0008	1.0		False
group_6767	1	0.0008	1.0		False
group_6766	1	0.0008	1.0		False
group_6765	1	0.0008	1.0		False
group_6763	1	0.0008	1.0		False
group_6762	1	0.0008	1.0		False
group_6761	1	0.0008	1.0		False
group_6759	1	0.0008	1.0		False
group_6758	1	0.0008	1.0		False
group_6745	1	0.0008	1.0		False
group_6743	1	0.0008	1.0		False
group_6742	1	0.0008	1.0		False
group_6719	1	0.0008	1.0		False
group_6715	1	0.0008	1.0		False
group_6713	1	0.0008	1.0		False
group_6710	1	0.0008	1.0		False
group_6709	1	0.0008	1.0		False
group_6703	1	0.0008	1.0		False
group_6700	1	0.0008	1.0		False
group_6697	1	0.0008	1.0		False
group_6692	1	0.0008	1.0		False
group_6690	1	0.0008	1.0		False
group_6689	1	0.0008	1.0		False
group_6684	1	0.0008	1.0		False
group_6680	1	0.0008	1.0		False
group_6678	1	0.0008	1.0		False
group_6677	1	0.0008	1.0		False
group_6674	1	0.0008	1.0		False
group_6669	1	0.0008	1.0		False
group_6668	1	0.0008	1.0		False
group_6659	1	0.0008	1.0		False
group_6651	1	0.0008	1.0		False
group_6646	1	0.0008	1.0		False
group_6645	1	0.0008	1.0		False
group_6638	1	0.0008	1.0		False
group_6637	1	0.0008	1.0		False
group_6632	1	0.0008	1.0		False
group_6629	1	0.0008	1.0		False
group_6628	1	0.0008	1.0		False
group_6627	1	0.0008	1.0		False
group_6626	1	0.0008	1.0		False
group_6624	1	0.0008	1.0		False
group_6623	1	0.0008	1.0		False
group_6622	1	0.0008	1.0		False
group_6621	1	0.0008	1.0		False
group_6620	1	0.0008	1.0		False
group_6619	1	0.0008	1.0		False
group_6617	1	0.0008	1.0		False
group_6616	1	0.0008	1.0		False
group_6615	1	0.0008	1.0		False
group_6614	1	0.0008	1.0		False
group_6613	1	0.0008	1.0		False
group_6612	1	0.0008	1.0		False
group_6611	1	0.0008	1.0		False
group_6610	1	0.0008	1.0		False
group_6609	1	0.0008	1.0		False
group_6608	1	0.0008	1.0		False
group_6607	1	0.0008	1.0		False
group_6606	1	0.0008	1.0		False
group_6605	1	0.0008	1.0		False
group_6604	1	0.0008	1.0		False
group_6603	1	0.0008	1.0		False
group_6602	1	0.0008	1.0		False
group_6601	1	0.0008	1.0		False
group_6600	1	0.0008	1.0		False
group_6599	1	0.0008	1.0		False
group_6598	1	0.0008	1.0		False
group_6597	1	0.0008	1.0		False
group_6596	1	0.0008	1.0		False
group_6595	1	0.0008	1.0		False
group_6594	1	0.0008	1.0		False
group_6593	1	0.0008	1.0		False
group_6592	1	0.0008	1.0		False
group_6579	1	0.0008	1.0		False
group_6544	1	0.0008	1.0		False
group_6543	1	0.0008	1.0		False
group_6542	1	0.0008	1.0		False
group_6541	1	0.0008	1.0		False
group_6536	1	0.0008	1.0		False
group_6535	1	0.0008	1.0		False
group_6533	1	0.0008	1.0		False
group_6532	1	0.0008	1.0		False
group_6528	1	0.0008	1.0		False
group_6526	1	0.0008	1.0		False
group_6525	1	0.0008	1.0		False
group_6523	1	0.0008	1.0		False
group_6522	1	0.0008	1.0		False
group_6521	1	0.0008	1.0		False
group_6519	1	0.0008	1.0		False
group_6518	1	0.0008	1.0		False
group_6516	1	0.0008	1.0		False
group_6515	1	0.0008	1.0		False
group_6514	1	0.0008	1.0		False
group_6513	1	0.0008	1.0		False
group_6512	1	0.0008	1.0		False
group_6510	1	0.0008	1.0		False
group_6509	1	0.0008	1.0		False
group_6508	1	0.0008	1.0		False
group_6507	1	0.0008	1.0		False
group_6505	1	0.0008	1.0		False
group_6503	1	0.0008	1.0		False
group_6502	1	0.0008	1.0		False
group_6501	1	0.0008	1.0		False
group_6499	1	0.0008	1.0		False
group_6456	1	0.0008	1.0		False
group_6454	1	0.0008	1.0		False
group_6453	1	0.0008	1.0		False
group_6451	1	0.0008	1.0		False
group_6445	1	0.0008	1.0		False
group_6442	1	0.0008	1.0		False
group_6441	1	0.0008	1.0		False
group_6434	1	0.0008	1.0		False
group_6433	1	0.0008	1.0		False
group_6427	1	0.0008	1.0		False
group_6422	1	0.0008	1.0		False
group_6421	1	0.0008	1.0		False
group_6420	1	0.0008	1.0		False
group_6419	1	0.0008	1.0		False
group_6418	1	0.0008	1.0		False
group_6417	1	0.0008	1.0		False
group_6416	1	0.0008	1.0		False
group_6415	1	0.0008	1.0		False
group_6413	1	0.0008	1.0		False
group_6412	1	0.0008	1.0		False
group_6411	1	0.0008	1.0		False
group_6410	1	0.0008	1.0		False
group_6409	1	0.0008	1.0		False
group_6408	1	0.0008	1.0		False
group_6407	1	0.0008	1.0		False
group_6406	1	0.0008	1.0		False
group_6405	1	0.0008	1.0		False
group_6403	1	0.0008	1.0		False
group_6402	1	0.0008	1.0		False
group_6401	1	0.0008	1.0		False
group_6400	1	0.0008	1.0		False
group_6399	1	0.0008	1.0		False
group_6398	1	0.0008	1.0		False
group_6397	1	0.0008	1.0		False
group_6396	1	0.0008	1.0		False
group_6393	1	0.0008	1.0		False
group_6392	1	0.0008	1.0		False
group_6391	1	0.0008	1.0		False
group_6389	1	0.0008	1.0		False
group_6388	1	0.0008	1.0		False
group_6387	1	0.0008	1.0		False
group_6386	1	0.0008	1.0		False
group_6383	1	0.0008	1.0		False
group_6382	1	0.0008	1.0		False
group_6381	1	0.0008	1.0		False
group_6379	1	0.0008	1.0		False
group_6378	1	0.0008	1.0		False
group_6376	1	0.0008	1.0		False
group_6365	1	0.0008	1.0		False
group_6364	1	0.0008	1.0		False
group_6359	1	0.0008	1.0		False
group_6358	1	0.0008	1.0		False
group_6357	1	0.0008	1.0		False
group_6356	1	0.0008	1.0		False
group_6355	1	0.0008	1.0		False
group_6352	1	0.0008	1.0		False
group_6351	1	0.0008	1.0		False
group_6350	1	0.0008	1.0		False
group_6349	1	0.0008	1.0		False
group_6348	1	0.0008	1.0		False
group_6347	1	0.0008	1.0		False
group_6346	1	0.0008	1.0		False
group_6345	1	0.0008	1.0		False
group_6344	1	0.0008	1.0		False
group_6343	1	0.0008	1.0		False
group_6342	1	0.0008	1.0		False
group_6341	1	0.0008	1.0		False
group_6340	1	0.0008	1.0		False
group_6339	1	0.0008	1.0		False
group_6338	1	0.0008	1.0		False
group_6337	1	0.0008	1.0		False
group_6336	1	0.0008	1.0		False
group_6335	1	0.0008	1.0		False
group_6334	1	0.0008	1.0		False
group_6333	1	0.0008	1.0		False
group_6332	1	0.0008	1.0		False
group_6331	1	0.0008	1.0		False
group_6330	1	0.0008	1.0		False
group_6329	1	0.0008	1.0		False
group_6328	1	0.0008	1.0		False
group_6327	1	0.0008	1.0		False
group_6326	1	0.0008	1.0		False
group_6325	1	0.0008	1.0		False
group_6324	1	0.0008	1.0		False
group_6323	1	0.0008	1.0		False
group_6322	1	0.0008	1.0		False
group_6321	1	0.0008	1.0		False
group_6320	1	0.0008	1.0		False
group_6319	1	0.0008	1.0		False
ydeA	1	0.0008	1.0		False
group_6318	1	0.0008	1.0		False
virB4	1	0.0008	1.0		False
group_6317	1	0.0008	1.0		False
group_6316	1	0.0008	1.0		False
group_6315	1	0.0008	1.0		False
group_6314	1	0.0008	1.0		False
group_6313	1	0.0008	1.0		False
group_6312	1	0.0008	1.0		False
group_6311	1	0.0008	1.0		False
group_6310	1	0.0008	1.0		False
group_6309	1	0.0008	1.0		False
group_6308	1	0.0008	1.0		False
group_6307	1	0.0008	1.0		False
group_6306	1	0.0008	1.0		False
group_6305	1	0.0008	1.0		False
group_6304	1	0.0008	1.0		False
group_6303	1	0.0008	1.0		False
group_6302	1	0.0008	1.0		False
group_6301	1	0.0008	1.0		False
group_6300	1	0.0008	1.0		False
group_6299	1	0.0008	1.0		False
group_6298	1	0.0008	1.0		False
group_6297	1	0.0008	1.0		False
group_6296	1	0.0008	1.0		False
group_6295	1	0.0008	1.0		False
group_6294	1	0.0008	1.0		False
group_6293	1	0.0008	1.0		False
group_6292	1	0.0008	1.0		False
group_6291	1	0.0008	1.0		False
group_6290	1	0.0008	1.0		False
group_6289	1	0.0008	1.0		False
group_6288	1	0.0008	1.0		False
group_6287	1	0.0008	1.0		False
group_6286	1	0.0008	1.0		False
group_6285	1	0.0008	1.0		False
group_6284	1	0.0008	1.0		False
group_6283	1	0.0008	1.0		False
group_6282	1	0.0008	1.0		False
group_6281	1	0.0008	1.0		False
group_6280	1	0.0008	1.0		False
group_6279	1	0.0008	1.0		False
group_6278	1	0.0008	1.0		False
group_6277	1	0.0008	1.0		False
group_6276	1	0.0008	1.0		False
group_6275	1	0.0008	1.0		False
group_6274	1	0.0008	1.0		False
group_6273	1	0.0008	1.0		False
group_6272	1	0.0008	1.0		False
group_6271	1	0.0008	1.0		False
group_6270	1	0.0008	1.0		False
group_6269	1	0.0008	1.0		False
group_6268	1	0.0008	1.0		False
group_6267	1	0.0008	1.0		False
group_6266	1	0.0008	1.0		False
group_6265	1	0.0008	1.0		False
group_6264	1	0.0008	1.0		False
group_6263	1	0.0008	1.0		False
group_6262	1	0.0008	1.0		False
group_6261	1	0.0008	1.0		False
group_6260	1	0.0008	1.0		False
group_6259	1	0.0008	1.0		False
group_6258	1	0.0008	1.0		False
group_6257	1	0.0008	1.0		False
group_6256	1	0.0008	1.0		False
group_6255	1	0.0008	1.0		False
group_6254	1	0.0008	1.0		False
group_6253	1	0.0008	1.0		False
group_6252	1	0.0008	1.0		False
group_6251	1	0.0008	1.0		False
group_6250	1	0.0008	1.0		False
group_6249	1	0.0008	1.0		False
group_6248	1	0.0008	1.0		False
group_6247	1	0.0008	1.0		False
group_6246	1	0.0008	1.0		False
group_6245	1	0.0008	1.0		False
group_6244	1	0.0008	1.0		False
group_6243	1	0.0008	1.0		False
group_6242	1	0.0008	1.0		False
group_6241	1	0.0008	1.0		False
group_6240	1	0.0008	1.0		False
group_6239	1	0.0008	1.0		False
group_6238	1	0.0008	1.0		False
group_6237	1	0.0008	1.0		False
group_6236	1	0.0008	1.0		False
group_6235	1	0.0008	1.0		False
group_6234	1	0.0008	1.0		False
group_6233	1	0.0008	1.0		False
group_6232	1	0.0008	1.0		False
group_6231	1	0.0008	1.0		False
group_6230	1	0.0008	1.0		False
group_6229	1	0.0008	1.0		False
group_6228	1	0.0008	1.0		False
group_6227	1	0.0008	1.0		False
group_6223	1	0.0008	1.0		False
group_6222	1	0.0008	1.0		False
group_6221	1	0.0008	1.0		False
group_6220	1	0.0008	1.0		False
group_6219	1	0.0008	1.0		False
group_6217	1	0.0008	1.0		False
group_6216	1	0.0008	1.0		False
group_6215	1	0.0008	1.0		False
group_6214	1	0.0008	1.0		False
group_6213	1	0.0008	1.0		False
group_6212	1	0.0008	1.0		False
group_6210	1	0.0008	1.0		False
group_6208	1	0.0008	1.0		False
group_6207	1	0.0008	1.0		False
group_6205	1	0.0008	1.0		False
group_6203	1	0.0008	1.0		False
group_6202	1	0.0008	1.0		False
group_6201	1	0.0008	1.0		False
group_6200	1	0.0008	1.0		False
group_6199	1	0.0008	1.0		False
group_6198	1	0.0008	1.0		False
group_6197	1	0.0008	1.0		False
group_6194	1	0.0008	1.0		False
group_6193	1	0.0008	1.0		False
group_6188	1	0.0008	1.0		False
group_6187	1	0.0008	1.0		False
group_6186	1	0.0008	1.0		False
group_6185	1	0.0008	1.0		False
group_6184	1	0.0008	1.0		False
group_6183	1	0.0008	1.0		False
group_6182	1	0.0008	1.0		False
group_6181	1	0.0008	1.0		False
group_6180	1	0.0008	1.0		False
group_6179	1	0.0008	1.0		False
group_6178	1	0.0008	1.0		False
group_6177	1	0.0008	1.0		False
group_6176	1	0.0008	1.0		False
group_6175	1	0.0008	1.0		False
group_6174	1	0.0008	1.0		False
group_6173	1	0.0008	1.0		False
group_6172	1	0.0008	1.0		False
group_6167	1	0.0008	1.0		False
group_6166	1	0.0008	1.0		False
group_6161	1	0.0008	1.0		False
group_6158	1	0.0008	1.0		False
group_6157	1	0.0008	1.0		False
group_6145	1	0.0008	1.0		False
group_6144	1	0.0008	1.0		False
group_6142	1	0.0008	1.0		False
group_6141	1	0.0008	1.0		False
group_6140	1	0.0008	1.0		False
group_6139	1	0.0008	1.0		False
group_6138	1	0.0008	1.0		False
group_6136	1	0.0008	1.0		False
group_6135	1	0.0008	1.0		False
group_6134	1	0.0008	1.0		False
group_6133	1	0.0008	1.0		False
group_6132	1	0.0008	1.0		False
group_6131	1	0.0008	1.0		False
group_6130	1	0.0008	1.0		False
group_6129	1	0.0008	1.0		False
group_6128	1	0.0008	1.0		False
group_6127	1	0.0008	1.0		False
group_6126	1	0.0008	1.0		False
group_6125	1	0.0008	1.0		False
group_6124	1	0.0008	1.0		False
group_6123	1	0.0008	1.0		False
group_6122	1	0.0008	1.0		False
group_6121	1	0.0008	1.0		False
group_6119	1	0.0008	1.0		False
group_6118	1	0.0008	1.0		False
group_6117	1	0.0008	1.0		False
group_6116	1	0.0008	1.0		False
group_6115	1	0.0008	1.0		False
group_6114	1	0.0008	1.0		False
group_6108	1	0.0008	1.0		False
group_6096	1	0.0008	1.0		False
fexB	1	0.0008	1.0		False
group_6062	1	0.0008	1.0		False
group_6061	1	0.0008	1.0		False
group_6030	1	0.0008	1.0		False
group_6026	1	0.0008	1.0		False
group_6013	1	0.0008	1.0		False
group_6002	1	0.0008	1.0		False
group_6001	1	0.0008	1.0		False
group_5990	1	0.0008	1.0		False
group_5986	1	0.0008	1.0		False
group_5976	1	0.0008	1.0		False
group_5970	1	0.0008	1.0		False
group_5967	1	0.0008	1.0		False
group_5945	1	0.0008	1.0		False
group_5941	1	0.0008	1.0		False
group_5939	1	0.0008	1.0		False
group_5938	1	0.0008	1.0		False
group_5937	1	0.0008	1.0		False
group_5936	1	0.0008	1.0		False
group_5935	1	0.0008	1.0		False
group_5934	1	0.0008	1.0		False
group_5933	1	0.0008	1.0		False
group_5931	1	0.0008	1.0		False
group_5929	1	0.0008	1.0		False
group_5927	1	0.0008	1.0		False
group_5926	1	0.0008	1.0		False
group_5925	1	0.0008	1.0		False
group_5922	1	0.0008	1.0		False
group_5921	1	0.0008	1.0		False
group_5920	1	0.0008	1.0		False
group_5919	1	0.0008	1.0		False
group_5918	1	0.0008	1.0		False
group_5917	1	0.0008	1.0		False
group_5915	1	0.0008	1.0		False
group_5912	1	0.0008	1.0		False
group_5911	1	0.0008	1.0		False
group_5909	1	0.0008	1.0		False
group_5907	1	0.0008	1.0		False
group_5906	1	0.0008	1.0		False
group_5905	1	0.0008	1.0		False
group_5904	1	0.0008	1.0		False
group_5903	1	0.0008	1.0		False
group_5902	1	0.0008	1.0		False
group_5900	1	0.0008	1.0		False
group_5899	1	0.0008	1.0		False
group_5898	1	0.0008	1.0		False
group_5897	1	0.0008	1.0		False
group_5896	1	0.0008	1.0		False
group_5894	1	0.0008	1.0		False
group_5893	1	0.0008	1.0		False
group_5892	1	0.0008	1.0		False
group_5891	1	0.0008	1.0		False
group_5890	1	0.0008	1.0		False
group_5889	1	0.0008	1.0		False
group_5888	1	0.0008	1.0		False
group_5887	1	0.0008	1.0		False
group_5886	1	0.0008	1.0		False
group_5884	1	0.0008	1.0		False
group_5883	1	0.0008	1.0		False
group_5881	1	0.0008	1.0		False
group_5880	1	0.0008	1.0		False
group_5879	1	0.0008	1.0		False
group_5877	1	0.0008	1.0		False
group_5874	1	0.0008	1.0		False
group_5872	1	0.0008	1.0		False
group_5871	1	0.0008	1.0		False
group_5864	1	0.0008	1.0		False
group_5863	1	0.0008	1.0		False
group_5862	1	0.0008	1.0		False
group_5858	1	0.0008	1.0		False
group_5856	1	0.0008	1.0		False
group_5855	1	0.0008	1.0		False
group_5853	1	0.0008	1.0		False
group_5847	1	0.0008	1.0		False
group_5846	1	0.0008	1.0		False
group_5845	1	0.0008	1.0		False
group_5842	1	0.0008	1.0		False
group_5820	1	0.0008	1.0		False
group_5748	1	0.0008	1.0		False
group_5707	1	0.0008	1.0		False
group_5677	1	0.0008	1.0		False
group_5655	1	0.0008	1.0		False
group_5621	1	0.0008	1.0		False
group_5619	1	0.0008	1.0		False
group_5568	1	0.0008	1.0		False
group_5530	1	0.0008	1.0		False
group_5378	1	0.0008	1.0		False
group_5328	1	0.0008	1.0		False
group_5277	1	0.0008	1.0		False
group_5244	1	0.0008	1.0		False
group_5236	1	0.0008	1.0		False
group_5235	1	0.0008	1.0		False
group_5234	1	0.0008	1.0		False
group_5233	1	0.0008	1.0		False
group_5231	1	0.0008	1.0		False
group_5229	1	0.0008	1.0		False
group_5228	1	0.0008	1.0		False
group_5227	1	0.0008	1.0		False
group_5226	1	0.0008	1.0		False
group_5225	1	0.0008	1.0		False
group_5224	1	0.0008	1.0		False
group_5223	1	0.0008	1.0		False
group_5222	1	0.0008	1.0		False
group_5221	1	0.0008	1.0		False
group_5220	1	0.0008	1.0		False
group_5185	1	0.0008	1.0		False
group_5184	1	0.0008	1.0		False
group_5183	1	0.0008	1.0		False
group_5181	1	0.0008	1.0		False
group_5144	1	0.0008	1.0		False
group_5136	1	0.0008	1.0		False
group_5135	1	0.0008	1.0		False
group_5122	1	0.0008	1.0		False
group_5082	1	0.0008	1.0		False
group_5079	1	0.0008	1.0		False
group_5050	1	0.0008	1.0		False
group_5031	1	0.0008	1.0		False
group_4979	1	0.0008	1.0		False
group_4949	1	0.0008	1.0		False
group_4723	1	0.0008	1.0		False
group_4682	1	0.0008	1.0		False
group_4666	1	0.0008	1.0		False
group_4574	1	0.0008	1.0		False
group_4531	1	0.0008	1.0		False
group_4519	1	0.0008	1.0		False
group_4422	1	0.0008	1.0		False
group_4395	1	0.0008	1.0		False
group_4357	1	0.0008	1.0		False
group_4346	1	0.0008	1.0		False
group_4328	1	0.0008	1.0		False
group_4311	1	0.0008	1.0		False
group_4293	1	0.0008	1.0		False
group_4288	1	0.0008	1.0		False
group_4264	1	0.0008	1.0		False
group_4259	1	0.0008	1.0		False
group_4255	1	0.0008	1.0		False
group_4247	1	0.0008	1.0		False
group_4239	1	0.0008	1.0		False
group_4212	1	0.0008	1.0		False
group_4202	1	0.0008	1.0		False
group_4197	1	0.0008	1.0		False
group_4192	1	0.0008	1.0		False
group_4181	1	0.0008	1.0		False
group_4161	1	0.0008	1.0		False
group_4147	1	0.0008	1.0		False
group_4143	1	0.0008	1.0		False
group_4128	1	0.0008	1.0		False
group_4123	1	0.0008	1.0		False
group_4122	1	0.0008	1.0		False
group_4108	1	0.0008	1.0		False
group_4106	1	0.0008	1.0		False
group_4088	1	0.0008	1.0		False
group_4066	1	0.0008	1.0		False
group_4055	1	0.0008	1.0		False
group_4031	1	0.0008	1.0		False
group_4022	1	0.0008	1.0		False
group_4021	1	0.0008	1.0		False
group_4019	1	0.0008	1.0		False
group_4004	1	0.0008	1.0		False
group_3976	1	0.0008	1.0		False
group_3963	1	0.0008	1.0		False
group_3936	1	0.0008	1.0		False
group_3932	1	0.0008	1.0		False
group_3920	1	0.0008	1.0		False
group_3912	1	0.0008	1.0		False
group_3904	1	0.0008	1.0		False
group_3884	1	0.0008	1.0		False
group_3863	1	0.0008	1.0		False
group_3854	1	0.0008	1.0		False
group_3839	1	0.0008	1.0		False
group_3838	1	0.0008	1.0		False
group_3831	1	0.0008	1.0		False
group_3826	1	0.0008	1.0		False
group_3825	1	0.0008	1.0		False
group_3823	1	0.0008	1.0		False
group_3822	1	0.0008	1.0		False
group_3820	1	0.0008	1.0		False
group_3819	1	0.0008	1.0		False
group_3818	1	0.0008	1.0		False
htsC	1	0.0008	1.0		False
group_3816	1	0.0008	1.0		False
group_3812	1	0.0008	1.0		False
group_3810	1	0.0008	1.0		False
group_3809	1	0.0008	1.0		False
group_3799	1	0.0008	1.0		False
group_3797	1	0.0008	1.0		False
group_3794	1	0.0008	1.0		False
group_3791	1	0.0008	1.0		False
group_3788	1	0.0008	1.0		False
group_3771	1	0.0008	1.0		False
group_3761	1	0.0008	1.0		False
group_3760	1	0.0008	1.0		False
group_3753	1	0.0008	1.0		False
group_3737	1	0.0008	1.0		False
group_3734	1	0.0008	1.0		False
group_3733	1	0.0008	1.0		False
group_3726	1	0.0008	1.0		False
group_3715	1	0.0008	1.0		False
group_3713	1	0.0008	1.0		False
group_3691	1	0.0008	1.0		False
group_3690	1	0.0008	1.0		False
group_3688	1	0.0008	1.0		False
group_3673	1	0.0008	1.0		False
group_3670	1	0.0008	1.0		False
group_3660	1	0.0008	1.0		False
group_3651	1	0.0008	1.0		False
group_3648	1	0.0008	1.0		False
group_3647	1	0.0008	1.0		False
group_3640	1	0.0008	1.0		False
capB	1	0.0008	1.0		False
group_3624	1	0.0008	1.0		False
group_3602	1	0.0008	1.0		False
group_3598	1	0.0008	1.0		False
group_3596	1	0.0008	1.0		False
group_3590	1	0.0008	1.0		False
group_3577	1	0.0008	1.0		False
group_3572	1	0.0008	1.0		False
group_3563	1	0.0008	1.0		False
group_3555	1	0.0008	1.0		False
group_3539	1	0.0008	1.0		False
group_3523	1	0.0008	1.0		False
group_3497	1	0.0008	1.0		False
group_3496	1	0.0008	1.0		False
group_3490	1	0.0008	1.0		False
group_3484	1	0.0008	1.0		False
group_3479	1	0.0008	1.0		False
group_3469	1	0.0008	1.0		False
group_3458	1	0.0008	1.0		False
group_3450	1	0.0008	1.0		False
group_3437	1	0.0008	1.0		False
group_3429	1	0.0008	1.0		False
group_3425	1	0.0008	1.0		False
group_3383	1	0.0008	1.0		False
group_3354	1	0.0008	1.0		False
group_3348	1	0.0008	1.0		False
group_3337	1	0.0008	1.0		False
group_3334	1	0.0008	1.0		False
group_3330	1	0.0008	1.0		False
group_3315	1	0.0008	1.0		False
group_3301	1	0.0008	1.0		False
group_3295	1	0.0008	1.0		False
group_3281	1	0.0008	1.0		False
group_3275	1	0.0008	1.0		False
group_3274	1	0.0008	1.0		False
group_3266	1	0.0008	1.0		False
group_3257	1	0.0008	1.0		False
group_3256	1	0.0008	1.0		False
capC	1	0.0008	1.0		False
group_3243	1	0.0008	1.0		False
group_3238	1	0.0008	1.0		False
group_3235	1	0.0008	1.0		False
group_3196	1	0.0008	1.0		False
group_3179	1	0.0008	1.0		False
group_3176	1	0.0008	1.0		False
group_3173	1	0.0008	1.0		False
group_3161	1	0.0008	1.0		False
group_3150	1	0.0008	1.0		False
group_3139	1	0.0008	1.0		False
group_3115	1	0.0008	1.0		False
group_3105	1	0.0008	1.0		False
group_3103	1	0.0008	1.0		False
group_3101	1	0.0008	1.0		False
group_3095	1	0.0008	1.0		False
group_3086	1	0.0008	1.0		False
group_3074	1	0.0008	1.0		False
group_3064	1	0.0008	1.0		False
group_3063	1	0.0008	1.0		False
group_3062	1	0.0008	1.0		False
group_3061	1	0.0008	1.0		False
group_3058	1	0.0008	1.0		False
group_3048	1	0.0008	1.0		False
group_3034	1	0.0008	1.0		False
group_3031	1	0.0008	1.0		False
group_3019	1	0.0008	1.0		False
group_3018	1	0.0008	1.0		False
group_3017	1	0.0008	1.0		False
group_3004	1	0.0008	1.0		False
group_3003	1	0.0008	1.0		False
group_3002	1	0.0008	1.0		False
group_2981	1	0.0008	1.0		False
group_2979	1	0.0008	1.0		False
group_2974	1	0.0008	1.0		False
group_2973	1	0.0008	1.0		False
group_2969	1	0.0008	1.0		False
group_2945	1	0.0008	1.0		False
group_2944	1	0.0008	1.0		False
group_2943	1	0.0008	1.0		False
group_2942	1	0.0008	1.0		False
group_2941	1	0.0008	1.0		False
group_2917	1	0.0008	1.0		False
group_2914	1	0.0008	1.0		False
group_2911	1	0.0008	1.0		False
group_2903	1	0.0008	1.0		False
group_2896	1	0.0008	1.0		False
group_2887	1	0.0008	1.0		False
group_2886	1	0.0008	1.0		False
group_2873	1	0.0008	1.0		False
group_2869	1	0.0008	1.0		False
group_2865	1	0.0008	1.0		False
group_2846	1	0.0008	1.0		False
group_2818	1	0.0008	1.0		False
group_2816	1	0.0008	1.0		False
group_2801	1	0.0008	1.0		False
group_2787	1	0.0008	1.0		False
group_2762	1	0.0008	1.0		False
group_2757	1	0.0008	1.0		False
group_2756	1	0.0008	1.0		False
group_2753	1	0.0008	1.0		False
group_2745	1	0.0008	1.0		False
group_2743	1	0.0008	1.0		False
group_2742	1	0.0008	1.0		False
group_2741	1	0.0008	1.0		False
group_2740	1	0.0008	1.0		False
group_2739	1	0.0008	1.0		False
group_2733	1	0.0008	1.0		False
group_2721	1	0.0008	1.0		False
group_2720	1	0.0008	1.0		False
group_2716	1	0.0008	1.0		False
group_2714	1	0.0008	1.0		False
group_2712	1	0.0008	1.0		False
group_2711	1	0.0008	1.0		False
group_2699	1	0.0008	1.0		False
group_2697	1	0.0008	1.0		False
group_2648	1	0.0008	1.0		False
group_2643	1	0.0008	1.0		False
group_2641	1	0.0008	1.0		False
group_2621	1	0.0008	1.0		False
group_2607	1	0.0008	1.0		False
group_2605	1	0.0008	1.0		False
group_2604	1	0.0008	1.0		False
group_2591	1	0.0008	1.0		False
group_2575	1	0.0008	1.0		False
group_2553	1	0.0008	1.0		False
group_2541	1	0.0008	1.0		False
group_2535	1	0.0008	1.0		False
group_2528	1	0.0008	1.0		False
group_2527	1	0.0008	1.0		False
group_2526	1	0.0008	1.0		False
group_2509	1	0.0008	1.0		False
group_2500	1	0.0008	1.0		False
group_2499	1	0.0008	1.0		False
group_2498	1	0.0008	1.0		False
group_2486	1	0.0008	1.0		False
group_2483	1	0.0008	1.0		False
group_2471	1	0.0008	1.0		False
group_2463	1	0.0008	1.0		False
group_2462	1	0.0008	1.0		False
group_2454	1	0.0008	1.0		False
group_2453	1	0.0008	1.0		False
group_2439	1	0.0008	1.0		False
group_2437	1	0.0008	1.0		False
group_2435	1	0.0008	1.0		False
group_2430	1	0.0008	1.0		False
group_2428	1	0.0008	1.0		False
group_2422	1	0.0008	1.0		False
group_2418	1	0.0008	1.0		False
group_2403	1	0.0008	1.0		False
group_2402	1	0.0008	1.0		False
group_2401	1	0.0008	1.0		False
group_2399	1	0.0008	1.0		False
group_2397	1	0.0008	1.0		False
group_2395	1	0.0008	1.0		False
group_2386	1	0.0008	1.0		False
group_2377	1	0.0008	1.0		False
group_2364	1	0.0008	1.0		False
group_2358	1	0.0008	1.0		False
group_2357	1	0.0008	1.0		False
group_2355	1	0.0008	1.0		False
group_2354	1	0.0008	1.0		False
group_2353	1	0.0008	1.0		False
group_2343	1	0.0008	1.0		False
group_2333	1	0.0008	1.0		False
group_2325	1	0.0008	1.0		False
group_2321	1	0.0008	1.0		False
group_2314	1	0.0008	1.0		False
group_2301	1	0.0008	1.0		False
group_2297	1	0.0008	1.0		False
group_2288	1	0.0008	1.0		False
group_2286	1	0.0008	1.0		False
group_2283	1	0.0008	1.0		False
group_2276	1	0.0008	1.0		False
capH	1	0.0008	1.0		False
group_2262	1	0.0008	1.0		False
group_2251	1	0.0008	1.0		False
group_2239	1	0.0008	1.0		False
group_2232	1	0.0008	1.0		False
group_2223	1	0.0008	1.0		False
group_2218	1	0.0008	1.0		False
group_2202	1	0.0008	1.0		False
group_2201	1	0.0008	1.0		False
group_2200	1	0.0008	1.0		False
group_2199	1	0.0008	1.0		False
group_2198	1	0.0008	1.0		False
group_2197	1	0.0008	1.0		False
group_2196	1	0.0008	1.0		False
group_2195	1	0.0008	1.0		False
group_2194	1	0.0008	1.0		False
group_2174	1	0.0008	1.0		False
group_2168	1	0.0008	1.0		False
group_2166	1	0.0008	1.0		False
group_2149	1	0.0008	1.0		False
capM	1	0.0008	1.0		False
group_2143	1	0.0008	1.0		False
group_2134	1	0.0008	1.0		False
group_2121	1	0.0008	1.0		False
group_2114	1	0.0008	1.0		False
group_2110	1	0.0008	1.0		False
group_2106	1	0.0008	1.0		False
group_2101	1	0.0008	1.0		False
capJ	1	0.0008	1.0		False
group_2095	1	0.0008	1.0		False
group_2093	1	0.0008	1.0		False
group_2079	1	0.0008	1.0		False
group_2070	1	0.0008	1.0		False
group_2063	1	0.0008	1.0		False
capF	1	0.0008	1.0		False
group_2058	1	0.0008	1.0		False
group_2041	1	0.0008	1.0		False
group_2019	1	0.0008	1.0		False
group_1995	1	0.0008	1.0		False
group_1994	1	0.0008	1.0		False
group_1993	1	0.0008	1.0		False
group_1987	1	0.0008	1.0		False
group_1971	1	0.0008	1.0		False
group_1970	1	0.0008	1.0		False
group_1967	1	0.0008	1.0		False
group_1958	1	0.0008	1.0		False
group_1954	1	0.0008	1.0		False
group_1931	1	0.0008	1.0		False
group_1930	1	0.0008	1.0		False
group_1923	1	0.0008	1.0		False
group_1921	1	0.0008	1.0		False
group_1917	1	0.0008	1.0		False
group_1910	1	0.0008	1.0		False
group_1887	1	0.0008	1.0		False
capE	1	0.0008	1.0		False
group_1882	1	0.0008	1.0		False
group_1881	1	0.0008	1.0		False
group_1873	1	0.0008	1.0		False
capK	1	0.0008	1.0		False
group_1860	1	0.0008	1.0		False
group_1844	1	0.0008	1.0		False
group_1819	1	0.0008	1.0		False
group_1808	1	0.0008	1.0		False
group_1803	1	0.0008	1.0		False
group_1798	1	0.0008	1.0		False
group_1793	1	0.0008	1.0		False
group_1781	1	0.0008	1.0		False
group_1775	1	0.0008	1.0		False
group_1772	1	0.0008	1.0		False
group_1745	1	0.0008	1.0		False
group_1741	1	0.0008	1.0		False
group_1740	1	0.0008	1.0		False
group_1704	1	0.0008	1.0		False
group_1699	1	0.0008	1.0		False
group_1693	1	0.0008	1.0		False
group_1683	1	0.0008	1.0		False
group_1679	1	0.0008	1.0		False
group_1671	1	0.0008	1.0		False
group_1665	1	0.0008	1.0		False
group_1660	1	0.0008	1.0		False
group_1653	1	0.0008	1.0		False
group_1643	1	0.0008	1.0		False
group_1637	1	0.0008	1.0		False
group_1615	1	0.0008	1.0		False
group_1614	1	0.0008	1.0		False
group_1613	1	0.0008	1.0		False
group_1601	1	0.0008	1.0		False
group_1596	1	0.0008	1.0		False
group_1595	1	0.0008	1.0		False
group_1586	1	0.0008	1.0		False
group_1585	1	0.0008	1.0		False
group_1584	1	0.0008	1.0		False
group_1583	1	0.0008	1.0		False
group_1582	1	0.0008	1.0		False
lytH	1	0.0008	1.0		False
group_1581	1	0.0008	1.0		False
group_1573	1	0.0008	1.0		False
group_1571	1	0.0008	1.0		False
group_1563	1	0.0008	1.0		False
group_1562	1	0.0008	1.0		False
group_1561	1	0.0008	1.0		False
group_1560	1	0.0008	1.0		False
group_1559	1	0.0008	1.0		False
group_1558	1	0.0008	1.0		False
group_1557	1	0.0008	1.0		False
group_1556	1	0.0008	1.0		False
group_1555	1	0.0008	1.0		False
group_1554	1	0.0008	1.0		False
group_1553	1	0.0008	1.0		False
group_1549	1	0.0008	1.0		False
group_1542	1	0.0008	1.0		False
group_1540	1	0.0008	1.0		False
capD	1	0.0008	1.0		False
group_1530	1	0.0008	1.0		False
group_1516	1	0.0008	1.0		False
group_1501	1	0.0008	1.0		False
group_1494	1	0.0008	1.0		False
group_1490	1	0.0008	1.0		False
group_1482	1	0.0008	1.0		False
group_1481	1	0.0008	1.0		False
group_1450	1	0.0008	1.0		False
group_1447	1	0.0008	1.0		False
group_1441	1	0.0008	1.0		False
group_1432	1	0.0008	1.0		False
group_1419	1	0.0008	1.0		False
group_1418	1	0.0008	1.0		False
group_1403	1	0.0008	1.0		False
group_1396	1	0.0008	1.0		False
group_1394	1	0.0008	1.0		False
sspB	1	0.0008	1.0		False
mraZ	1	0.0008	1.0		False
group_1377	1	0.0008	1.0		False
cshB	1	0.0008	1.0		False
group_1357	1	0.0008	1.0		False
group_1355	1	0.0008	1.0		False
group_1352	1	0.0008	1.0		False
group_1350	1	0.0008	1.0		False
group_1348	1	0.0008	1.0		False
group_1346	1	0.0008	1.0		False
group_1344	1	0.0008	1.0		False
group_1341	1	0.0008	1.0		False
group_1317	1	0.0008	1.0		False
group_1314	1	0.0008	1.0		False
group_1087	1	0.0008	1.0		False
group_1076	1	0.0008	1.0		False
group_1014	1	0.0008	1.0		False
sepA	1	0.0008	1.0		False
group_1010	1	0.0008	1.0		False
group_1007	1	0.0008	1.0		False
group_767	1	0.0008	1.0		False
group_766	1	0.0008	1.0		False
group_765	1	0.0008	1.0		False
group_762	1	0.0008	1.0		False
group_712	1	0.0008	1.0		False
group_658	1	0.0008	1.0		False
group_628	1	0.0008	1.0		False
group_620	1	0.0008	1.0		False
group_604	1	0.0008	1.0		False
group_469	1	0.0008	1.0		False
group_429	1	0.0008	1.0		False
sdrD	1	0.0008	1.0	hostile_repeat_protein	False
group_286	1	0.0008	1.0		False
group_285	1	0.0008	1.0		False
group_260	1	0.0008	1.0		False
group_219	1	0.0008	1.0		False
group_20	1	0.0008	1.0		False
